,state,account length,area code,phone number,international plan,voice mail plan,number vmail messages,total day minutes,total day calls,total day charge,total eve minutes,total eve calls,total eve charge,total night minutes,total night calls,total night charge,total intl minutes,total intl calls,total intl charge,customer service calls,churn,Total Minutes,Total Calls,Total Charge,Churn Count,Costomer Service Frequency,User Value
0,KS,128,415,382-4657,no,yes,25,265.1,110,45.07,197.4,99,16.78,244.7,91,11.01,10.0,3,2.7,1,False,717.2,303,75.56,0,Low,High User
1,OH,107,415,371-7191,no,yes,26,161.6,123,27.47,195.5,103,16.62,254.4,103,11.45,13.7,3,3.7,1,False,625.2,332,59.24000000000001,0,Low,High User
2,NJ,137,415,358-1921,no,no,0,243.4,114,41.38,121.2,110,10.3,162.6,104,7.32,12.2,5,3.29,0,False,539.4000000000001,333,62.290000000000006,0,Low,Medium User
3,OH,84,408,375-9999,yes,no,0,299.4,71,50.9,61.9,88,5.26,196.9,89,8.86,6.6,7,1.78,2,False,564.8,255,66.8,0,Medium,Medium User
4,OK,75,415,330-6626,yes,no,0,166.7,113,28.34,148.3,122,12.61,186.9,121,8.41,10.1,3,2.73,3,False,512.0,359,52.089999999999996,0,Medium,Medium User
5,AL,118,510,391-8027,yes,no,0,223.4,98,37.98,220.6,101,18.75,203.9,118,9.18,6.3,6,1.7,0,False,654.1999999999999,323,67.61,0,Low,High User
6,MA,121,510,355-9993,no,yes,24,218.2,88,37.09,348.5,108,29.62,212.6,118,9.57,7.5,7,2.03,3,False,786.8000000000001,321,78.31,0,Medium,High User
7,MO,147,415,329-9001,yes,no,0,157.0,79,26.69,103.1,94,8.76,211.8,96,9.53,7.1,6,1.92,0,False,479.00000000000006,275,46.900000000000006,0,Low,Low User
8,LA,117,408,335-4719,no,no,0,184.5,97,31.37,351.6,80,29.89,215.8,90,9.71,8.7,4,2.35,1,False,760.6000000000001,271,73.32,0,Low,High User
9,WV,141,415,330-8173,yes,yes,37,258.6,84,43.96,222.0,111,18.87,326.4,97,14.69,11.2,5,3.02,0,False,818.2,297,80.53999999999999,0,Low,High User
10,IN,65,415,329-6603,no,no,0,129.1,137,21.95,228.5,83,19.42,208.8,111,9.4,12.7,6,3.43,4,True,579.1000000000001,337,54.2,1,High,Medium User
11,RI,74,415,344-9403,no,no,0,187.7,127,31.91,163.4,148,13.89,196.0,94,8.82,9.1,5,2.46,0,False,556.2,374,57.08,0,Low,Medium User
12,IA,168,408,363-1107,no,no,0,128.8,96,21.9,104.9,71,8.92,141.1,128,6.35,11.2,2,3.02,1,False,386.0,297,40.190000000000005,0,Low,Low User
13,MT,95,510,394-8006,no,no,0,156.6,88,26.62,247.6,75,21.05,192.3,115,8.65,12.3,5,3.32,3,False,608.8,283,59.64,0,Medium,High User
14,IA,62,415,366-9238,no,no,0,120.7,70,20.52,307.2,76,26.11,203.0,99,9.14,13.1,6,3.54,4,False,644.0,251,59.309999999999995,0,High,High User
15,NY,161,415,351-7269,no,no,0,332.9,67,56.59,317.8,97,27.01,160.6,128,7.23,5.4,9,1.46,4,True,816.7,301,92.29,1,High,High User
16,ID,85,408,350-8884,no,yes,27,196.4,139,33.39,280.9,90,23.88,89.3,75,4.02,13.8,4,3.73,1,False,580.3999999999999,308,65.02,0,Low,Medium User
17,VT,93,510,386-2923,no,no,0,190.7,114,32.42,218.2,111,18.55,129.6,121,5.83,8.1,3,2.19,3,False,546.6,349,58.989999999999995,0,Medium,Medium User
18,VA,76,510,356-2992,no,yes,33,189.7,66,32.25,212.8,65,18.09,165.7,108,7.46,10.0,5,2.7,1,False,578.2,244,60.50000000000001,0,Low,Medium User
19,TX,73,415,373-2782,no,no,0,224.4,90,38.15,159.5,88,13.56,192.8,74,8.68,13.0,2,3.51,1,False,589.7,254,63.9,0,Low,Medium User
20,FL,147,415,396-5800,no,no,0,155.1,117,26.37,239.7,93,20.37,208.8,133,9.4,10.6,4,2.86,0,False,614.1999999999999,347,59.0,0,Low,High User
21,CO,77,408,393-7984,no,no,0,62.4,89,10.61,169.9,121,14.44,209.6,64,9.43,5.7,6,1.54,5,True,447.59999999999997,280,36.019999999999996,1,High,Low User
22,AZ,130,415,358-1958,no,no,0,183.0,112,31.11,72.9,99,6.2,181.8,78,8.18,9.5,19,2.57,0,False,447.20000000000005,308,48.06,0,Low,Low User
23,SC,111,415,350-2565,no,no,0,110.4,103,18.77,137.3,102,11.67,189.6,105,8.53,7.7,6,2.08,2,False,445.0,316,41.05,0,Medium,Low User
24,VA,132,510,343-4696,no,no,0,81.1,86,13.79,245.2,72,20.84,237.0,115,10.67,10.3,2,2.78,0,False,573.5999999999999,275,48.08,0,Low,Medium User
25,NE,174,415,331-3698,no,no,0,124.3,76,21.13,277.1,112,23.55,250.7,115,11.28,15.5,5,4.19,3,False,667.6,308,60.15,0,Medium,High User
26,WY,57,408,357-3817,no,yes,39,213.0,115,36.21,191.1,112,16.24,182.7,115,8.22,9.5,3,2.57,0,False,596.3,345,63.24,0,Low,Medium User
27,MT,54,408,418-6412,no,no,0,134.3,73,22.83,155.5,100,13.22,102.1,68,4.59,14.7,4,3.97,3,False,406.59999999999997,245,44.61,0,Medium,Low User
28,MO,20,415,353-2630,no,no,0,190.0,109,32.3,258.2,84,21.95,181.5,102,8.17,6.3,6,1.7,0,False,636.0,301,64.12,0,Low,High User
29,HI,49,510,410-7789,no,no,0,119.3,117,20.28,215.1,109,18.28,178.7,90,8.04,11.1,1,3.0,1,False,524.1999999999999,317,49.6,0,Low,Medium User
30,IL,142,415,416-8428,no,no,0,84.8,95,14.42,136.7,63,11.62,250.5,148,11.27,14.2,6,3.83,2,False,486.2,312,41.14,0,Medium,Low User
31,NH,75,510,370-3359,no,no,0,226.1,105,38.44,201.5,107,17.13,246.2,98,11.08,10.3,5,2.78,1,False,684.0999999999999,315,69.42999999999999,0,Low,High User
32,LA,172,408,383-1121,no,no,0,212.0,121,36.04,31.2,115,2.65,293.3,78,13.2,12.6,10,3.4,3,False,549.1,324,55.29,0,Medium,Medium User
33,AZ,12,408,360-1596,no,no,0,249.6,118,42.43,252.4,119,21.45,280.2,90,12.61,11.8,3,3.19,1,True,794.0,330,79.67999999999999,1,Low,High User
34,OK,57,408,395-2854,no,yes,25,176.8,94,30.06,195.0,75,16.58,213.5,116,9.61,8.3,4,2.24,0,False,593.5999999999999,289,58.49,0,Low,Medium User
35,GA,72,415,362-1407,no,yes,37,220.0,80,37.4,217.3,102,18.47,152.8,71,6.88,14.7,6,3.97,3,False,604.8000000000001,259,66.72,0,Medium,High User
36,AK,36,408,341-9764,no,yes,30,146.3,128,24.87,162.5,80,13.81,129.3,109,5.82,14.5,6,3.92,0,False,452.6,323,48.42,0,Low,Low User
37,MA,78,415,353-3305,no,no,0,130.8,64,22.24,223.7,116,19.01,227.8,108,10.25,10.0,5,2.7,1,False,592.3,293,54.2,0,Low,Medium User
38,AK,136,415,402-1381,yes,yes,33,203.9,106,34.66,187.6,99,15.95,101.7,107,4.58,10.5,6,2.84,3,False,503.7,318,58.03,0,Medium,Medium User
39,NJ,149,408,332-9891,no,no,0,140.4,94,23.87,271.8,92,23.1,188.3,108,8.47,11.1,9,3.0,1,False,611.6,303,58.44,0,Low,High User
40,GA,98,408,372-9976,no,no,0,126.3,102,21.47,166.8,85,14.18,187.8,135,8.45,9.4,2,2.54,3,False,490.3,324,46.63999999999999,0,Medium,Low User
41,MD,135,408,383-6029,yes,yes,41,173.1,85,29.43,203.9,107,17.33,122.2,78,5.5,14.6,15,3.94,0,True,513.8,285,56.199999999999996,1,Low,Medium User
42,AR,34,510,353-7289,no,no,0,124.8,82,21.22,282.2,98,23.99,311.5,78,14.02,10.0,4,2.7,2,False,728.5,262,61.92999999999999,0,Medium,High User
43,ID,160,415,390-7274,no,no,0,85.8,77,14.59,165.3,110,14.05,178.5,92,8.03,9.2,4,2.48,3,False,438.8,283,39.15,0,Medium,Low User
44,WI,64,510,352-1237,no,no,0,154.0,67,26.18,225.8,118,19.19,265.3,86,11.94,3.5,3,0.95,1,False,648.6,274,58.260000000000005,0,Low,High User
45,OR,59,408,353-3061,no,yes,28,120.9,97,20.55,213.0,92,18.11,163.1,116,7.34,8.5,5,2.3,2,False,505.5,310,48.3,0,Medium,Medium User
46,MI,65,415,363-5450,no,no,0,211.3,120,35.92,162.6,122,13.82,134.7,118,6.06,13.2,5,3.56,3,False,521.8,365,59.36000000000001,0,Medium,Medium User
47,DE,142,408,364-1995,no,no,0,187.0,133,31.79,134.6,74,11.44,242.2,127,10.9,7.4,5,2.0,2,False,571.1999999999999,339,56.129999999999995,0,Medium,Medium User
48,ID,119,415,398-1294,no,no,0,159.1,114,27.05,231.3,117,19.66,143.2,91,6.44,8.8,3,2.38,5,True,542.3999999999999,325,55.53,1,High,Medium User
49,WY,97,415,405-7146,no,yes,24,133.2,135,22.64,217.2,58,18.46,70.6,79,3.18,11.0,3,2.97,1,False,432.0,275,47.25,0,Low,Low User
50,IA,52,408,413-4957,no,no,0,191.9,108,32.62,269.8,96,22.93,236.8,87,10.66,7.8,5,2.11,3,False,706.3,296,68.32,0,Medium,High User
51,IN,60,408,420-5645,no,no,0,220.6,57,37.5,211.1,115,17.94,249.0,129,11.21,6.8,3,1.84,1,False,687.5,304,68.49000000000001,0,Low,High User
52,VA,10,408,349-4396,no,no,0,186.1,112,31.64,190.2,66,16.17,282.8,57,12.73,11.4,6,3.08,2,False,670.4999999999999,241,63.620000000000005,0,Medium,High User
53,UT,96,415,404-3211,no,no,0,160.2,117,27.23,267.5,67,22.74,228.5,68,10.28,9.3,5,2.51,2,False,665.5,257,62.76,0,Medium,High User
54,WY,87,415,353-3759,no,no,0,151.0,83,25.67,219.7,116,18.67,203.9,127,9.18,9.7,3,2.62,5,True,584.3000000000001,329,56.14,1,High,Medium User
55,IN,81,408,363-5947,no,no,0,175.5,67,29.84,249.3,85,21.19,270.2,98,12.16,10.2,3,2.75,1,False,705.2,253,65.94,0,Low,High User
56,CO,141,415,340-5121,no,no,0,126.9,98,21.57,180.0,62,15.3,140.8,128,6.34,8.0,2,2.16,1,False,455.7,290,45.370000000000005,0,Low,Low User
57,CO,121,408,370-7574,no,yes,30,198.4,129,33.73,75.3,77,6.4,181.2,77,8.15,5.8,3,1.57,3,True,460.7,286,49.849999999999994,1,Medium,Low User
58,WI,68,415,403-9733,no,no,0,148.8,70,25.3,246.5,164,20.95,129.8,103,5.84,12.1,3,3.27,3,False,537.2,340,55.36000000000001,0,Medium,Medium User
59,OK,125,408,355-7251,no,no,0,229.3,103,38.98,177.4,126,15.08,189.3,95,8.52,12.0,8,3.24,1,False,608.0,332,65.82,0,Low,High User
60,ID,174,408,359-5893,no,no,0,192.1,97,32.66,169.9,94,14.44,166.6,54,7.5,11.4,4,3.08,1,False,540.0,249,57.67999999999999,0,Low,Medium User
61,CA,116,415,405-3371,no,yes,34,268.6,83,45.66,178.2,142,15.15,166.3,106,7.48,11.6,3,3.13,2,False,624.7,334,71.41999999999999,0,Medium,High User
62,MN,74,510,344-5117,no,yes,33,193.7,91,32.93,246.1,96,20.92,138.0,92,6.21,14.6,3,3.94,2,False,592.4,282,64.0,0,Medium,Medium User
63,SD,149,408,332-8160,no,yes,28,180.7,92,30.72,187.8,64,15.96,265.5,53,11.95,12.6,3,3.4,3,False,646.6,212,62.029999999999994,0,Medium,High User
64,NC,38,408,359-4081,no,no,0,131.2,98,22.3,162.9,97,13.85,159.0,106,7.15,8.2,6,2.21,2,False,461.3,307,45.51,0,Medium,Low User
65,WA,40,415,352-8305,no,yes,41,148.1,74,25.18,169.5,88,14.41,214.1,102,9.63,6.2,5,1.67,2,False,537.9000000000001,269,50.89000000000001,0,Medium,Medium User
66,WY,43,415,329-9847,yes,no,0,251.5,105,42.76,212.8,104,18.09,157.8,67,7.1,9.3,4,2.51,0,False,631.4,280,70.46,0,Low,High User
67,MN,113,408,365-9011,yes,no,0,125.2,93,21.28,206.4,119,17.54,129.3,139,5.82,8.3,8,2.24,0,False,469.20000000000005,359,46.88,0,Low,Low User
68,UT,126,408,338-9472,no,no,0,211.6,70,35.97,216.9,80,18.44,153.5,60,6.91,7.8,1,2.11,1,False,589.8,211,63.42999999999999,0,Low,Medium User
69,TX,150,510,374-8042,no,no,0,178.9,101,30.41,169.1,110,14.37,148.6,100,6.69,13.8,3,3.73,4,True,510.40000000000003,314,55.199999999999996,1,High,Medium User
70,NJ,138,408,359-1231,no,no,0,241.8,93,41.11,170.5,83,14.49,295.3,104,13.29,11.8,7,3.19,3,False,719.4,287,72.08,0,Medium,High User
71,MN,162,510,413-7170,no,yes,46,224.9,97,38.23,188.2,84,16.0,254.6,61,11.46,12.1,2,3.27,0,False,679.8000000000001,244,68.96,0,Low,High User
72,NM,147,510,415-2935,no,no,0,248.6,83,42.26,148.9,85,12.66,172.5,109,7.76,8.0,4,2.16,3,False,578.0,281,64.84,0,Medium,Medium User
73,NV,90,415,399-4246,no,no,0,203.4,146,34.58,226.7,117,19.27,152.4,105,6.86,7.3,4,1.97,1,False,589.8,372,62.67999999999999,0,Low,Medium User
74,HI,85,415,362-5889,no,no,0,235.8,109,40.09,157.2,94,13.36,188.2,99,8.47,12.0,3,3.24,0,False,593.2,305,65.16,0,Low,Medium User
75,MN,50,415,350-8921,no,no,0,157.1,90,26.71,223.3,72,18.98,181.4,111,8.16,6.1,2,1.65,1,False,567.9,275,55.49999999999999,0,Low,Medium User
76,DC,82,415,374-5353,no,no,0,300.3,109,51.05,181.0,100,15.39,270.1,73,12.15,11.7,4,3.16,0,True,763.1000000000001,286,81.75,1,Low,High User
77,NY,144,408,360-1171,no,no,0,61.6,117,10.47,77.1,85,6.55,173.0,99,7.79,8.2,7,2.21,4,True,319.9,308,27.02,1,High,Low User
78,MN,46,415,355-8887,no,no,0,214.1,72,36.4,164.4,104,13.97,177.5,113,7.99,8.2,3,2.21,2,False,564.2,292,60.57,0,Medium,Medium User
79,MD,70,408,333-1967,no,no,0,170.2,98,28.93,155.2,102,13.19,228.6,76,10.29,15.0,2,4.05,1,False,569.0,278,56.459999999999994,0,Low,Medium User
80,WV,144,415,354-4577,no,no,0,201.1,99,34.19,303.5,74,25.8,224.0,119,10.08,13.2,2,3.56,1,False,741.8000000000001,294,73.63,0,Low,High User
81,OR,116,415,331-7425,yes,no,0,215.4,104,36.62,204.8,79,17.41,278.5,109,12.53,12.6,5,3.4,3,False,711.3000000000001,297,69.96000000000001,0,Medium,High User
82,CO,55,408,419-2637,no,yes,25,165.6,123,28.15,136.1,95,11.57,175.7,90,7.91,11.0,2,2.97,3,False,488.4,310,50.599999999999994,0,Medium,Low User
83,GA,70,415,411-1530,no,yes,24,249.5,101,42.42,259.7,98,22.07,222.7,68,10.02,9.8,4,2.65,1,False,741.6999999999999,271,77.16000000000001,0,Low,High User
84,TX,106,510,395-3026,no,no,0,210.6,96,35.8,249.2,85,21.18,191.4,88,8.61,12.4,1,3.35,2,True,663.5999999999999,270,68.94,1,Medium,High User
85,VT,128,510,388-6441,no,yes,29,179.3,104,30.48,225.9,86,19.2,323.0,78,14.54,8.6,7,2.32,0,False,736.8000000000001,275,66.53999999999999,0,Low,High User
86,IN,94,408,402-1251,no,no,0,157.9,105,26.84,155.0,101,13.18,189.6,84,8.53,8.0,5,2.16,4,True,510.5,295,50.709999999999994,1,High,Medium User
87,WV,111,510,412-9997,no,no,0,214.3,118,36.43,208.5,76,17.72,182.4,98,8.21,12.0,2,3.24,1,False,617.2,294,65.6,0,Low,High User
88,KY,74,415,346-7302,no,yes,35,154.1,104,26.2,123.4,84,10.49,202.1,57,9.09,10.9,9,2.94,2,False,490.5,254,48.72,0,Medium,Low User
89,NJ,128,415,358-9095,no,no,0,237.9,125,40.44,247.6,93,21.05,208.9,68,9.4,13.9,4,3.75,1,True,708.3,290,74.64,1,Low,High User
90,DC,82,510,400-9770,no,no,0,143.9,61,24.46,194.9,105,16.57,109.6,94,4.93,11.1,2,3.0,1,False,459.5,262,48.96,0,Low,Low User
91,LA,155,415,334-1275,no,no,0,203.4,100,34.58,190.9,104,16.23,196.0,119,8.82,8.9,4,2.4,0,True,599.1999999999999,327,62.03,1,Low,Medium User
92,AR,80,415,340-4953,no,no,0,124.3,100,21.13,173.0,107,14.71,253.2,62,11.39,7.9,9,2.13,1,False,558.4,278,49.36000000000001,0,Low,Medium User
93,ME,78,415,400-9510,no,no,0,252.9,93,42.99,178.4,112,15.16,263.9,105,11.88,9.5,7,2.57,3,False,704.7,317,72.6,0,Medium,High User
94,AZ,90,415,387-6103,no,no,0,179.1,71,30.45,190.6,81,16.2,127.7,91,5.75,10.6,7,2.86,3,False,508.0,250,55.26,0,Medium,Medium User
95,AK,104,408,366-4467,no,no,0,278.4,106,47.33,81.0,113,6.89,163.2,137,7.34,9.8,5,2.65,1,False,532.3999999999999,361,64.21000000000001,0,Low,Medium User
96,MT,73,415,370-3450,no,no,0,160.1,110,27.22,213.3,72,18.13,174.1,72,7.83,13.0,4,3.51,0,False,560.5,258,56.68999999999999,0,Low,Medium User
97,AZ,99,415,327-3954,no,no,0,198.2,87,33.69,207.3,76,17.62,190.9,113,8.59,8.7,3,2.35,4,False,605.1,279,62.25000000000001,0,High,High User
98,MS,120,408,355-6291,no,no,0,212.1,131,36.06,209.4,104,17.8,167.2,96,7.52,5.3,5,1.43,1,True,594.0,336,62.809999999999995,1,Low,Medium User
99,ID,77,415,362-9748,no,no,0,251.8,72,42.81,205.7,126,17.48,275.2,109,12.38,9.8,7,2.65,2,True,742.5,314,75.32000000000001,1,Medium,High User
100,IA,98,510,379-6506,no,yes,21,161.2,114,27.4,252.2,83,21.44,160.2,92,7.21,4.4,8,1.19,4,False,577.9999999999999,297,57.24,0,High,Medium User
101,MA,108,415,347-7741,no,no,0,178.3,137,30.31,189.0,76,16.07,129.1,102,5.81,14.6,5,3.94,0,False,511.0,320,56.129999999999995,0,Low,Medium User
102,VT,135,415,354-3783,no,no,0,151.7,82,25.79,119.0,105,10.12,180.0,100,8.1,10.5,6,2.84,0,False,461.2,293,46.849999999999994,0,Low,Low User
103,KY,95,408,401-7594,no,no,0,135.0,99,22.95,183.6,106,15.61,245.3,102,11.04,12.5,9,3.38,1,False,576.4000000000001,316,52.980000000000004,0,Low,Medium User
104,IN,122,408,397-4976,no,no,0,170.5,94,28.99,173.7,109,14.76,248.6,75,11.19,11.3,2,3.05,1,False,604.0999999999999,280,57.989999999999995,0,Low,High User
105,AZ,95,408,334-2577,no,no,0,238.1,65,40.48,187.2,98,15.91,190.0,115,8.55,11.8,4,3.19,4,False,627.0999999999999,282,68.13,0,High,High User
106,MI,36,510,400-3637,no,yes,29,281.4,102,47.84,202.2,76,17.19,187.2,113,8.42,9.0,6,2.43,2,False,679.8,297,75.88000000000001,0,Medium,High User
107,NM,93,510,383-4361,no,yes,21,117.9,131,20.04,164.5,115,13.98,217.0,86,9.76,9.8,3,2.65,1,False,509.2,335,46.42999999999999,0,Low,Medium User
108,CO,141,415,371-4306,no,yes,32,148.6,91,25.26,131.1,97,11.14,219.4,142,9.87,10.1,1,2.73,1,False,509.20000000000005,331,49.0,0,Low,Medium User
109,UT,157,408,403-4298,no,no,0,229.8,90,39.07,147.9,121,12.57,241.4,108,10.86,9.6,7,2.59,3,False,628.7,326,65.09,0,Medium,High User
110,MI,120,408,409-3786,no,no,0,165.0,100,28.05,317.2,83,26.96,119.2,86,5.36,8.3,8,2.24,1,False,609.6999999999999,277,62.61000000000001,0,Low,High User
111,MA,103,415,337-4697,no,no,0,185.0,117,31.45,223.3,94,18.98,222.8,91,10.03,12.6,2,3.4,2,False,643.7,304,63.86,0,Medium,High User
112,AL,98,408,383-1509,no,no,0,161.0,117,27.37,190.9,113,16.23,227.7,113,10.25,12.1,4,3.27,4,False,591.6999999999999,347,57.120000000000005,0,High,Medium User
113,DE,125,408,359-9794,no,no,0,126.7,108,21.54,206.0,90,17.51,247.8,114,11.15,13.3,7,3.59,1,False,593.8,319,53.78999999999999,0,Low,Medium User
114,AZ,63,415,407-7035,no,no,0,58.9,125,10.01,169.6,59,14.42,211.4,88,9.51,9.4,3,2.54,1,False,449.29999999999995,275,36.48,0,Low,Low User
115,ME,36,510,363-1069,yes,yes,42,196.8,89,33.46,254.9,122,21.67,138.3,126,6.22,20.0,6,5.4,0,True,610.0,343,66.75,1,Low,High User
116,NJ,64,510,391-4652,no,no,0,162.6,83,27.64,152.3,109,12.95,57.5,122,2.59,14.2,3,3.83,1,False,386.59999999999997,317,47.010000000000005,0,Low,Low User
117,NV,74,415,355-6837,no,no,0,282.5,114,48.03,219.9,48,18.69,170.0,115,7.65,9.4,4,2.54,1,True,681.8,281,76.91000000000001,1,Low,High User
118,MO,112,510,409-1244,no,yes,36,113.7,117,19.33,157.5,82,13.39,177.6,118,7.99,10.0,3,2.7,2,False,458.79999999999995,320,43.410000000000004,0,Medium,Low User
119,ID,97,408,328-3266,no,no,0,239.8,125,40.77,214.8,111,18.26,143.3,81,6.45,8.7,5,2.35,2,False,606.6000000000001,322,67.83,0,Medium,High User
120,NE,46,408,352-7072,no,no,0,210.2,92,35.73,227.3,77,19.32,200.1,116,9.0,13.1,7,3.54,1,False,650.7,292,67.59,0,Low,High User
121,TX,41,408,370-7550,no,yes,22,213.8,102,36.35,141.8,86,12.05,142.2,123,6.4,7.2,3,1.94,0,False,505.0,314,56.74,0,Low,Medium User
122,MD,121,510,369-5526,no,no,0,190.7,103,32.42,183.5,117,15.6,220.8,103,9.94,9.8,4,2.65,3,False,604.8,327,60.61,0,Medium,High User
123,MS,193,415,329-4391,no,no,0,170.9,124,29.05,132.3,95,11.25,112.9,89,5.08,11.6,3,3.13,1,False,427.70000000000005,311,48.51,0,Low,Low User
124,NV,130,510,408-4195,no,no,0,154.2,119,26.21,110.2,98,9.37,227.4,117,10.23,9.2,5,2.48,2,False,500.99999999999994,339,48.29,0,Medium,Medium User
125,AZ,85,408,354-4445,no,no,0,201.4,52,34.24,229.4,104,19.5,252.5,106,11.36,12.0,3,3.24,1,False,695.3,265,68.33999999999999,0,Low,High User
126,MS,162,415,335-4858,no,no,0,70.7,108,12.02,157.5,87,13.39,154.8,82,6.97,9.1,3,2.46,4,True,392.1,280,34.84,1,High,Low User
127,MS,61,510,414-8718,no,yes,27,187.5,124,31.88,146.6,103,12.46,225.7,129,10.16,6.4,6,1.73,4,True,566.1999999999999,362,56.23,1,High,Medium User
128,TX,92,408,409-5939,no,no,0,91.7,90,15.59,193.7,123,16.46,175.0,86,7.88,9.2,4,2.48,2,False,469.59999999999997,303,42.41,0,Medium,Low User
129,NE,131,408,331-4902,no,yes,36,214.2,115,36.41,161.7,117,13.74,264.7,102,11.91,9.5,4,2.57,3,False,650.0999999999999,338,64.63,0,Medium,High User
130,NE,90,415,353-6870,no,no,0,145.5,92,24.74,217.7,114,18.5,146.9,123,6.61,10.9,2,2.94,3,False,521.0,331,52.78999999999999,0,Medium,Medium User
131,CA,75,408,355-2909,no,no,0,166.3,125,28.27,158.2,86,13.45,256.7,80,11.55,6.1,5,1.65,1,False,587.3000000000001,296,54.919999999999995,0,Low,Medium User
132,NJ,78,415,390-6101,no,no,0,231.0,115,39.27,230.4,140,19.58,261.4,120,11.76,9.5,3,2.57,1,False,732.3,378,73.17999999999999,0,Low,High User
133,TX,82,408,400-3446,no,no,0,200.3,96,34.05,201.2,102,17.1,206.1,60,9.27,7.1,1,1.92,4,False,614.7,259,62.34,0,High,High User
134,AR,163,408,411-5859,no,no,0,197.0,109,33.49,202.6,128,17.22,206.4,80,9.29,9.1,10,2.46,1,False,615.1,327,62.46,0,Low,High User
135,AL,91,510,387-2919,yes,no,0,129.9,112,22.08,173.3,83,14.73,247.2,130,11.12,11.2,3,3.02,3,False,561.6000000000001,328,50.95,0,Medium,Medium User
136,NY,75,415,374-8525,no,yes,21,175.8,97,29.89,217.5,106,18.49,237.5,134,10.69,5.3,4,1.43,5,False,636.0999999999999,341,60.49999999999999,0,High,High User
137,FL,91,510,379-5592,no,no,0,203.1,106,34.53,210.1,113,17.86,195.6,129,8.8,12.0,3,3.24,3,False,620.8,351,64.42999999999999,0,Medium,High User
138,AK,127,510,345-8237,no,yes,36,183.2,117,31.14,126.8,76,10.78,263.3,71,11.85,11.2,8,3.02,1,False,584.5,272,56.790000000000006,0,Low,Medium User
139,NV,113,415,422-6690,no,yes,23,205.0,101,34.85,152.0,60,12.92,158.6,59,7.14,10.2,5,2.75,2,False,525.8000000000001,225,57.660000000000004,0,Medium,Medium User
140,DE,110,510,346-2359,no,no,0,148.5,115,25.25,276.4,84,23.49,193.6,112,8.71,12.4,3,3.35,1,False,630.9,314,60.8,0,Low,High User
141,MD,120,415,374-3534,no,yes,39,200.3,68,34.05,220.4,97,18.73,253.8,116,11.42,10.5,4,2.84,0,False,685.0,285,67.04,0,Low,High User
142,MI,157,415,381-4756,no,yes,28,192.6,107,32.74,195.5,74,16.62,109.7,139,4.94,6.8,5,1.84,3,False,504.6,325,56.14,0,Medium,Medium User
143,VT,103,510,390-2805,no,no,0,246.5,47,41.91,195.5,84,16.62,200.5,96,9.02,11.7,4,3.16,1,False,654.2,231,70.71,0,Low,High User
144,VT,117,408,390-2390,yes,no,0,167.1,86,28.41,177.5,87,15.09,249.4,132,11.22,14.1,7,3.81,2,True,608.1,312,58.53,1,Medium,High User
145,MI,140,415,419-9097,no,no,0,231.9,101,39.42,160.1,94,13.61,110.4,98,4.97,14.3,6,3.86,3,False,516.6999999999999,299,61.86,0,Medium,Medium User
146,WA,127,408,386-7281,no,no,0,146.7,91,24.94,203.5,78,17.3,203.4,110,9.15,13.7,3,3.7,1,False,567.3000000000001,282,55.09,0,Low,Medium User
147,UT,83,408,380-3561,yes,no,0,271.5,87,46.16,216.3,126,18.39,121.1,105,5.45,11.7,4,3.16,1,False,620.6,322,73.16,0,Low,High User
148,LA,121,408,390-8760,no,no,0,181.5,121,30.86,218.4,98,18.56,161.6,103,7.27,8.5,5,2.3,1,False,570.0,327,58.989999999999995,0,Low,Medium User
149,RI,145,408,366-6730,no,yes,43,257.7,97,43.81,162.1,95,13.78,286.9,86,12.91,11.1,4,3.0,2,False,717.8,282,73.5,0,Medium,High User
150,IA,113,408,395-5285,no,no,0,193.8,99,32.95,221.4,125,18.82,172.3,67,7.75,10.6,6,2.86,1,False,598.1,297,62.38,0,Low,Medium User
151,NE,117,415,354-3436,no,no,0,102.8,119,17.48,206.7,91,17.57,299.0,105,13.46,10.1,7,2.73,1,False,618.6,322,51.239999999999995,0,Low,High User
152,OH,65,408,336-7600,no,no,0,187.9,116,31.94,157.6,117,13.4,227.3,86,10.23,7.5,6,2.03,1,False,580.3,325,57.60000000000001,0,Low,Medium User
153,RI,56,415,383-6293,no,no,0,226.0,112,38.42,248.5,118,21.12,140.5,142,6.32,6.9,11,1.86,1,False,621.9,383,67.72000000000001,0,Low,High User
154,OK,96,415,362-4596,no,no,0,260.4,115,44.27,146.0,46,12.41,269.5,87,12.13,11.5,4,3.11,5,False,687.4,252,71.92,0,High,High User
155,LA,151,408,401-3926,no,no,0,178.7,116,30.38,292.1,138,24.83,265.9,101,11.97,9.8,4,2.65,0,False,746.5,359,69.83,0,Low,High User
156,OH,83,415,370-9116,no,no,0,337.4,120,57.36,227.4,116,19.33,153.9,114,6.93,15.8,7,4.27,0,True,734.4999999999999,357,87.89,1,Low,High User
157,VA,139,510,328-6289,no,yes,23,157.6,129,26.79,247.0,96,21.0,259.2,112,11.66,13.7,2,3.7,0,False,677.5,339,63.150000000000006,0,Low,High User
158,MO,6,510,350-9994,no,no,0,183.6,117,31.21,256.7,72,21.82,178.6,79,8.04,10.2,2,2.75,1,False,629.1,270,63.82,0,Low,High User
159,FL,115,510,351-4616,no,yes,24,142.1,124,24.16,183.4,129,15.59,164.8,114,7.42,9.6,4,2.59,1,False,499.90000000000003,371,49.760000000000005,0,Low,Low User
160,SC,87,415,360-5779,no,no,0,136.3,97,23.17,172.2,108,14.64,137.5,101,6.19,7.1,5,1.92,0,False,453.1,311,45.92,0,Low,Low User
161,VA,141,415,417-4885,no,no,0,217.1,110,36.91,241.5,111,20.53,253.5,103,11.41,12.0,6,3.24,0,False,724.1,330,72.08999999999999,0,Low,High User
162,IA,141,510,406-4710,no,yes,36,187.5,99,31.88,241.4,116,20.52,229.5,105,10.33,10.5,5,2.84,3,False,668.9,325,65.57,0,Medium,High User
163,MI,62,415,409-8743,no,no,0,98.9,103,16.81,135.4,122,11.51,236.6,82,10.65,12.2,1,3.29,1,False,483.09999999999997,308,42.26,0,Low,Low User
164,OK,146,415,335-4584,no,no,0,206.3,151,35.07,148.6,89,12.63,167.2,91,7.52,6.1,3,1.65,1,False,528.1999999999999,334,56.87,0,Low,Medium User
165,DE,92,415,361-9845,no,yes,33,243.1,92,41.33,213.8,92,18.17,228.7,104,10.29,12.1,2,3.27,2,False,697.6999999999999,290,73.05999999999999,0,Medium,High User
166,GA,185,510,366-5699,no,yes,31,189.8,126,32.27,163.3,133,13.88,264.8,126,11.92,7.5,3,2.03,1,False,625.4000000000001,388,60.10000000000001,0,Low,High User
167,DC,148,415,329-9364,no,no,0,202.0,102,34.34,243.2,128,20.67,261.3,90,11.76,10.9,3,2.94,1,False,717.4,323,69.71000000000001,0,Low,High User
168,AZ,94,408,390-7434,no,yes,38,170.1,124,28.92,193.3,116,16.43,105.9,73,4.77,12.8,4,3.46,1,False,482.09999999999997,317,53.580000000000005,0,Low,Low User
169,AL,32,510,404-9680,no,no,0,230.9,87,39.25,187.4,90,15.93,154.0,53,6.93,6.3,2,1.7,0,False,578.5999999999999,232,63.81,0,Low,Medium User
170,CO,68,408,338-9398,no,no,0,237.1,105,40.31,223.5,105,19.0,97.4,79,4.38,13.2,2,3.56,1,False,571.2,291,67.25,0,Low,Medium User
171,NH,64,408,394-2445,no,yes,27,182.1,91,30.96,169.7,98,14.42,164.7,86,7.41,10.6,5,2.86,2,False,527.1,280,55.650000000000006,0,Medium,Medium User
172,NM,25,415,381-2709,no,no,0,119.3,87,20.28,211.5,101,17.98,268.9,86,12.1,10.5,4,2.84,3,False,610.2,278,53.2,0,Medium,High User
173,OR,65,415,397-5060,no,no,0,116.8,87,19.86,178.9,93,15.21,182.4,150,8.21,14.1,2,3.81,1,False,492.20000000000005,332,47.09,0,Low,Low User
174,LA,179,408,415-2393,no,no,0,219.2,92,37.26,149.4,125,12.7,244.7,104,11.01,6.1,5,1.65,0,False,619.4,326,62.61999999999999,0,Low,High User
175,NE,94,415,377-1765,no,no,0,252.6,104,42.94,169.0,125,14.37,170.9,106,7.69,11.1,7,3.0,2,False,603.6,342,68.0,0,Medium,High User
176,MN,62,415,409-2111,no,no,0,147.1,91,25.01,190.4,107,16.18,195.2,115,8.78,12.2,3,3.29,0,False,544.9000000000001,316,53.26,0,Low,Medium User
177,MI,127,415,401-3170,no,no,0,202.1,103,34.36,229.4,86,19.5,195.2,113,8.78,11.5,3,3.11,2,False,638.2,305,65.75,0,Medium,High User
178,AR,116,408,405-5681,no,no,0,173.5,93,29.5,194.1,76,16.5,208.0,112,9.36,16.2,10,4.37,3,False,591.8000000000001,291,59.73,0,Medium,Medium User
179,KS,70,408,411-4582,no,no,0,232.1,122,39.46,292.3,112,24.85,201.2,112,9.05,0.0,0,0.0,3,False,725.5999999999999,346,73.36,0,Medium,High User
180,WV,94,510,355-5009,yes,yes,23,197.1,125,33.51,214.5,136,18.23,282.2,103,12.7,9.5,5,2.57,4,False,703.3,369,67.00999999999999,0,High,High User
181,AK,126,415,372-3750,no,no,0,58.2,94,9.89,138.7,118,11.79,136.8,91,6.16,11.9,1,3.21,5,True,345.59999999999997,304,31.05,1,High,Low User
182,NY,67,408,405-2888,no,yes,36,115.6,111,19.65,237.7,94,20.2,169.9,103,7.65,9.9,12,2.67,2,False,533.0999999999999,320,50.169999999999995,0,Medium,Medium User
183,NH,19,408,361-3337,no,no,0,186.1,98,31.64,254.3,57,21.62,214.0,127,9.63,14.6,7,3.94,2,False,669.0,289,66.83000000000001,0,Medium,High User
184,VA,170,510,350-1639,yes,no,0,259.9,68,44.18,245.0,122,20.83,134.4,121,6.05,8.4,3,2.27,3,False,647.6999999999999,314,73.32999999999998,0,Medium,High User
185,NM,73,415,333-3221,no,no,0,214.3,145,36.43,268.5,135,22.82,241.2,92,10.85,10.8,13,2.92,1,False,734.8,385,73.02,0,Low,High User
186,NY,106,408,422-1471,no,no,0,158.7,74,26.98,64.3,139,5.47,198.5,103,8.93,10.2,4,2.75,1,False,431.7,320,44.13,0,Low,Low User
187,AZ,93,415,399-7865,no,no,0,271.6,71,46.17,229.4,108,19.5,77.3,121,3.48,10.9,3,2.94,2,False,589.1999999999999,303,72.09,0,Medium,Medium User
188,WY,164,510,373-4819,no,no,0,160.6,111,27.3,163.2,126,13.87,187.1,112,8.42,9.0,3,2.43,1,False,519.9,352,52.02,0,Low,Medium User
189,WA,51,408,338-6981,no,no,0,232.4,109,39.51,187.4,95,15.93,231.2,107,10.4,9.1,3,2.46,1,False,660.1,314,68.3,0,Low,High User
190,CO,107,415,418-4365,no,no,0,133.8,85,22.75,180.5,94,15.34,112.2,115,5.05,8.9,4,2.4,0,False,435.4,298,45.54,0,Low,Low User
191,TX,130,415,359-5461,no,no,0,176.9,109,30.07,90.7,104,7.71,238.0,69,10.71,9.5,2,2.57,1,False,515.1,284,51.06,0,Low,Medium User
192,KY,80,408,375-3586,no,no,0,209.9,74,35.68,195.1,77,16.58,208.2,119,9.37,8.8,4,2.38,2,False,622.0,274,64.00999999999999,0,Medium,High User
193,MT,94,415,407-8376,no,no,0,137.5,118,23.38,203.2,88,17.27,150.0,131,6.75,13.4,2,3.62,0,False,504.09999999999997,339,51.019999999999996,0,Low,Medium User
194,OK,118,408,408-6496,no,yes,23,289.5,52,49.22,166.6,111,14.16,119.1,88,5.36,9.5,4,2.57,1,False,584.7,255,71.30999999999999,0,Low,Medium User
195,MD,117,415,385-7688,no,yes,23,198.1,86,33.68,177.0,86,15.05,180.5,92,8.12,6.8,6,1.84,1,False,562.4,270,58.690000000000005,0,Low,Medium User
196,TN,78,415,332-6934,no,no,0,149.7,119,25.45,182.2,115,15.49,261.5,126,11.77,9.7,8,2.62,0,False,603.1,368,55.32999999999999,0,Low,High User
197,TX,208,510,378-3625,no,no,0,326.5,67,55.51,176.3,113,14.99,181.7,102,8.18,10.7,6,2.89,2,True,695.2,288,81.57000000000001,1,Medium,High User
198,ME,131,510,353-7292,yes,yes,26,292.9,101,49.79,199.7,97,16.97,255.3,127,11.49,13.8,7,3.73,4,True,761.6999999999999,332,81.97999999999999,1,High,High User
199,DC,63,408,399-6786,no,no,0,83.0,64,14.11,177.0,106,15.05,245.7,89,11.06,13.0,3,3.51,0,False,518.7,262,43.73,0,Low,Medium User
200,MN,53,415,358-3261,no,yes,24,145.7,146,24.77,220.5,136,18.74,249.9,96,11.25,13.1,5,3.54,3,False,629.2,383,58.3,0,Medium,High User
201,DE,62,408,377-9932,no,no,0,182.3,101,30.99,328.2,93,27.9,245.0,131,11.03,11.2,1,3.02,2,False,766.7,326,72.94,0,Medium,High User
202,MD,97,415,397-4030,no,no,0,218.0,86,37.06,184.0,94,15.64,240.5,110,10.82,6.4,8,1.73,3,False,648.9,298,65.25,0,Medium,High User
203,MI,105,510,367-1062,no,no,0,140.6,109,23.9,178.6,51,15.18,217.0,83,9.76,6.8,3,1.84,2,False,543.0,246,50.68,0,Medium,Medium User
204,WA,157,415,341-8467,no,no,0,152.7,105,25.96,257.5,80,21.89,198.1,93,8.91,9.4,4,2.54,1,False,617.6999999999999,282,59.300000000000004,0,Low,High User
205,MO,66,415,339-9453,no,yes,36,106.7,76,18.14,209.8,77,17.83,190.4,117,8.57,12.1,2,3.27,1,False,519.0,272,47.81,0,Low,Medium User
206,IN,122,415,344-3388,no,no,0,243.8,98,41.45,83.9,72,7.13,179.8,84,8.09,13.7,8,3.7,2,False,521.2,262,60.370000000000005,0,Medium,Medium User
207,OR,38,415,375-8013,no,no,0,194.4,94,33.05,186.7,95,15.87,223.3,90,10.05,10.8,5,2.92,3,False,615.2,284,61.89,0,Medium,High User
208,MD,106,510,408-4142,no,no,0,213.9,95,36.36,151.9,70,12.91,260.1,124,11.7,12.2,5,3.29,3,False,638.1000000000001,294,64.26,0,Medium,High User
209,RI,99,510,386-3671,no,no,0,217.2,112,36.92,246.7,89,20.97,226.1,89,10.17,15.8,7,4.27,3,False,705.8,297,72.33,0,Medium,High User
210,LA,99,415,411-2284,no,no,0,241.1,72,40.99,155.6,98,13.23,188.2,109,8.47,11.6,10,3.13,1,False,596.5,289,65.82,0,Low,Medium User
211,AZ,144,510,346-7795,yes,no,0,203.5,100,34.6,247.6,103,21.05,194.3,94,8.74,11.9,11,3.21,0,False,657.3000000000001,308,67.6,0,Low,High User
212,PA,82,415,333-5609,no,yes,24,155.2,131,26.38,244.5,106,20.78,122.4,68,5.51,10.7,3,2.89,1,False,532.8000000000001,308,55.559999999999995,0,Low,Medium User
213,AZ,86,408,405-1842,no,yes,31,167.6,139,28.49,113.0,118,9.61,246.9,121,11.11,12.2,6,3.29,1,False,539.7,384,52.49999999999999,0,Low,Medium User
214,FL,70,510,366-6345,yes,no,0,226.7,98,38.54,228.1,115,19.39,73.2,93,3.29,17.6,4,4.75,2,True,545.6,310,65.97,1,Medium,Medium User
215,LA,93,415,337-9345,no,no,0,179.3,93,30.48,178.6,98,15.18,225.2,131,10.13,11.5,6,3.11,3,False,594.5999999999999,328,58.9,0,Medium,Medium User
216,FL,93,415,328-6770,no,no,0,151.4,89,25.74,186.4,76,15.84,172.5,120,7.76,10.9,3,2.94,0,False,521.2,288,52.279999999999994,0,Low,Medium User
217,FL,120,415,380-7321,no,no,0,180.0,80,30.6,224.2,82,19.06,265.4,91,11.94,4.7,7,1.27,3,False,674.3,260,62.87,0,Medium,High User
218,MD,136,415,375-1476,no,no,0,250.2,121,42.53,267.1,118,22.7,151.0,114,6.8,13.0,2,3.51,1,True,681.3,355,75.54,1,Low,High User
219,AL,106,415,356-1567,no,no,0,223.0,121,37.91,110.1,98,9.36,188.7,107,8.49,7.1,12,1.92,0,False,528.9,338,57.68,0,Low,Medium User
220,WA,81,415,422-6685,no,no,0,183.6,116,31.21,152.6,98,12.97,212.2,99,9.55,12.2,6,3.29,3,False,560.6,319,57.02,0,Medium,Medium User
221,TN,127,408,336-1090,no,yes,22,166.0,114,28.22,174.5,103,14.83,244.9,68,11.02,10.2,6,2.75,1,False,595.6,291,56.81999999999999,0,Low,Medium User
222,MS,65,415,343-2095,no,no,0,136.1,112,23.14,272.9,96,23.2,220.2,104,9.91,4.4,2,1.19,1,False,633.6,314,57.44,0,Low,High User
223,ME,35,408,345-3934,no,no,0,149.3,113,25.38,242.2,122,20.59,174.3,104,7.84,8.9,6,2.4,2,False,574.6999999999999,345,56.21,0,Medium,Medium User
224,OK,88,408,338-8050,no,no,0,65.4,97,11.12,168.2,76,14.3,236.0,113,10.62,13.8,1,3.73,2,False,483.40000000000003,287,39.769999999999996,0,Medium,Low User
225,IN,65,415,388-9568,no,no,0,213.4,111,36.28,234.5,94,19.93,250.1,123,11.25,2.7,4,0.73,1,False,700.7,332,68.19000000000001,0,Low,High User
226,MO,123,415,402-6591,no,no,0,206.9,85,35.17,244.7,78,20.8,221.5,136,9.97,7.7,2,2.08,3,False,680.8000000000001,301,68.02,0,Medium,High User
227,IA,126,408,403-6419,no,yes,27,186.2,78,31.65,189.6,83,16.12,76.5,139,3.44,9.6,3,2.59,2,False,461.9,303,53.8,0,Medium,Low User
228,VA,104,415,386-9790,no,yes,23,280.2,136,47.63,220.5,92,18.74,136.9,102,6.16,13.3,3,3.59,4,False,650.9,333,76.12,0,High,High User
229,KY,45,415,378-5692,no,yes,22,196.6,84,33.42,313.2,92,26.62,163.3,108,7.35,11.9,3,3.21,0,False,684.9999999999999,287,70.6,0,Low,High User
230,MD,93,408,360-3324,yes,no,0,312.0,109,53.04,129.4,100,11.0,217.6,74,9.79,10.5,2,2.84,0,True,669.5,285,76.66999999999999,1,Low,High User
231,OH,63,415,410-3719,yes,yes,36,199.0,110,33.83,291.3,111,24.76,197.6,92,8.89,11.0,6,2.97,1,False,698.9,319,70.45,0,Low,High User
232,OK,100,415,352-4221,no,no,0,203.1,96,34.53,217.0,126,18.45,180.9,122,8.14,13.5,2,3.65,3,False,614.5,346,64.77000000000001,0,Medium,High User
233,NV,53,415,327-6179,no,no,0,168.8,97,28.7,220.3,87,18.73,154.3,113,6.94,10.9,2,2.94,0,False,554.3000000000001,299,57.309999999999995,0,Low,Medium User
234,ID,92,415,359-6196,yes,no,0,173.1,140,29.43,240.3,105,20.43,233.2,117,10.49,9.0,5,2.43,1,False,655.5999999999999,367,62.78,0,Low,High User
235,MN,139,510,374-9107,no,no,0,134.4,106,22.85,211.3,98,17.96,193.6,125,8.71,10.2,2,2.75,5,True,549.5000000000001,331,52.27,1,High,Medium User
236,SD,110,408,357-4078,no,yes,40,202.6,103,34.44,118.8,128,10.1,234.9,98,10.57,9.0,9,2.43,2,False,565.3,338,57.54,0,Medium,Medium User
237,IL,110,408,366-5780,no,no,0,74.5,117,12.67,200.8,98,17.07,192.2,101,8.65,9.8,7,2.65,3,False,477.3,323,41.04,0,Medium,Low User
238,WY,215,510,393-9619,no,no,0,83.6,148,14.21,120.9,91,10.28,226.6,110,10.2,10.7,9,2.89,0,False,441.8,358,37.58,0,Low,Low User
239,AL,73,415,355-9295,no,no,0,192.2,86,32.67,168.6,116,14.33,139.8,87,6.29,9.4,6,2.54,1,False,509.99999999999994,295,55.83,0,Low,Medium User
240,NJ,138,510,400-5751,no,no,0,220.2,89,37.43,88.3,125,7.51,195.3,79,8.79,12.9,5,3.48,0,False,516.7,298,57.209999999999994,0,Low,Medium User
241,NV,137,415,338-1027,yes,no,0,135.1,95,22.97,134.1,102,11.4,223.1,81,10.04,12.3,2,3.32,2,True,504.59999999999997,280,47.73,1,Medium,Medium User
242,IN,36,415,405-8867,no,no,0,253.4,77,43.08,182.4,151,15.5,275.8,103,12.41,8.4,2,2.27,1,False,720.0,333,73.25999999999999,0,Low,High User
243,WV,85,408,336-5616,no,no,0,225.0,81,38.25,176.9,63,15.04,194.3,110,8.74,7.1,2,1.92,3,False,603.3000000000001,256,63.95,0,Medium,High User
244,VA,108,408,335-1697,no,no,0,198.5,99,33.75,267.8,60,22.76,354.9,75,15.97,9.4,3,2.54,0,True,830.6,237,75.02000000000001,1,Low,High User
245,SC,22,408,331-5138,no,no,0,110.3,107,18.75,166.5,93,14.15,202.3,96,9.1,9.5,5,2.57,0,False,488.6,301,44.57,0,Low,Low User
246,RI,107,415,385-8240,no,yes,37,60.0,102,10.2,102.2,80,8.69,261.8,106,11.78,11.1,3,3.0,0,False,435.1,291,33.67,0,Low,Low User
247,IN,51,510,348-1359,no,no,0,214.8,94,36.52,149.7,58,12.72,283.4,66,12.75,10.2,5,2.75,0,False,658.1,223,64.74000000000001,0,Low,High User
248,AZ,94,408,354-7339,no,no,0,181.8,85,30.91,202.4,98,17.2,245.9,97,11.07,9.2,2,2.48,4,False,639.3000000000001,282,61.66,0,High,High User
249,NM,119,510,349-1687,no,yes,23,154.0,114,26.18,278.0,137,23.63,228.4,112,10.28,11.8,4,3.19,2,False,672.1999999999999,367,63.28,0,Medium,High User
250,OR,33,415,380-2558,no,yes,29,157.4,99,26.76,117.9,80,10.02,279.2,79,12.56,13.9,11,3.75,4,True,568.4,269,53.09,1,High,Medium User
251,NJ,106,415,365-2153,no,no,0,207.9,91,35.34,172.0,109,14.62,191.8,143,8.63,14.4,7,3.89,4,False,586.1,350,62.480000000000004,0,High,Medium User
252,MS,82,408,345-6043,no,no,0,207.0,90,35.19,232.9,83,19.8,172.4,108,7.76,9.1,8,2.46,3,False,621.4,289,65.21,0,Medium,High User
253,MI,86,510,349-2808,no,yes,41,119.0,101,20.23,230.0,134,19.55,236.9,58,10.66,9.5,3,2.57,0,False,595.4,296,53.01,0,Low,Medium User
254,TX,97,415,411-1715,yes,no,0,143.7,117,24.43,273.0,82,23.21,178.3,81,8.02,10.9,3,2.94,0,False,605.9,283,58.599999999999994,0,Low,High User
255,FL,106,408,385-2488,no,yes,32,165.9,126,28.2,216.5,93,18.4,173.1,86,7.79,14.1,8,3.81,4,False,569.6,313,58.199999999999996,0,High,Medium User
256,DC,108,510,377-7177,no,no,0,138.6,122,23.56,172.3,117,14.65,231.6,92,10.42,9.8,3,2.65,1,False,552.3,334,51.28,0,Low,Medium User
257,TX,114,415,342-1099,no,no,0,84.7,118,14.4,249.9,86,21.24,193.4,95,8.7,14.5,8,3.92,1,False,542.5,307,48.260000000000005,0,Low,Medium User
258,KS,92,408,386-4170,yes,no,0,62.6,111,10.64,180.6,126,15.35,221.7,80,9.98,10.4,2,2.81,1,True,475.29999999999995,319,38.78,1,Low,Low User
259,UT,59,510,413-1269,no,no,0,155.2,79,26.38,235.3,123,20.0,169.4,80,7.62,8.7,4,2.35,1,False,568.6,286,56.349999999999994,0,Low,Medium User
260,MN,24,510,396-4460,no,yes,25,164.9,110,28.03,209.3,105,17.79,231.2,55,10.4,6.7,9,1.81,1,False,612.1000000000001,279,58.03,0,Low,High User
261,IL,151,408,334-2730,no,no,0,134.5,88,22.87,143.1,112,12.16,223.9,61,10.08,15.4,1,4.16,1,False,516.9,262,49.269999999999996,0,Low,Medium User
262,NM,117,415,340-3182,no,no,0,143.3,103,24.36,211.3,108,17.96,185.2,96,8.33,11.5,3,3.11,1,False,551.3,310,53.76,0,Low,Medium User
263,SC,78,510,377-8608,no,no,0,168.3,110,28.61,221.2,73,18.8,241.0,136,10.85,12.5,1,3.38,1,False,643.0,320,61.64,0,Low,High User
264,NC,155,408,417-3676,no,no,0,262.4,55,44.61,194.6,113,16.54,146.5,85,6.59,8.3,6,2.24,2,False,611.8,259,69.97999999999999,0,Medium,High User
265,WV,114,510,417-6774,no,yes,30,206.2,79,35.05,260.0,91,22.1,291.6,83,13.12,11.4,6,3.08,1,False,769.1999999999999,259,73.35,0,Low,High User
266,RI,114,510,411-9554,no,yes,28,225.8,94,38.39,193.0,117,16.41,232.4,100,10.46,8.4,9,2.27,4,False,659.6,320,67.52999999999999,0,High,High User
267,NH,119,408,420-3192,no,no,0,138.3,89,23.51,170.5,78,14.49,263.9,98,11.88,13.5,6,3.65,3,False,586.2,271,53.53,0,Medium,Medium User
268,MO,64,510,389-1475,no,yes,48,94.4,104,16.05,136.2,101,11.58,147.4,89,6.63,4.5,4,1.22,0,False,382.5,298,35.480000000000004,0,Low,Low User
269,MA,118,408,343-7734,yes,no,0,160.0,123,27.2,175.4,96,14.91,184.8,99,8.32,9.9,3,2.67,2,False,530.1,321,53.1,0,Medium,Medium User
270,PA,101,415,410-3390,no,no,0,206.6,105,35.12,224.9,117,19.12,249.9,100,11.25,14.6,3,3.94,0,False,696.0,325,69.42999999999999,0,Low,High User
271,OK,117,415,344-6495,no,no,0,134.7,121,22.9,180.0,83,15.3,200.9,104,9.04,7.7,3,2.08,1,False,523.3000000000001,311,49.32,0,Low,Medium User
272,AL,49,415,331-6229,no,yes,28,214.4,78,36.45,235.2,100,19.99,206.2,107,9.28,8.0,13,2.16,3,False,663.8,298,67.88,0,Medium,High User
273,WY,139,415,337-7501,no,no,0,192.8,104,32.78,234.4,96,19.92,203.2,101,9.14,13.0,3,3.51,3,False,643.4000000000001,304,65.35000000000001,0,Medium,High User
274,PA,92,408,339-9631,no,yes,28,151.1,90,25.69,194.8,79,16.56,239.2,114,10.76,10.0,3,2.7,1,False,595.0999999999999,286,55.71,0,Low,Medium User
275,WA,83,415,369-4384,no,no,0,221.4,103,37.64,231.8,103,19.7,122.5,100,5.51,9.8,5,2.65,3,False,585.5,311,65.5,0,Medium,Medium User
276,HI,148,510,416-3915,yes,no,0,218.9,88,37.21,208.0,85,17.68,203.3,99,9.15,11.1,4,3.0,0,False,641.3000000000001,276,67.04,0,Low,High User
277,SD,144,408,339-3049,no,yes,48,189.8,96,32.27,123.4,67,10.49,214.2,106,9.64,6.5,2,1.76,2,True,533.9000000000001,271,54.160000000000004,1,Medium,Medium User
278,AL,131,415,361-7998,no,yes,25,192.7,85,32.76,225.9,105,19.2,254.2,59,11.44,10.9,6,2.94,2,False,683.6999999999999,255,66.33999999999999,0,Medium,High User
279,VT,146,510,355-4842,yes,no,0,204.4,135,34.75,219.1,90,18.62,222.7,114,10.02,10.5,6,2.84,3,False,656.7,345,66.23,0,Medium,High User
280,MT,143,415,387-6440,no,no,0,172.3,97,29.29,174.0,108,14.79,188.2,119,8.47,13.0,4,3.51,2,False,547.5,328,56.059999999999995,0,Medium,Medium User
281,MN,81,415,369-2625,no,no,0,198.4,93,33.73,210.9,108,17.93,193.3,71,8.7,10.4,6,2.81,2,False,613.0,278,63.17,0,Medium,High User
282,AK,48,415,389-7073,no,yes,37,211.7,115,35.99,159.9,84,13.59,144.1,80,6.48,12.2,1,3.29,1,False,527.9000000000001,280,59.35,0,Low,Medium User
283,MI,86,415,370-8463,no,yes,28,221.6,74,37.67,288.4,100,24.51,240.3,105,10.81,9.0,2,2.43,1,False,759.3,281,75.42000000000002,0,Low,High User
284,DE,71,415,362-7318,no,no,0,197.9,108,33.64,181.5,109,15.43,281.4,56,12.66,6.7,5,1.81,3,False,667.5,278,63.540000000000006,0,Medium,High User
285,SD,145,408,412-1194,no,yes,24,147.5,90,25.08,175.7,108,14.93,252.1,102,11.34,15.6,3,4.21,2,False,590.9,303,55.559999999999995,0,Medium,Medium User
286,MI,137,510,355-9508,no,no,0,206.4,122,35.09,128.0,102,10.88,194.5,84,8.75,8.8,5,2.38,2,False,537.6999999999999,313,57.10000000000001,0,Medium,Medium User
287,KS,137,408,352-8202,no,no,0,205.9,88,35.0,209.3,86,17.79,289.9,84,13.05,14.5,4,3.92,2,False,719.6,262,69.76,0,Medium,High User
288,AL,167,510,335-5882,no,no,0,207.6,88,35.29,132.4,63,11.25,255.2,98,11.48,14.1,5,3.81,0,False,609.3000000000001,254,61.83,0,Low,High User
289,OK,89,510,352-6976,no,no,0,303.9,95,51.66,260.9,114,22.18,312.1,89,14.04,5.3,3,1.43,1,True,882.1999999999999,301,89.31,1,Low,High User
290,CT,199,415,393-6733,no,yes,34,230.6,121,39.2,219.4,99,18.65,299.3,94,13.47,8.0,2,2.16,0,False,757.3,316,73.48,0,Low,High User
291,NE,132,510,335-1838,no,no,0,99.5,110,16.92,129.1,80,10.97,125.1,124,5.63,9.7,3,2.62,0,False,363.4,317,36.14,0,Low,Low User
292,WI,94,510,355-6930,no,no,0,177.1,112,30.11,194.0,112,16.49,146.7,108,6.6,5.9,4,1.59,1,False,523.6999999999999,336,54.79,0,Low,Medium User
293,CT,96,415,387-5860,no,yes,37,172.7,93,29.36,120.1,116,10.21,216.1,86,9.72,10.3,5,2.78,5,True,519.1999999999999,300,52.07,1,High,Medium User
294,WI,96,510,343-2605,no,yes,18,172.7,86,29.36,133.4,113,11.34,259.5,70,11.68,9.8,3,2.65,1,False,575.4,272,55.03,0,Low,Medium User
295,IN,166,510,350-6759,no,no,0,204.2,115,34.71,179.9,152,15.29,216.8,109,9.76,9.5,5,2.57,1,False,610.4000000000001,381,62.33,0,Low,High User
296,DC,74,415,371-1514,no,no,0,85.7,83,14.57,247.7,67,21.05,142.4,85,6.41,10.1,5,2.73,2,False,485.9,240,44.76,0,Medium,Low User
297,AR,36,415,346-9317,no,no,0,157.6,117,26.79,184.3,58,15.67,240.4,99,10.82,11.9,1,3.21,0,False,594.1999999999999,275,56.49,0,Low,Medium User
298,ME,113,415,398-4313,no,no,0,215.5,129,36.64,218.7,117,18.59,207.1,91,9.32,6.6,9,1.78,4,False,647.9,346,66.33000000000001,0,High,High User
299,MN,94,415,412-4399,no,no,0,181.5,98,30.86,199.9,88,16.99,287.7,114,12.95,6.6,5,1.78,1,False,675.6999999999999,305,62.58,0,Low,High User
300,MD,67,415,330-1835,no,no,0,171.7,80,29.19,110.4,81,9.38,195.4,111,8.79,11.9,4,3.21,2,False,489.4,276,50.57,0,Medium,Low User
301,FL,127,415,416-1676,no,no,0,266.6,106,45.32,264.8,168,22.51,207.2,119,9.32,5.9,2,1.59,1,True,744.5000000000001,395,78.74000000000001,1,Low,High User
302,RI,121,408,329-7347,no,no,0,170.4,108,28.97,350.5,68,29.79,297.0,87,13.37,11.2,3,3.02,0,True,829.1,266,75.14999999999999,1,Low,High User
303,IA,158,415,360-6868,no,no,0,158.0,106,26.86,292.5,114,24.86,241.1,89,10.85,9.1,4,2.46,1,False,700.7,313,65.03,0,Low,High User
304,AZ,136,510,405-6641,no,no,0,92.0,117,15.64,253.6,77,21.56,214.1,90,9.63,10.3,10,2.78,1,False,570.0,294,49.61000000000001,0,Low,Medium User
305,MO,196,415,393-2373,no,no,0,234.0,109,39.78,249.5,114,21.21,173.1,70,7.79,9.1,5,2.46,2,False,665.7,298,71.24,0,Medium,High User
306,VT,113,415,419-1714,no,no,0,272.1,111,46.26,268.5,118,22.82,213.8,105,9.62,8.5,10,2.3,1,True,762.9000000000001,344,81.0,1,Low,High User
307,IN,122,408,336-3819,no,no,0,296.4,99,50.39,214.8,89,18.26,133.9,107,6.03,11.4,3,3.08,4,True,656.5,298,77.76,1,High,High User
308,RI,112,510,341-3464,no,no,0,194.4,101,33.05,190.3,82,16.18,183.4,107,8.25,11.4,2,3.08,0,False,579.5,292,60.559999999999995,0,Low,Medium User
309,SD,209,415,413-5310,no,no,0,227.2,128,38.62,258.4,92,21.96,183.5,74,8.26,8.9,4,2.4,3,False,677.9999999999999,298,71.24000000000001,0,Medium,High User
310,MN,62,415,366-7912,no,no,0,248.7,109,42.28,220.0,118,18.7,265.7,78,11.96,13.2,2,3.56,1,True,747.6,307,76.5,1,Low,High User
311,TX,110,415,399-8845,no,yes,38,236.3,102,40.17,195.9,112,16.65,183.5,82,8.26,9.7,6,2.62,1,False,625.4000000000001,302,67.7,0,Low,High User
312,VA,16,510,368-2583,no,no,0,205.6,69,34.95,169.5,93,14.41,220.1,64,9.9,10.9,3,2.94,0,False,606.1,229,62.199999999999996,0,Low,High User
313,MA,73,408,360-6309,no,no,0,94.1,136,16.0,280.3,122,23.83,205.0,77,9.23,9.8,4,2.65,0,False,589.1999999999999,339,51.71,0,Low,Medium User
314,ID,128,408,359-5890,no,no,0,125.2,99,21.28,205.4,107,17.46,254.4,111,11.45,18.9,2,5.1,0,False,603.9,319,55.29,0,Low,High User
315,MA,39,408,332-2462,no,no,0,60.4,158,10.27,306.2,120,26.03,123.9,46,5.58,12.4,3,3.35,1,False,502.9,327,45.23,0,Low,Medium User
316,GA,103,415,381-9196,no,yes,28,121.0,105,20.57,270.4,100,22.98,160.5,76,7.22,7.7,4,2.08,2,False,559.6,285,52.849999999999994,0,Medium,Medium User
317,RI,119,415,329-3222,no,yes,29,117.8,66,20.03,256.8,114,21.83,147.6,76,6.64,7.6,3,2.05,3,False,529.8000000000001,259,50.55,0,Medium,Medium User
318,ID,173,510,363-5819,no,yes,21,232.4,96,39.51,211.9,118,18.01,273.0,102,12.29,5.0,5,1.35,3,False,722.3,321,71.16,0,Medium,High User
319,SD,128,510,413-9269,yes,yes,32,223.5,81,38.0,188.8,74,16.05,154.9,101,6.97,9.4,2,2.54,2,True,576.6,258,63.559999999999995,1,Medium,Medium User
320,MA,86,510,330-7483,no,no,0,176.3,79,29.97,259.2,97,22.03,287.4,78,12.93,6.2,3,1.67,0,False,729.1,257,66.60000000000001,0,Low,High User
321,WY,114,415,403-7775,no,yes,32,125.2,79,21.28,177.8,105,15.11,232.4,89,10.46,12.9,3,3.48,1,False,548.3,276,50.33,0,Low,Medium User
322,VA,104,408,360-2479,no,no,0,138.7,107,23.58,256.9,113,21.84,234.9,74,10.57,10.0,3,2.7,0,False,640.5,297,58.690000000000005,0,Low,High User
323,OR,148,415,394-3791,no,no,0,86.3,134,14.67,246.6,92,20.96,251.6,91,11.32,11.3,4,3.05,1,False,595.8,321,50.0,0,Low,Medium User
324,VA,129,408,384-2632,no,no,0,207.0,91,35.19,154.9,121,13.17,245.1,112,11.03,13.4,5,3.62,3,False,620.4,329,63.01,0,Medium,High User
325,ME,100,510,359-8466,no,yes,30,58.8,104,10.0,219.5,107,18.66,152.3,118,6.85,7.1,3,1.92,0,False,437.70000000000005,332,37.43,0,Low,Low User
326,AL,121,408,331-8909,no,yes,35,68.7,95,11.68,209.2,69,17.78,197.4,42,8.88,11.4,4,3.08,1,False,486.69999999999993,210,41.42,0,Low,Low User
327,GA,143,408,359-5160,no,yes,33,239.2,109,40.66,235.5,112,20.02,156.3,95,7.03,9.5,4,2.57,1,False,640.5,320,70.27999999999999,0,Low,High User
328,IA,76,510,330-9833,no,no,0,198.3,130,33.71,217.1,86,18.45,188.4,96,8.48,12.5,3,3.38,0,False,616.3,315,64.02,0,Low,High User
329,AZ,158,510,362-2314,no,no,0,205.2,97,34.88,240.6,77,20.45,79.7,108,3.59,14.4,12,3.89,0,False,539.9,294,62.81,0,Low,Medium User
330,FL,116,510,338-8478,no,no,0,192.1,98,32.66,312.9,135,26.6,130.2,94,5.86,7.9,2,2.13,3,False,643.1,329,67.25,0,Medium,High User
331,MT,54,415,387-5453,no,no,0,272.6,83,46.34,248.7,74,21.14,197.4,111,8.88,9.5,2,2.57,1,True,728.1999999999999,270,78.92999999999999,1,Low,High User
332,AL,86,415,380-3437,no,no,0,128.3,121,21.81,197.1,93,16.75,138.4,152,6.23,12.2,5,3.29,7,True,475.99999999999994,371,48.080000000000005,1,High,Low User
333,DE,108,510,365-8779,no,no,0,169.6,99,28.83,264.1,87,22.45,206.3,78,9.28,9.3,4,2.51,0,False,649.3,268,63.07,0,Low,High User
334,MT,66,510,407-2750,no,no,0,201.3,95,34.22,152.8,66,12.99,233.2,101,10.49,7.5,4,2.03,1,False,594.8,266,59.730000000000004,0,Low,Medium User
335,KY,151,408,396-8265,no,yes,17,214.7,97,36.5,138.5,90,11.77,169.1,44,7.61,8.6,4,2.32,1,False,530.9,235,58.199999999999996,0,Low,Medium User
336,SC,99,510,397-4304,no,no,0,169.2,70,28.76,271.5,77,23.08,170.2,104,7.66,10.6,2,2.86,0,False,621.5,253,62.36,0,Low,High User
337,WA,55,415,333-2611,no,no,0,194.1,121,33.0,176.6,110,15.01,302.8,136,13.63,7.0,7,1.89,2,False,680.5,374,63.53,0,Medium,High User
338,OR,77,510,409-8814,no,no,0,233.8,104,39.75,266.5,94,22.65,212.7,104,9.57,7.6,3,2.05,2,False,720.6,305,74.02,0,Medium,High User
339,AK,78,408,336-5406,no,no,0,225.1,67,38.27,199.2,127,16.93,175.5,102,7.9,14.6,2,3.94,0,False,614.4,298,67.04,0,Low,High User
340,GA,89,415,343-6940,no,no,0,213.0,63,36.21,176.6,71,15.01,262.6,126,11.82,9.1,1,2.46,1,True,661.3000000000001,261,65.5,1,Low,High User
341,MN,101,415,361-9923,no,no,0,183.9,115,31.26,255.9,101,21.75,275.0,145,12.38,10.8,11,2.92,1,False,725.5999999999999,372,68.31,0,Low,High User
342,IL,44,415,350-6639,no,yes,34,221.8,105,37.71,161.7,85,13.74,227.7,62,10.25,14.0,7,3.78,0,False,625.2,259,65.48,0,Low,High User
343,IN,98,408,376-4300,no,yes,21,64.6,98,10.98,176.1,86,14.97,244.8,84,11.02,0.0,0,0.0,2,False,485.5,268,36.97,0,Medium,Low User
344,SC,64,510,349-6567,no,yes,37,154.6,92,26.28,83.4,103,7.09,165.9,99,7.47,13.3,3,3.59,1,False,417.2,297,44.43000000000001,0,Low,Low User
345,VA,141,415,333-7749,no,no,0,260.2,131,44.23,179.2,120,15.23,135.0,119,6.08,7.2,8,1.94,3,False,581.6,378,67.47999999999999,0,Medium,Medium User
346,WI,81,415,408-6089,no,yes,33,161.6,117,27.47,123.0,90,10.46,261.3,101,11.76,12.2,5,3.29,1,False,558.1000000000001,313,52.98,0,Low,Medium User
347,VT,162,510,375-2165,no,no,0,220.6,117,37.5,155.2,121,13.19,186.7,89,8.4,10.5,11,2.84,1,False,573.0,338,61.92999999999999,0,Low,Medium User
348,AZ,83,415,400-6999,no,yes,41,155.9,122,26.5,162.3,107,13.8,127.6,105,5.74,13.1,5,3.54,3,False,458.9000000000001,339,49.58,0,Medium,Low User
349,FL,100,510,420-7823,no,no,0,107.0,63,18.19,105.7,67,8.98,243.1,74,10.94,12.8,3,3.46,4,True,468.59999999999997,207,41.57,1,High,Low User
350,AK,59,510,366-5241,no,no,0,182.5,104,31.03,204.7,95,17.4,229.9,100,10.35,11.3,8,3.05,4,False,628.4,307,61.83,0,High,High User
351,AR,179,415,413-3412,yes,yes,38,220.1,78,37.42,234.3,71,19.92,237.3,85,10.68,10.1,4,2.73,4,False,701.8000000000001,238,70.75000000000001,0,High,High User
352,AR,79,408,406-2752,no,no,0,152.2,112,25.87,177.2,132,15.06,96.4,87,4.34,5.3,3,1.43,1,False,431.09999999999997,334,46.699999999999996,0,Low,Low User
353,AK,117,415,337-8078,no,no,0,181.5,95,30.86,205.1,88,17.43,204.0,82,9.18,14.7,9,3.97,2,False,605.3000000000001,274,61.44,0,Medium,High User
354,MS,64,408,402-1942,yes,no,0,236.2,77,40.15,218.6,85,18.58,194.1,97,8.73,13.2,2,3.56,2,True,662.1,261,71.02,1,Medium,High User
355,ME,31,415,371-7917,no,no,0,166.1,105,28.24,79.3,93,6.74,213.7,98,9.62,12.7,2,3.43,1,False,471.79999999999995,298,48.029999999999994,0,Low,Low User
356,CA,124,408,343-6374,yes,no,0,244.6,89,41.58,188.8,80,16.05,206.0,114,9.27,11.3,4,3.05,1,False,650.6999999999999,287,69.94999999999999,0,Low,High User
357,NM,122,408,385-8730,no,yes,23,134.2,85,22.81,227.3,132,19.32,122.4,96,5.51,8.5,2,2.3,2,False,492.4,315,49.93999999999999,0,Medium,Low User
358,NE,37,408,393-7892,yes,yes,39,149.7,122,25.45,211.1,75,17.94,114.3,90,5.14,9.2,4,2.48,1,False,484.29999999999995,291,51.01,0,Low,Low User
359,SC,90,408,407-6748,no,yes,29,150.1,109,25.52,264.7,103,22.5,178.4,97,8.03,5.8,4,1.57,1,False,598.9999999999999,313,57.62,0,Low,Medium User
360,CO,159,408,341-4463,yes,no,0,257.1,53,43.71,312.2,127,26.54,183.0,82,8.24,8.8,6,2.38,1,True,761.0999999999999,268,80.86999999999999,1,Low,High User
361,DE,148,415,351-2587,no,no,0,124.4,83,21.15,179.7,81,15.27,253.0,99,11.39,11.3,6,3.05,0,False,568.4,269,50.86,0,Low,Medium User
362,OH,39,415,421-9752,no,yes,36,141.7,121,24.09,232.3,113,19.75,222.1,131,9.99,12.0,5,3.24,1,False,608.1,370,57.07000000000001,0,Low,High User
363,MS,77,408,356-4001,no,no,0,230.0,87,39.1,103.2,138,8.77,309.6,136,13.93,11.3,3,3.05,2,False,654.0999999999999,364,64.85000000000001,0,Medium,High User
364,OK,194,408,328-9869,no,no,0,162.3,88,27.59,213.7,118,18.16,192.1,81,8.64,10.9,2,2.94,0,False,579.0,289,57.33,0,Low,Medium User
365,CO,154,415,343-5709,no,no,0,350.8,75,59.64,216.5,94,18.4,253.9,100,11.43,10.1,9,2.73,1,True,831.3,278,92.2,1,Low,High User
366,NC,112,415,334-1872,no,no,0,193.3,96,32.86,264.1,123,22.45,128.6,115,5.79,9.1,3,2.46,4,False,595.1,337,63.56,0,High,Medium User
367,MD,45,415,350-1040,no,no,0,78.2,127,13.29,253.4,108,21.54,255.0,100,11.48,18.0,3,4.86,1,False,604.6,338,51.17,0,Low,High User
368,KS,132,415,369-3214,no,no,0,83.4,110,14.18,232.2,137,19.74,146.7,114,6.6,7.6,5,2.05,1,False,469.90000000000003,366,42.57,0,Low,Low User
369,MA,128,415,385-6778,no,no,0,195.6,99,33.25,267.8,120,22.76,164.9,76,7.42,16.0,2,4.32,0,False,644.3,297,67.75,0,Low,High User
370,NC,135,415,383-7689,no,no,0,201.8,81,34.31,225.0,114,19.13,204.4,82,9.2,10.3,6,2.78,1,False,641.5,283,65.42,0,Low,High User
371,NM,56,408,385-5722,no,no,0,197.0,110,33.49,222.8,102,18.94,225.3,91,10.14,10.6,6,2.86,2,False,655.7,309,65.43,0,Medium,High User
372,CA,151,415,357-1909,yes,no,0,218.0,57,37.06,114.4,88,9.72,269.2,95,12.11,12.4,1,3.35,0,True,613.9999999999999,241,62.24,1,Low,High User
373,NY,32,415,364-3567,no,no,0,164.8,98,28.02,229.9,96,19.54,167.3,108,7.53,14.8,2,4.0,2,False,576.8,304,59.09,0,Medium,Medium User
374,AZ,90,415,422-4241,no,no,0,179.2,77,30.46,210.7,99,17.91,276.9,58,12.46,9.2,6,2.48,2,False,676.0,240,63.31,0,Medium,High User
375,SD,87,415,370-2957,no,yes,21,214.0,113,36.38,180.0,114,15.3,134.5,82,6.05,10.6,5,2.86,0,False,539.1,314,60.59,0,Low,Medium User
376,DC,138,415,329-6562,no,no,0,170.5,87,28.99,118.2,116,10.05,187.9,111,8.46,11.2,7,3.02,2,False,487.8,321,50.52,0,Medium,Low User
377,ND,79,408,363-3515,no,no,0,205.7,123,34.97,214.5,108,18.23,226.1,106,10.17,6.7,18,1.81,1,False,653.0,355,65.18,0,Low,High User
378,MO,95,415,374-7787,yes,no,0,165.5,84,28.14,286.2,112,24.33,198.9,89,8.95,11.5,2,3.11,1,True,662.1,287,64.53,1,Low,High User
379,KS,127,415,345-2931,no,no,0,221.0,100,37.57,160.7,113,13.66,233.1,96,10.49,6.8,4,1.84,2,False,621.5999999999999,313,63.56000000000001,0,Medium,High User
380,SD,137,510,373-5732,no,no,0,242.1,118,41.16,191.0,93,16.24,218.6,50,9.84,14.7,2,3.97,3,False,666.4000000000001,263,71.21,0,Medium,High User
381,OK,97,415,348-7437,no,no,0,151.6,107,25.77,155.4,96,13.21,240.0,112,10.8,14.7,4,3.97,1,False,561.7,319,53.75,0,Low,Medium User
382,OR,149,415,332-9460,yes,no,0,176.2,87,29.95,145.0,81,12.33,249.5,92,11.23,5.7,4,1.54,0,False,576.4000000000001,264,55.050000000000004,0,Low,Medium User
383,IN,117,415,355-6531,yes,yes,22,196.0,82,33.32,322.7,82,27.43,225.6,120,10.15,3.7,5,1.0,1,False,748.0000000000001,289,71.9,0,Low,High User
384,OH,84,408,336-9390,no,no,0,159.5,125,27.12,247.1,90,21.0,187.9,82,8.46,7.2,4,1.94,2,False,601.7,301,58.52,0,Medium,High User
385,KS,137,415,346-8581,no,no,0,230.2,113,39.13,220.4,79,18.73,204.7,111,9.21,10.7,7,2.89,4,False,666.0,310,69.96,0,High,High User
386,CT,99,415,363-8824,no,no,0,146.7,64,24.94,274.0,99,23.29,321.3,98,14.46,8.9,1,2.4,3,False,750.9,262,65.09,0,Medium,High User
387,NH,54,510,353-3351,no,no,0,210.5,102,35.79,204.5,83,17.38,127.8,53,5.75,8.5,5,2.3,1,False,551.3,243,61.22,0,Low,Medium User
388,WI,85,415,360-4320,no,no,0,102.0,95,17.34,270.2,139,22.97,148.2,105,6.67,10.7,3,2.89,1,False,531.1,342,49.870000000000005,0,Low,Medium User
389,MS,150,510,417-6252,no,no,0,126.0,99,21.42,238.5,73,20.27,285.1,100,12.83,10.2,6,2.75,3,False,659.8000000000001,278,57.269999999999996,0,Medium,High User
390,WV,43,415,393-4949,no,no,0,168.4,125,28.63,243.8,89,20.72,214.7,102,9.66,11.1,2,3.0,1,False,638.0000000000001,318,62.00999999999999,0,Low,High User
391,MA,35,415,401-3156,no,no,0,105.6,129,17.95,258.2,129,21.95,213.1,77,9.59,8.7,3,2.35,0,False,585.6,338,51.839999999999996,0,Low,Medium User
392,MD,98,415,338-6283,no,no,0,206.5,92,35.11,176.2,152,14.98,232.8,115,10.48,12.4,5,3.35,5,False,627.9,364,63.92000000000001,0,High,High User
393,PA,112,510,352-9017,no,no,0,217.1,76,36.91,205.2,100,17.44,185.7,91,8.36,9.4,3,2.54,2,False,617.4,270,65.25,0,Medium,High User
394,WI,16,510,405-5305,no,no,0,229.6,78,39.03,205.7,108,17.48,166.2,91,7.48,10.8,2,2.92,0,True,612.3,279,66.91000000000001,1,Low,High User
395,TN,98,415,376-9249,no,yes,22,278.3,89,47.31,93.4,143,7.94,107.6,42,4.84,9.7,5,2.62,0,False,489.00000000000006,279,62.71,0,Low,Low User
396,TX,84,408,339-7139,no,no,0,138.6,102,23.56,199.0,93,16.92,204.1,137,9.18,7.8,4,2.11,0,False,549.5,336,51.77,0,Low,Medium User
397,OR,94,415,328-6011,no,no,0,234.4,103,39.85,279.3,109,23.74,234.2,121,10.54,2.0,2,0.54,1,True,749.9000000000001,335,74.67,1,Low,High User
398,IL,84,510,378-1303,no,no,0,181.5,129,30.86,130.7,112,11.11,186.5,118,8.39,8.5,4,2.3,1,False,507.2,363,52.66,0,Low,Medium User
399,DC,66,415,402-5155,no,no,0,167.3,91,28.44,230.0,68,19.55,191.7,118,8.63,10.6,5,2.86,1,True,599.6,282,59.480000000000004,1,Low,Medium User
400,GA,98,415,333-5430,no,yes,31,121.0,105,20.57,218.9,98,18.61,226.7,110,10.2,12.0,1,3.24,1,False,578.5999999999999,314,52.62,0,Low,Medium User
401,ID,74,415,365-9696,no,no,0,221.1,124,37.59,110.8,94,9.42,240.1,112,10.8,10.6,3,2.86,0,False,582.6,333,60.67,0,Low,Medium User
402,UT,96,408,410-4023,no,yes,26,145.8,108,24.79,192.2,89,16.34,165.1,96,7.43,9.9,2,2.67,1,False,513.0,295,51.23,0,Low,Medium User
403,KY,119,510,411-7649,no,no,0,222.8,122,37.88,163.2,107,13.87,160.6,112,7.23,11.2,6,3.02,1,False,557.8000000000001,347,62.00000000000001,0,Low,Medium User
404,OH,73,415,338-4065,no,no,0,183.4,80,31.18,242.0,115,20.57,201.4,100,9.06,7.5,3,2.03,4,False,634.3,298,62.84,0,High,High User
405,WI,92,415,421-9401,yes,no,0,264.3,91,44.93,160.9,115,13.68,198.6,73,8.94,9.3,5,2.51,0,False,633.1,284,70.06,0,Low,High User
406,IL,21,415,343-9658,no,no,0,146.0,78,24.82,109.7,79,9.32,247.4,108,11.13,6.8,7,1.84,0,False,509.90000000000003,272,47.11000000000001,0,Low,Medium User
407,DE,122,510,332-5521,no,no,0,157.1,134,26.71,184.9,122,15.72,197.2,59,8.87,8.5,5,2.3,4,True,547.7,320,53.599999999999994,1,High,Medium User
408,RI,133,510,349-4369,yes,no,0,127.3,108,21.64,251.3,81,21.36,135.0,88,6.08,10.3,3,2.78,1,False,523.9,280,51.86,0,Low,Medium User
409,TX,145,415,351-4288,no,no,0,187.9,110,31.94,197.0,117,16.75,167.0,108,7.52,4.8,4,1.3,2,False,556.6999999999999,339,57.50999999999999,0,Medium,Medium User
410,OR,25,408,422-5874,no,no,0,178.8,90,30.4,141.2,72,12.0,203.0,99,9.14,8.4,5,2.27,2,False,531.4,266,53.81,0,Medium,Medium User
411,NV,64,415,396-2324,no,no,0,97.2,80,16.52,186.2,90,15.83,189.0,92,8.5,10.4,6,2.81,2,False,482.79999999999995,268,43.660000000000004,0,Medium,Low User
412,NE,85,415,416-5662,no,no,0,259.8,85,44.17,242.3,117,20.6,168.8,72,7.6,5.4,1,1.46,0,False,676.3000000000001,275,73.83,0,Low,High User
413,MS,126,415,363-9663,no,no,0,256.5,112,43.61,199.5,90,16.96,188.3,122,8.47,7.0,5,1.89,3,False,651.3,329,70.93,0,Medium,High User
414,OR,76,415,410-9477,no,no,0,169.5,77,28.82,124.0,87,10.54,219.4,92,9.87,10.0,3,2.7,0,False,522.9,259,51.93,0,Low,Medium User
415,DE,113,415,352-4418,no,no,0,239.7,47,40.75,282.9,110,24.05,238.4,88,10.73,8.7,3,2.35,2,True,769.6999999999999,248,77.88,1,Medium,High User
416,DE,224,510,361-6563,yes,no,0,171.5,99,29.16,160.0,103,13.6,212.4,102,9.56,5.0,2,1.35,1,True,548.9,306,53.67,1,Low,Medium User
417,AZ,117,408,417-4404,no,no,0,239.9,84,40.78,174.8,106,14.86,209.5,93,9.43,9.8,2,2.65,0,False,634.0,285,67.72,0,Low,High User
418,SD,128,408,372-8048,no,yes,34,142.3,73,24.19,194.8,79,16.56,239.3,81,10.77,16.0,6,4.32,1,False,592.4000000000001,239,55.839999999999996,0,Low,Medium User
419,NV,115,415,356-3646,no,no,0,184.1,98,31.3,327.0,73,27.8,212.5,106,9.56,7.5,6,2.03,2,False,731.1,283,70.69,0,Medium,High User
420,NM,141,415,351-9604,no,yes,28,206.9,126,35.17,264.4,126,22.47,171.8,124,7.73,9.3,11,2.51,2,False,652.3999999999999,387,67.88000000000001,0,Medium,High User
421,MN,51,510,355-9581,no,no,0,259.9,114,44.18,176.2,94,14.98,77.2,112,3.47,15.3,1,4.13,1,False,528.5999999999999,321,66.75999999999999,0,Low,Medium User
422,NJ,100,415,396-5189,no,no,0,203.8,122,34.65,283.1,76,24.06,197.3,83,8.88,12.5,3,3.38,0,False,696.7,284,70.96999999999998,0,Low,High User
423,IN,96,415,356-9187,no,yes,45,248.8,124,42.3,140.3,77,11.93,263.6,102,11.86,10.3,2,2.78,3,False,663.0,305,68.87,0,Medium,High User
424,DC,112,415,394-5537,no,yes,16,221.6,110,37.67,130.2,123,11.07,200.0,108,9.0,11.3,3,3.05,1,False,563.0999999999999,344,60.79,0,Low,Medium User
425,MA,129,510,408-2712,yes,no,0,192.9,131,32.79,185.5,101,15.77,205.2,130,9.23,10.9,4,2.94,1,False,594.4999999999999,366,60.730000000000004,0,Low,Medium User
426,ME,163,415,404-4486,no,no,0,122.4,129,20.81,113.4,108,9.64,180.2,97,8.11,12.5,7,3.38,1,False,428.5,341,41.940000000000005,0,Low,Low User
427,NH,67,415,355-1113,no,yes,40,104.9,65,17.83,216.3,93,18.39,217.4,128,9.78,9.6,9,2.59,1,False,548.2,295,48.59,0,Low,Medium User
428,AZ,140,408,411-4674,no,no,0,173.2,91,29.44,196.8,106,16.73,209.3,128,9.42,11.2,5,3.02,3,False,590.5,330,58.61000000000001,0,Medium,Medium User
429,OR,49,510,376-4519,no,no,0,119.4,69,20.3,273.3,92,23.23,214.4,153,9.65,12.4,7,3.35,2,False,619.5,321,56.53,0,Medium,High User
430,KS,46,510,365-5979,no,no,0,250.3,100,42.55,260.6,90,22.15,195.0,104,8.78,13.3,2,3.59,2,True,719.2,296,77.07,1,Medium,High User
431,NE,148,415,382-2879,no,no,0,178.3,98,30.31,282.6,110,24.02,181.0,98,8.15,11.4,4,3.08,1,False,653.3000000000001,310,65.56,0,Low,High User
432,MI,112,510,420-1383,no,no,0,243.4,77,41.38,182.1,97,15.48,259.2,94,11.66,12.8,2,3.46,1,False,697.5,270,71.97999999999999,0,Low,High User
433,SC,78,415,411-7390,no,no,0,155.0,106,26.35,175.3,101,14.9,155.6,125,7.0,11.8,5,3.19,2,False,497.7,337,51.44,0,Medium,Low User
434,PA,61,408,383-8848,no,yes,31,288.7,101,49.08,203.8,102,17.32,203.2,49,9.14,8.6,3,2.32,0,False,704.3000000000001,255,77.86,0,Low,High User
435,MT,58,510,387-9301,no,yes,29,240.4,80,40.87,118.9,91,10.11,164.2,108,7.39,11.2,3,3.02,1,False,534.7,282,61.39,0,Low,Medium User
436,NM,155,415,399-3164,no,no,0,190.3,123,32.35,301.3,96,25.61,214.6,134,9.66,8.0,3,2.16,1,False,714.2,356,69.78,0,Low,High User
437,OH,100,510,385-8997,no,no,0,278.0,76,47.26,176.7,74,15.02,219.5,126,9.88,8.3,4,2.24,0,True,682.5,280,74.39999999999999,1,Low,High User
438,WY,113,510,352-6573,no,no,0,155.0,93,26.35,330.6,106,28.1,189.4,123,8.52,13.5,3,3.65,1,False,688.5,325,66.62,0,Low,High User
439,MI,81,415,408-3384,no,no,0,153.5,99,26.1,197.6,102,16.8,198.5,86,8.93,6.3,2,1.7,2,False,555.9,289,53.53000000000001,0,Medium,Medium User
440,AR,135,510,419-6033,no,yes,27,273.4,141,46.48,154.0,99,13.09,245.8,112,11.06,12.3,6,3.32,1,False,685.5,358,73.94999999999999,0,Low,High User
441,FL,99,408,336-2090,no,no,0,155.3,93,26.4,265.7,95,22.58,145.7,67,6.56,12.4,4,3.35,0,False,579.1,259,58.89,0,Low,Medium User
442,AR,59,510,343-7242,no,yes,29,133.1,114,22.63,221.2,82,18.8,131.6,103,5.92,6.8,3,1.84,1,False,492.7,302,49.190000000000005,0,Low,Low User
443,MO,135,510,376-1713,no,no,0,246.8,129,41.96,187.8,121,15.96,154.5,109,6.95,12.6,5,3.4,1,False,601.7,364,68.27000000000001,0,Low,High User
444,WI,85,408,381-5878,yes,no,0,165.4,107,28.12,196.0,126,16.66,349.2,110,15.71,9.6,7,2.59,2,False,720.1999999999999,350,63.08,0,Medium,High User
445,TX,70,510,390-5470,no,no,0,59.5,103,10.12,257.2,106,21.86,208.3,86,9.37,11.1,6,3.0,0,False,536.1,301,44.349999999999994,0,Low,Medium User
446,TX,88,510,414-4803,no,no,0,138.3,116,23.51,236.0,138,20.06,179.1,110,8.06,9.6,4,2.59,3,False,563.0,368,54.22,0,Medium,Medium User
447,NM,55,510,382-5478,no,no,0,286.7,100,48.74,134.4,121,11.42,192.9,122,8.68,6.9,5,1.86,2,False,620.9,348,70.7,0,Medium,High User
448,GA,75,415,333-7637,no,no,0,117.3,114,19.94,201.1,61,17.09,107.9,82,4.86,12.2,3,3.29,1,False,438.49999999999994,260,45.18,0,Low,Low User
449,ID,79,510,341-1647,no,yes,21,264.3,79,44.93,202.8,118,17.24,173.4,92,7.8,6.3,3,1.7,4,False,646.8,292,71.67,0,High,High User
450,AL,85,408,411-4232,no,no,0,127.9,107,21.74,271.2,124,23.05,202.2,76,9.1,12.5,5,3.38,0,False,613.8,312,57.27,0,Low,High User
451,KS,86,408,339-2616,no,yes,23,225.5,107,38.34,246.3,105,20.94,245.7,81,11.06,9.8,2,2.65,0,False,727.3,295,72.99000000000001,0,Low,High User
452,SD,91,510,327-3850,no,no,0,149.0,115,25.33,245.3,105,20.85,260.0,94,11.7,8.3,3,2.24,0,False,662.5999999999999,317,60.12,0,Low,High User
453,LA,149,415,328-7209,no,yes,20,198.9,77,33.81,274.0,88,23.29,190.7,76,8.58,14.3,9,3.86,1,False,677.8999999999999,250,69.54,0,Low,High User
454,OH,97,408,405-6189,no,no,0,256.4,125,43.59,273.9,100,23.28,222.7,101,10.02,11.1,1,3.0,1,True,764.1,327,79.89,1,Low,High User
455,MA,88,415,418-6737,no,no,0,264.8,124,45.02,245.4,112,20.86,160.5,115,7.22,14.8,2,4.0,1,True,685.5,353,77.1,1,Low,High User
456,AZ,60,415,366-2212,no,no,0,98.2,88,16.69,180.5,69,15.34,223.6,69,10.06,9.3,2,2.51,2,False,511.59999999999997,228,44.6,0,Medium,Medium User
457,KY,54,408,356-1420,no,no,0,159.8,99,27.17,264.0,64,22.44,115.7,70,5.21,9.7,7,2.62,2,False,549.2,240,57.44,0,Medium,Medium User
458,DC,11,415,343-1323,no,yes,28,190.6,86,32.4,220.1,122,18.71,180.3,80,8.11,6.0,3,1.62,3,False,597.0,291,60.839999999999996,0,Medium,Medium User
459,WA,109,415,361-8239,no,no,0,184.0,120,31.28,120.4,119,10.23,153.7,86,6.92,11.0,3,2.97,0,False,469.09999999999997,328,51.400000000000006,0,Low,Low User
460,UT,90,415,384-1621,no,no,0,261.8,128,44.51,220.6,104,18.75,136.6,91,6.15,9.6,5,2.59,1,False,628.6,328,72.0,0,Low,High User
461,RI,115,408,360-3525,no,no,0,147.9,109,25.14,228.4,117,19.41,299.7,90,13.49,9.6,9,2.59,3,False,685.6,325,60.629999999999995,0,Medium,High User
462,OH,144,415,392-3813,no,yes,18,106.4,109,18.09,108.1,113,9.19,208.4,111,9.38,10.1,5,2.73,1,False,433.0,338,39.39,0,Low,Low User
463,NV,91,408,337-6898,no,no,0,133.7,75,22.73,195.3,87,16.6,280.5,89,12.62,5.9,2,1.59,0,False,615.4,253,53.54,0,Low,High User
464,ND,105,415,366-8036,no,yes,23,193.5,85,32.9,220.2,90,18.72,272.4,111,12.26,8.5,5,2.3,0,False,694.5999999999999,291,66.17999999999999,0,Low,High User
465,NV,71,415,352-8327,yes,no,0,178.2,113,30.29,167.8,94,14.26,182.1,111,8.19,13.6,3,3.67,3,True,541.7,321,56.41,1,Medium,Medium User
466,FL,132,510,334-9505,no,yes,36,226.2,103,38.45,181.6,125,15.44,258.8,102,11.65,10.5,5,2.84,3,True,677.0999999999999,335,68.38000000000001,1,Medium,High User
467,MD,112,415,336-5702,no,no,0,170.4,103,28.97,200.2,71,17.02,258.3,100,11.62,11.6,4,3.13,1,False,640.5000000000001,278,60.739999999999995,0,Low,High User
468,AZ,86,415,392-2381,no,yes,32,70.9,163,12.05,166.7,121,14.17,244.9,105,11.02,11.1,5,3.0,3,False,493.6,394,40.239999999999995,0,Medium,Low User
469,AL,41,510,369-6880,no,yes,34,194.4,63,33.05,254.9,110,21.67,160.2,115,7.21,17.2,9,4.64,2,False,626.7,297,66.57,0,Medium,High User
470,NE,44,415,416-8697,no,no,0,240.3,146,40.85,164.6,83,13.99,240.7,106,10.83,10.6,2,2.86,1,False,656.1999999999999,337,68.53,0,Low,High User
471,NV,78,408,345-3451,no,no,0,75.0,116,12.75,248.7,87,21.14,176.0,83,7.92,9.5,6,2.57,3,False,509.2,292,44.38,0,Medium,Medium User
472,IL,149,408,379-2514,no,no,0,69.1,117,11.75,136.3,100,11.59,181.7,53,8.18,6.3,3,1.7,1,False,393.40000000000003,273,33.22,0,Low,Low User
473,WV,72,510,418-6651,no,yes,33,96.6,59,16.42,315.4,98,26.81,163.3,117,7.35,6.2,4,1.67,4,True,581.5,278,52.25000000000001,1,High,Medium User
474,MI,139,415,421-3528,no,yes,20,214.6,101,36.48,235.1,132,19.98,162.8,132,7.33,14.8,12,4.0,0,False,627.3,377,67.78999999999999,0,Low,High User
475,AR,74,510,329-9046,no,no,0,148.5,111,25.25,146.5,42,12.45,289.2,83,13.01,9.9,6,2.67,3,False,594.1,242,53.38,0,Medium,Medium User
476,UT,50,510,406-3890,no,no,0,258.1,106,43.88,161.4,106,13.72,225.1,110,10.13,11.7,5,3.16,1,False,656.3000000000001,327,70.89,0,Low,High User
477,GA,141,510,403-8904,no,yes,23,149.7,112,25.45,162.5,118,13.81,220.3,115,9.91,7.6,2,2.05,3,False,540.1,347,51.22,0,Medium,Medium User
478,AZ,140,408,393-4086,no,no,0,149.8,134,25.47,164.4,98,13.97,294.7,124,13.26,8.1,2,2.19,1,False,617.0000000000001,358,54.88999999999999,0,Low,High User
479,ID,99,408,400-1367,no,no,0,190.4,102,32.37,158.1,107,13.44,271.5,92,12.22,11.2,4,3.02,2,False,631.2,305,61.05,0,Medium,High User
480,HI,166,408,377-9473,no,no,0,181.4,108,30.84,253.8,54,21.57,112.3,94,5.05,11.6,6,3.13,1,False,559.1,262,60.589999999999996,0,Low,Medium User
481,NV,124,408,396-3068,no,no,0,151.1,123,25.69,187.4,104,15.93,255.4,93,11.49,5.3,3,1.43,1,False,599.1999999999999,323,54.540000000000006,0,Low,Medium User
482,MD,74,415,331-9293,no,no,0,155.7,116,26.47,173.7,63,14.76,257.4,97,11.58,8.1,4,2.19,0,False,594.9,280,54.99999999999999,0,Low,Medium User
483,GA,117,510,347-1914,no,no,0,149.9,95,25.48,256.1,110,21.77,212.7,92,9.57,13.3,13,3.59,2,False,632.0,310,60.41,0,Medium,High User
484,GA,85,510,395-1962,no,no,0,222.3,132,37.79,231.5,101,19.68,223.5,75,10.06,11.0,2,2.97,3,False,688.3,310,70.5,0,Medium,High User
485,UT,36,415,401-5485,no,yes,16,149.4,111,25.4,131.8,113,11.2,132.7,87,5.97,6.7,2,1.81,0,False,420.6,313,44.379999999999995,0,Low,Low User
486,MA,102,510,355-6560,yes,no,0,233.8,103,39.75,221.6,131,18.84,146.9,106,6.61,12.8,3,3.46,0,False,615.0999999999999,343,68.66,0,Low,High User
487,IN,76,415,363-3911,no,no,0,204.2,100,34.71,292.6,139,24.87,244.3,105,10.99,10.5,2,2.84,0,False,751.6,346,73.41,0,Low,High User
488,VT,165,510,345-1998,no,no,0,242.9,126,41.29,209.8,65,17.83,228.4,126,10.28,0.0,0,0.0,1,False,681.1,317,69.39999999999999,0,Low,High User
489,IA,130,415,361-5277,no,no,0,150.4,119,25.57,230.5,99,19.59,186.3,76,8.38,12.3,4,3.32,1,False,579.5,298,56.86,0,Low,Medium User
490,IN,78,415,376-7145,no,no,0,208.9,119,35.51,252.4,132,21.45,280.2,120,12.61,12.8,7,3.46,0,False,754.3,378,73.02999999999999,0,Low,High User
491,AL,55,415,375-2975,yes,no,0,191.9,91,32.62,256.1,110,21.77,203.7,101,9.17,14.3,6,3.86,1,True,666.0,308,67.42,1,Low,High User
492,ME,92,415,376-8573,yes,no,0,130.7,113,22.22,260.6,122,22.15,244.2,98,10.99,9.4,2,2.54,2,True,644.9,335,57.9,1,Medium,High User
493,RI,129,415,366-7360,no,yes,33,119.6,104,20.33,278.7,88,23.69,263.4,175,11.85,5.9,2,1.59,2,False,667.5999999999999,369,57.46,0,Medium,High User
494,MD,18,408,347-7898,no,no,0,273.6,93,46.51,114.6,116,9.74,250.6,120,11.28,8.2,4,2.21,1,False,647.0000000000001,333,69.74,0,Low,High User
495,FL,161,415,390-7328,yes,no,0,156.1,114,26.54,180.3,63,15.33,179.6,115,8.08,11.1,9,3.0,2,False,527.1,301,52.949999999999996,0,Medium,Medium User
496,CA,93,415,356-5491,no,yes,36,178.7,134,30.38,178.6,102,15.18,126.8,82,5.71,8.0,4,2.16,2,False,492.09999999999997,322,53.43000000000001,0,Medium,Low User
497,AL,144,415,373-3251,no,no,0,177.5,93,30.18,287.4,75,24.43,180.5,118,8.12,11.9,3,3.21,2,False,657.3,289,65.94,0,Medium,High User
498,ME,75,408,343-1965,yes,no,0,211.3,61,35.92,105.6,119,8.98,175.9,63,7.92,9.7,4,2.62,4,True,502.49999999999994,247,55.440000000000005,1,High,Medium User
499,WV,95,415,378-8019,no,no,0,175.2,91,29.78,244.4,109,20.77,75.8,95,3.41,7.5,2,2.03,1,False,502.90000000000003,297,55.989999999999995,0,Low,Medium User
500,SD,126,415,386-1548,no,yes,23,114.3,102,19.43,190.3,103,16.18,240.4,111,10.82,12.6,7,3.4,3,False,557.6,323,49.83,0,Medium,Medium User
501,FL,124,415,397-1649,no,yes,28,251.4,104,42.74,225.1,89,19.13,251.9,121,11.34,7.5,5,2.03,1,False,735.9,319,75.24000000000001,0,Low,High User
502,MI,93,415,366-7247,yes,no,0,216.9,61,36.87,207.4,120,17.63,221.7,110,9.98,17.5,5,4.73,1,True,663.5,296,69.21000000000001,1,Low,High User
503,MI,109,415,402-9691,yes,yes,26,217.2,138,36.92,145.5,111,12.37,280.7,76,12.63,9.3,3,2.51,0,False,652.6999999999999,328,64.43,0,Low,High User
504,NM,80,510,334-9806,no,no,0,206.3,97,35.07,154.9,98,13.17,263.6,82,11.86,12.4,12,3.35,0,False,637.2,289,63.45,0,Low,High User
505,AK,41,415,378-7733,no,no,0,159.3,66,27.08,125.9,75,10.7,261.9,76,11.79,11.1,5,3.0,1,False,558.2,222,52.57,0,Low,Medium User
506,OH,136,415,407-2248,no,yes,31,143.1,88,24.33,236.6,65,20.11,227.8,120,10.25,11.4,5,3.08,2,False,618.9,278,57.769999999999996,0,Medium,High User
507,MO,92,415,405-3916,no,no,0,154.0,122,26.18,329.8,88,28.03,288.0,117,12.96,5.6,2,1.51,3,True,777.4,329,68.68,1,Medium,High User
508,KS,143,408,407-2081,no,yes,24,186.6,69,31.72,222.0,116,18.87,234.9,138,10.57,11.6,5,3.13,1,False,655.1,328,64.29,0,Low,High User
509,MS,118,415,397-9148,no,yes,26,170.8,114,29.04,199.5,125,16.96,169.7,98,7.64,9.6,5,2.59,5,True,549.6,342,56.230000000000004,1,High,Medium User
510,VT,193,408,415-4857,no,yes,17,124.0,102,21.08,202.9,81,17.25,205.1,129,9.23,12.3,3,3.32,1,False,544.3,315,50.88,0,Low,Medium User
511,NE,73,415,354-7314,no,no,0,198.3,94,33.71,279.3,101,23.74,146.2,87,6.58,14.8,8,4.0,3,False,638.5999999999999,290,68.03,0,Medium,High User
512,VA,62,408,346-5611,no,no,0,172.8,101,29.38,204.8,97,17.41,240.8,90,10.84,9.1,8,2.46,2,False,627.5000000000001,296,60.089999999999996,0,Medium,High User
513,DE,30,415,349-4703,no,yes,30,217.4,74,36.96,213.8,86,18.17,227.2,104,10.22,6.6,3,1.78,0,False,665.0000000000001,267,67.13000000000001,0,Low,High User
514,AL,60,408,411-7778,yes,yes,29,265.9,113,45.2,215.8,94,18.34,108.1,82,4.86,14.0,12,3.78,0,True,603.8,301,72.18,1,Low,High User
515,ID,148,510,421-1469,no,yes,14,93.6,137,15.91,193.8,72,16.47,144.9,84,6.52,17.5,5,4.73,1,False,449.79999999999995,298,43.629999999999995,0,Low,Low User
516,MS,96,510,420-5990,no,no,0,98.2,100,16.69,307.2,88,26.11,182.5,120,8.21,7.6,1,2.05,2,False,595.5,309,53.059999999999995,0,Medium,Medium User
517,OK,52,408,389-4780,no,no,0,214.7,68,36.5,158.6,138,13.48,123.4,114,5.55,9.4,4,2.54,2,False,506.0999999999999,324,58.07,0,Medium,Medium User
518,NM,87,415,357-2735,no,no,0,168.2,92,28.59,224.7,100,19.1,169.5,99,7.63,12.9,3,3.48,1,False,575.3,294,58.8,0,Low,Medium User
519,WI,41,408,409-4791,no,no,0,202.9,97,34.49,153.8,104,13.07,113.5,92,5.11,9.0,3,2.43,3,False,479.20000000000005,296,55.1,0,Medium,Low User
520,WV,112,415,380-5286,no,no,0,261.4,108,44.44,154.5,102,13.13,130.9,90,5.89,11.6,2,3.13,1,False,558.4,302,66.59,0,Low,Medium User
521,SC,88,510,394-8402,no,no,0,73.3,86,12.46,161.4,82,13.72,239.6,76,10.78,8.2,3,2.21,4,True,482.49999999999994,247,39.17,1,High,Low User
522,KY,122,408,392-1616,no,yes,27,253.7,84,43.13,229.2,109,19.48,190.5,123,8.57,9.2,5,2.48,7,False,682.6,321,73.66000000000001,0,High,High User
523,MO,61,408,364-1969,no,no,0,45.0,108,7.65,151.3,74,12.86,152.9,94,6.88,9.8,6,2.65,2,False,359.00000000000006,282,30.039999999999996,0,Medium,Low User
524,IL,87,510,390-4152,no,no,0,231.3,105,39.32,171.7,108,14.59,67.7,136,3.05,13.0,6,3.51,1,False,483.7,355,60.46999999999999,0,Low,Low User
525,OK,176,408,367-7039,no,no,0,47.4,125,8.06,167.8,90,14.26,163.1,107,7.34,10.5,8,2.84,2,False,388.8,330,32.5,0,Medium,Low User
526,MI,30,510,391-6607,no,no,0,227.4,88,38.66,182.5,100,15.51,191.7,134,8.63,12.5,3,3.38,0,False,614.0999999999999,325,66.17999999999999,0,Low,High User
527,NJ,95,415,379-6652,no,yes,22,40.9,126,6.95,133.4,90,11.34,264.2,91,11.89,11.9,7,3.21,0,False,450.4,314,33.39,0,Low,Low User
528,ID,46,415,384-1833,no,no,0,124.8,133,21.22,157.3,143,13.37,199.3,72,8.97,8.6,4,2.32,2,False,490.00000000000006,352,45.879999999999995,0,Medium,Low User
529,DC,100,510,403-2455,yes,no,0,68.5,110,11.65,337.1,115,28.65,205.2,99,9.23,12.1,9,3.27,0,False,622.9,333,52.800000000000004,0,Low,High User
530,NY,47,415,391-1348,no,yes,37,163.5,77,27.8,203.1,102,17.26,232.0,87,10.44,7.8,4,2.11,2,False,606.4,270,57.61,0,Medium,High User
531,AL,77,415,408-4174,no,no,0,163.0,112,27.71,219.1,89,18.62,233.4,66,10.5,6.7,3,1.81,2,False,622.2,270,58.64,0,Medium,High User
532,OR,98,415,366-4334,no,yes,38,213.7,61,36.33,253.0,104,21.51,207.7,73,9.35,10.7,5,2.89,2,False,685.1,243,70.08,0,Medium,High User
533,OK,125,415,406-5059,no,yes,36,201.3,117,34.22,42.2,78,3.59,125.7,104,5.66,5.4,3,1.46,1,False,374.59999999999997,302,44.93,0,Low,Low User
534,LA,67,510,373-6784,no,no,0,310.4,97,52.77,66.5,123,5.65,246.5,99,11.09,9.2,10,2.48,4,False,632.6,329,71.99000000000001,0,High,High User
535,NE,194,408,408-3532,no,no,0,48.4,101,8.23,281.1,138,23.89,218.5,87,9.83,18.2,1,4.91,1,False,566.2,327,46.86,0,Low,Medium User
536,TX,128,415,350-8680,no,yes,40,171.2,88,29.1,145.7,109,12.38,196.8,93,8.86,14.0,6,3.78,1,False,527.7,296,54.120000000000005,0,Low,Medium User
537,UT,190,415,398-9870,no,yes,22,166.5,93,28.31,183.0,92,15.56,121.0,102,5.44,8.5,3,2.3,0,False,479.0,290,51.60999999999999,0,Low,Low User
538,OR,165,415,343-3356,no,no,0,216.6,126,36.82,190.8,104,16.22,224.7,123,10.11,12.4,8,3.35,0,False,644.4999999999999,361,66.5,0,Low,High User
539,NY,59,408,415-4609,no,no,0,107.8,113,18.33,216.6,125,18.41,217.5,92,9.79,9.9,3,2.67,2,False,551.8,333,49.199999999999996,0,Medium,Medium User
540,AL,47,408,404-5387,no,yes,28,141.3,94,24.02,168.0,108,14.28,113.5,84,5.11,7.8,2,2.11,1,False,430.6,288,45.519999999999996,0,Low,Low User
541,RI,150,415,415-8151,no,yes,29,209.9,77,35.68,158.0,52,13.43,141.9,113,6.39,6.6,1,1.78,0,False,516.4,243,57.28,0,Low,Medium User
542,MN,152,415,416-2778,yes,yes,20,237.5,120,40.38,253.4,94,21.54,265.2,80,11.93,14.2,3,3.83,9,True,770.3,297,77.67999999999999,1,High,High User
543,NC,26,415,393-3300,no,no,0,234.5,109,39.87,216.5,129,18.4,191.6,94,8.62,3.5,6,0.95,3,False,646.1,338,67.84,0,Medium,High User
544,MD,79,510,391-7661,no,yes,31,103.1,90,17.53,243.0,135,20.66,76.4,92,3.44,12.2,8,3.29,3,False,434.7,325,44.919999999999995,0,Medium,Low User
545,RI,95,510,339-4317,no,yes,27,129.5,106,22.02,248.9,90,21.16,268.0,115,12.06,11.9,3,3.21,1,False,658.3,314,58.45,0,Low,High User
546,WI,69,510,418-6455,yes,no,0,279.8,90,47.57,248.7,91,21.14,171.0,118,7.69,8.4,10,2.27,2,True,707.9,309,78.67,1,Medium,High User
547,VT,95,510,378-3508,yes,yes,41,136.8,91,23.26,200.8,61,17.07,133.7,67,6.02,10.3,9,2.78,5,True,481.6,228,49.129999999999995,1,High,Low User
548,CT,31,415,390-9359,no,yes,31,100.1,54,17.02,246.3,97,20.94,255.0,131,11.48,5.9,3,1.59,0,False,607.3,285,51.03,0,Low,High User
549,OK,121,408,364-2495,no,yes,31,237.1,63,40.31,205.6,117,17.48,196.7,85,8.85,10.1,5,2.73,4,False,649.5,270,69.37,0,High,High User
550,AK,111,415,364-7719,no,no,0,172.8,58,29.38,183.1,108,15.56,158.8,104,7.15,7.9,3,2.13,4,True,522.6,273,54.22,1,High,Medium User
551,NY,157,415,421-1189,no,no,0,224.5,111,38.17,200.7,99,17.06,116.6,118,5.25,11.5,2,3.11,2,False,553.3,330,63.59,0,Medium,Medium User
552,GA,44,510,419-8987,no,no,0,288.1,112,48.98,258.0,92,21.93,192.4,90,8.66,10.2,4,2.75,3,True,748.7,298,82.32,1,Medium,High User
553,UT,61,510,402-9980,yes,no,0,78.2,103,13.29,195.9,149,16.65,108.0,100,4.86,10.1,6,2.73,2,False,392.20000000000005,358,37.529999999999994,0,Medium,Low User
554,NM,65,415,376-5908,no,no,0,148.7,80,25.28,259.0,94,22.02,149.5,107,6.73,12.7,6,3.43,2,False,569.9000000000001,287,57.46,0,Medium,Medium User
555,NE,74,415,400-3150,no,yes,25,194.6,84,33.08,119.9,103,10.19,175.5,75,7.9,13.1,2,3.54,2,False,503.1,264,54.709999999999994,0,Medium,Medium User
556,NJ,123,408,336-1749,no,no,0,159.5,77,27.12,303.8,92,25.82,226.9,120,10.21,12.0,4,3.24,0,False,702.2,293,66.39,0,Low,High User
557,TX,58,408,420-1259,no,yes,20,194.5,110,33.07,213.7,89,18.16,236.6,92,10.65,9.5,2,2.57,1,False,654.3,293,64.45,0,Low,High User
558,MT,74,408,339-7541,no,no,0,174.1,96,29.6,251.1,94,21.34,257.6,123,11.59,8.3,5,2.24,2,True,691.0999999999999,318,64.77,1,Medium,High User
559,CO,125,415,378-9029,no,no,0,131.8,97,22.41,136.7,100,11.62,308.2,119,13.87,7.7,6,2.08,2,False,584.4000000000001,322,49.98,0,Medium,Medium User
560,VT,80,415,342-7514,no,no,0,160.6,103,27.3,237.0,109,20.15,245.1,88,11.03,10.7,1,2.89,1,False,653.4000000000001,301,61.370000000000005,0,Low,High User
561,RI,53,408,422-4956,no,yes,18,146.8,107,24.96,310.0,84,26.35,178.7,130,8.04,7.2,7,1.94,0,False,642.7,328,61.29,0,Low,High User
562,WY,99,408,389-8606,no,yes,28,200.7,88,34.12,264.2,116,22.46,172.7,102,7.77,9.1,5,2.46,1,False,646.6999999999999,311,66.80999999999999,0,Low,High User
563,ID,99,415,406-7261,no,no,0,145.6,106,24.75,98.3,106,8.36,230.8,83,10.39,10.9,5,2.94,1,False,485.59999999999997,300,46.44,0,Low,Low User
564,CT,66,415,417-7973,no,yes,29,229.4,104,39.0,257.4,84,21.88,231.5,119,10.42,8.0,1,2.16,2,False,726.3,308,73.46,0,Medium,High User
565,ME,97,510,390-2891,no,no,0,211.0,76,35.87,189.0,100,16.07,123.0,102,5.54,4.7,4,1.27,3,False,527.7,282,58.75,0,Medium,Medium User
566,AZ,75,510,385-7387,no,yes,37,121.5,97,20.66,271.4,110,23.07,248.7,97,11.19,11.3,5,3.05,2,False,652.8999999999999,309,57.97,0,Medium,High User
567,MD,85,510,362-2776,yes,no,0,216.0,73,36.72,188.2,117,16.0,147.1,98,6.62,3.6,7,0.97,2,False,554.9,295,60.309999999999995,0,Medium,Medium User
568,IN,108,510,329-1955,no,no,0,293.0,88,49.81,160.6,101,13.65,143.9,87,6.48,10.0,6,2.7,2,False,607.5,282,72.64,0,Medium,High User
569,NC,133,408,344-3160,yes,yes,32,221.1,137,37.59,264.9,99,22.52,168.9,108,7.6,15.4,4,4.16,2,True,670.3,348,71.86999999999999,1,Medium,High User
570,DE,51,510,406-2454,no,no,0,181.5,108,30.86,196.9,87,16.74,187.2,119,8.42,10.3,2,2.78,1,False,575.8999999999999,316,58.8,0,Low,Medium User
571,MN,186,415,335-3913,no,yes,26,74.3,107,12.63,177.3,116,15.07,296.3,90,13.33,14.5,3,3.92,2,False,562.4000000000001,316,44.95,0,Medium,Medium User
572,WI,44,415,355-7705,yes,no,0,62.3,92,10.59,275.0,82,23.38,138.7,108,6.24,10.8,3,2.92,1,False,486.8,285,43.13,0,Low,Low User
573,FL,64,408,410-7108,no,yes,31,228.6,88,38.86,248.5,109,21.12,167.1,124,7.52,9.0,1,2.43,3,False,653.2,322,69.93,0,Medium,High User
574,WV,44,510,419-1674,no,no,0,228.1,121,38.78,276.5,79,23.5,279.8,77,12.59,9.9,5,2.67,2,True,794.3000000000001,282,77.54,1,Medium,High User
575,SD,114,415,351-7369,no,yes,36,309.9,90,52.68,200.3,89,17.03,183.5,105,8.26,14.2,2,3.83,1,False,707.9000000000001,286,81.80000000000001,0,Low,High User
576,FL,92,415,349-9566,no,no,0,201.9,74,34.32,226.8,119,19.28,217.5,80,9.79,13.7,6,3.7,3,False,659.9000000000001,279,67.09,0,Medium,High User
577,OR,110,408,333-3421,no,no,0,149.8,112,25.47,180.0,93,15.3,140.0,119,6.3,11.7,4,3.16,2,False,481.5,328,50.22999999999999,0,Medium,Low User
578,CO,90,408,393-8199,no,yes,30,183.8,76,31.25,229.7,95,19.52,144.1,124,6.48,7.7,3,2.08,1,False,565.3000000000001,298,59.33,0,Low,Medium User
579,CT,72,408,388-4879,no,yes,21,186.7,108,31.74,335.0,86,28.48,187.2,119,8.42,16.5,4,4.46,1,False,725.4000000000001,317,73.1,0,Low,High User
580,IN,113,415,353-6007,no,no,0,209.4,151,35.6,347.3,113,29.52,246.0,116,11.07,7.4,2,2.0,1,True,810.1,382,78.19,1,Low,High User
581,PA,171,415,416-1557,no,yes,25,223.2,77,37.94,183.2,118,15.57,150.8,90,6.79,10.2,3,2.75,3,False,567.4000000000001,288,63.05,0,Medium,Medium User
582,NM,104,415,356-7217,no,no,0,164.2,109,27.91,155.4,90,13.21,168.9,117,7.6,10.7,8,2.89,1,False,499.2,324,51.61000000000001,0,Low,Low User
583,ME,165,408,350-2012,no,no,0,150.5,75,25.59,193.1,93,16.41,311.6,93,14.02,10.3,2,2.78,1,False,665.5,263,58.8,0,Low,High User
584,SD,104,510,420-9838,no,no,0,234.2,128,39.81,293.1,92,24.91,183.9,79,8.28,9.8,6,2.65,0,True,720.9999999999999,305,75.65,1,Low,High User
585,AR,110,408,373-6379,no,no,0,55.3,102,9.4,164.7,124,14.0,200.7,108,9.03,10.2,5,2.75,1,False,430.9,339,35.18,0,Low,Low User
586,TX,90,408,355-7293,yes,no,0,221.8,97,37.71,203.8,134,17.32,215.8,154,9.71,8.4,4,2.27,1,False,649.8000000000001,389,67.01,0,Low,High User
587,NH,114,415,406-4588,no,no,0,169.6,85,28.83,58.9,86,5.01,179.3,124,8.07,7.4,8,2.0,1,False,415.2,303,43.91,0,Low,Low User
588,OK,101,408,345-1524,no,no,0,89.7,118,15.25,260.1,79,22.11,170.1,93,7.65,13.5,11,3.65,5,True,533.4,301,48.66,1,High,Medium User
589,WI,117,408,375-8493,no,yes,14,80.2,81,13.63,219.0,103,18.62,122.6,102,5.52,8.6,2,2.32,1,False,430.4,288,40.089999999999996,0,Low,Low User
590,AL,109,408,361-2924,no,no,0,218.9,105,37.21,299.9,87,25.49,158.6,110,7.14,11.3,4,3.05,2,False,688.6999999999999,306,72.89,0,Medium,High User
591,PA,82,408,359-6163,no,no,0,125.7,96,21.37,207.6,137,17.65,183.1,103,8.24,12.9,2,3.48,1,False,529.3,338,50.739999999999995,0,Low,Medium User
592,OK,92,510,411-8140,no,no,0,176.3,85,29.97,93.4,125,7.94,207.2,107,9.32,9.6,1,2.59,2,False,486.50000000000006,318,49.81999999999999,0,Medium,Low User
593,ME,82,510,381-9049,no,yes,29,207.2,111,35.22,254.1,137,21.6,169.3,92,7.62,9.5,5,2.57,2,False,640.0999999999999,345,67.00999999999999,0,Medium,High User
594,WV,90,415,344-4478,no,no,0,205.7,138,34.97,161.9,83,13.76,269.7,104,12.14,12.5,6,3.38,2,False,649.8,331,64.25,0,Medium,High User
595,HI,87,408,360-2690,no,yes,28,151.4,95,25.74,152.4,97,12.95,250.1,109,11.25,0.0,0,0.0,1,False,553.9,301,49.94,0,Low,Medium User
596,MN,124,510,410-7383,no,no,0,157.5,70,26.78,130.7,79,11.11,193.4,98,8.7,9.6,4,2.59,3,False,491.20000000000005,251,49.18000000000001,0,Medium,Low User
597,NY,39,408,356-1889,no,no,0,160.4,68,27.27,102.6,103,8.72,235.3,106,10.59,9.1,5,2.46,2,False,507.40000000000003,282,49.04,0,Medium,Medium User
598,AZ,84,415,341-2360,no,no,0,159.0,80,27.03,167.9,128,14.27,167.6,101,7.54,12.3,5,3.32,1,False,506.8,314,52.16,0,Low,Medium User
599,OH,75,510,370-3021,no,yes,46,214.1,62,36.4,200.9,111,17.08,246.8,126,11.11,9.2,6,2.48,0,False,671.0,305,67.07000000000001,0,Low,High User
600,MI,102,510,336-4656,no,no,0,102.6,89,17.44,246.0,77,20.91,170.5,140,7.67,9.1,4,2.46,2,False,528.2,310,48.480000000000004,0,Medium,Medium User
601,MA,62,415,386-2810,yes,no,0,159.7,86,27.15,197.5,76,16.79,121.6,105,5.47,13.9,6,3.75,0,True,492.69999999999993,273,53.16,1,Low,Low User
602,WV,143,510,350-1354,no,no,0,202.8,109,34.48,165.8,104,14.09,143.9,71,6.48,4.6,4,1.24,1,False,517.1,288,56.29,0,Low,Medium User
603,MI,53,415,346-5707,no,no,0,57.5,95,9.78,265.5,131,22.57,244.3,128,10.99,11.6,6,3.13,3,False,578.9,360,46.470000000000006,0,Medium,Medium User
604,NM,30,415,405-8370,no,no,0,169.9,144,28.88,225.2,118,19.14,169.7,93,7.64,11.4,7,3.08,1,False,576.1999999999999,362,58.739999999999995,0,Low,Medium User
605,MO,112,415,373-2053,no,no,0,335.5,77,57.04,212.5,109,18.06,265.0,132,11.93,12.7,8,3.43,2,True,825.7,326,90.46000000000001,1,Medium,High User
606,RI,129,415,369-5222,no,no,0,139.5,119,23.72,289.3,105,24.59,129.4,97,5.82,13.1,8,3.54,0,False,571.3000000000001,329,57.67,0,Low,Medium User
607,NC,63,415,347-7420,no,yes,29,142.3,107,24.19,118.7,56,10.09,240.1,91,10.8,6.6,8,1.78,1,False,507.70000000000005,262,46.86,0,Low,Medium User
608,WY,28,415,392-6856,no,no,0,187.8,94,31.93,248.6,86,21.13,208.8,124,9.4,10.6,5,2.86,0,False,655.8000000000001,309,65.32000000000001,0,Low,High User
609,WY,111,415,371-5556,no,no,0,146.2,55,24.85,261.5,83,22.23,163.2,116,7.34,8.7,3,2.35,3,False,579.6,257,56.77,0,Medium,Medium User
610,PA,91,510,334-5337,no,no,0,231.8,120,39.41,150.6,106,12.8,269.2,129,12.11,11.6,7,3.13,3,False,663.1999999999999,362,67.44999999999999,0,Medium,High User
611,KY,90,415,334-8817,no,no,0,193.7,83,32.93,154.2,79,13.11,299.0,60,13.46,12.7,3,3.43,1,False,659.6,225,62.93,0,Low,High User
612,OR,151,510,339-1405,no,no,0,156.4,108,26.59,233.4,118,19.84,195.7,141,8.81,7.7,6,2.08,4,False,593.2,373,57.32,0,High,Medium User
613,NV,105,415,380-7742,yes,yes,29,220.7,82,37.52,217.7,110,18.5,190.5,100,8.57,13.2,6,3.56,1,True,642.1,298,68.15,1,Low,High User
614,DC,41,408,329-6191,no,yes,37,239.8,110,40.77,221.9,115,18.86,189.1,100,8.51,7.3,1,1.97,2,False,658.1,326,70.11,0,Medium,High User
615,UT,48,510,340-3075,no,yes,43,172.0,111,29.24,200.2,64,17.02,233.1,96,10.49,8.0,5,2.16,1,False,613.3,276,58.91,0,Low,High User
616,WA,166,408,416-5849,yes,yes,35,128.2,138,21.79,274.5,113,23.33,298.9,130,13.45,8.8,7,2.38,2,False,710.3999999999999,388,60.949999999999996,0,Medium,High User
617,FL,79,510,334-7443,no,no,0,130.2,119,22.13,290.9,121,24.73,194.8,140,8.77,14.0,6,3.78,3,False,629.9,386,59.41,0,Medium,High User
618,VA,153,510,394-9121,no,no,0,195.4,107,33.22,154.6,96,13.14,142.8,97,6.43,11.6,6,3.13,1,False,504.40000000000003,306,55.92,0,Low,Medium User
619,KS,110,415,383-1657,yes,no,0,293.3,79,49.86,188.5,90,16.02,266.9,91,12.01,14.5,4,3.92,0,True,763.2,264,81.81,1,Low,High User
620,KS,163,415,347-4112,no,no,0,191.3,89,32.52,193.9,87,16.48,268.4,121,12.08,12.8,4,3.46,1,False,666.4,301,64.53999999999999,0,Low,High User
621,DC,126,510,362-8280,no,no,0,122.4,88,20.81,143.8,111,12.22,157.0,106,7.07,11.5,3,3.11,1,False,434.70000000000005,308,43.21,0,Low,Low User
622,ME,105,408,402-9982,no,yes,33,209.6,68,35.63,146.9,140,12.49,121.0,131,5.44,10.6,3,2.86,2,False,488.1,342,56.42,0,Medium,Low User
623,LA,172,415,392-8905,no,no,0,215.7,140,36.67,146.3,84,12.44,264.6,83,11.91,7.1,1,1.92,3,False,633.7,308,62.94,0,Medium,High User
624,DC,126,415,392-5512,no,no,0,161.4,110,27.44,220.6,125,18.75,249.2,78,11.21,5.1,2,1.38,0,False,636.3000000000001,315,58.78,0,Low,High User
625,TX,97,510,351-6384,no,no,0,144.2,91,24.51,226.7,137,19.27,144.6,72,6.51,13.8,4,3.73,3,False,529.3,304,54.019999999999996,0,Medium,Medium User
626,NJ,95,408,348-8015,yes,yes,37,220.2,109,37.43,185.3,99,15.75,205.1,82,9.23,4.1,2,1.11,0,True,614.7,292,63.519999999999996,1,Low,High User
627,DE,87,510,374-6966,no,no,0,256.2,105,43.55,160.7,102,13.66,249.4,80,11.22,7.4,2,2.0,4,False,673.6999999999999,289,70.42999999999999,0,High,High User
628,VT,97,415,328-2236,no,no,0,112.7,119,19.16,217.7,109,18.5,152.1,76,6.84,6.5,5,1.76,1,False,489.0,309,46.26,0,Low,Low User
629,GA,76,415,372-6497,no,no,0,299.5,125,50.92,226.7,92,19.27,210.7,134,9.48,13.7,4,3.7,0,True,750.6000000000001,355,83.37,1,Low,High User
630,TX,140,408,417-8617,no,no,0,194.8,107,33.12,170.9,99,14.53,225.1,93,10.13,13.9,4,3.75,0,False,604.7,303,61.53,0,Low,High User
631,MT,169,415,361-9621,no,no,0,100.8,112,17.14,230.0,69,19.55,193.6,95,8.71,9.5,2,2.57,0,False,533.9,278,47.97,0,Low,Medium User
632,ND,68,408,421-2723,no,yes,22,82.5,97,14.03,289.9,94,24.64,180.0,114,8.1,4.8,4,1.3,3,False,557.1999999999999,309,48.07,0,Medium,Medium User
633,NJ,122,415,327-9341,no,yes,34,146.4,104,24.89,89.7,103,7.62,220.0,91,9.9,15.6,4,4.21,2,False,471.70000000000005,302,46.62,0,Medium,Low User
634,MO,36,408,383-5474,no,no,0,177.9,129,30.24,224.6,87,19.09,306.3,102,13.78,10.8,6,2.92,2,False,719.5999999999999,324,66.03,0,Medium,High User
635,CO,120,510,328-8147,no,yes,27,153.5,84,26.1,194.0,73,16.49,256.5,94,11.54,10.2,7,2.75,5,False,614.2,258,56.88,0,High,High User
636,KS,121,408,373-5438,no,no,0,150.7,105,25.62,197.3,133,16.77,169.0,116,7.61,9.2,15,2.48,1,False,526.2,369,52.48,0,Low,Medium User
637,NC,64,408,333-9253,no,yes,19,180.1,106,30.62,127.5,92,10.84,237.4,118,10.68,7.5,3,2.03,0,False,552.5,319,54.17,0,Low,Medium User
638,MT,13,415,347-9421,no,yes,31,265.3,94,45.1,147.6,95,12.55,259.3,117,11.67,12.9,1,3.48,1,False,685.1,307,72.80000000000001,0,Low,High User
639,DE,106,415,419-3167,no,no,0,128.6,83,21.86,134.0,114,11.39,210.6,113,9.48,11.4,2,3.08,0,False,484.6,312,45.81,0,Low,Low User
640,ND,88,415,414-4162,no,no,0,161.5,92,27.46,173.5,108,14.75,206.2,95,9.28,7.9,4,2.13,2,False,549.1,299,53.620000000000005,0,Medium,Medium User
641,VA,74,408,416-5341,no,no,0,165.3,120,28.1,198.5,106,16.87,208.5,102,9.38,9.8,3,2.65,1,False,582.0999999999999,331,57.0,0,Low,Medium User
642,IL,83,415,368-8600,no,no,0,195.0,92,33.15,210.5,83,17.89,180.6,92,8.13,11.0,13,2.97,0,False,597.1,280,62.14,0,Low,Medium User
643,OK,49,415,336-6085,no,no,0,213.8,79,36.35,265.1,93,22.53,239.8,128,10.79,15.6,7,4.21,0,False,734.3000000000001,307,73.88,0,Low,High User
644,CO,111,510,377-1479,no,yes,24,205.5,114,34.94,219.3,99,18.64,215.9,95,9.72,14.0,4,3.78,1,False,654.7,312,67.08,0,Low,High User
645,MT,50,415,360-2107,no,yes,22,252.9,112,42.99,177.9,99,15.12,158.4,146,7.13,8.5,4,2.3,3,False,597.7,361,67.53999999999999,0,Medium,Medium User
646,WV,153,408,405-9384,no,yes,28,235.6,74,40.05,227.9,37,19.37,170.3,103,7.66,15.4,9,4.16,0,False,649.1999999999999,223,71.24,0,Low,High User
647,ME,88,415,420-5179,no,no,0,192.0,91,32.64,127.6,127,10.85,155.6,125,7.0,7.5,5,2.03,1,False,482.70000000000005,348,52.52,0,Low,Low User
648,WI,131,415,331-3174,no,yes,39,69.1,122,11.75,101.3,136,8.61,104.8,94,4.72,9.1,4,2.46,0,False,284.3,356,27.54,0,Low,Low User
649,MO,79,408,411-5958,no,no,0,261.7,97,44.49,210.6,48,17.9,256.7,83,11.55,6.0,3,1.62,3,True,735.0,231,75.56,1,Medium,High User
650,NY,140,415,333-8180,no,no,0,235.5,81,40.04,257.2,130,21.86,103.1,111,4.64,11.5,4,3.11,2,False,607.3,326,69.64999999999999,0,Medium,High User
651,CT,105,408,357-2679,no,no,0,213.4,100,36.28,204.9,52,17.42,179.7,93,8.09,9.5,6,2.57,1,False,607.5,251,64.36,0,Low,High User
652,AR,54,415,396-2867,no,yes,39,206.9,143,35.17,127.8,72,10.86,199.2,120,8.96,9.2,1,2.48,3,False,543.1,336,57.47,0,Medium,Medium User
653,WY,87,415,341-9443,no,yes,22,263.8,65,44.85,103.4,115,8.79,208.1,109,9.36,8.5,3,2.3,3,False,583.8000000000001,292,65.3,0,Medium,Medium User
654,CA,96,510,341-4103,no,yes,31,183.4,126,31.18,195.5,106,16.62,180.1,93,8.1,10.5,5,2.84,1,False,569.5,330,58.739999999999995,0,Low,Medium User
655,CA,79,510,416-8701,no,no,0,157.6,85,26.79,194.1,92,16.5,231.5,86,10.42,9.4,10,2.54,5,True,592.6,273,56.25,1,High,Medium User
656,MN,55,415,397-6109,no,no,0,175.6,147,29.85,161.8,118,13.75,289.5,55,13.03,9.3,4,2.51,0,False,636.1999999999999,324,59.14,0,Low,High User
657,AK,130,415,392-5587,no,no,0,242.5,101,41.23,102.8,114,8.74,142.4,89,6.41,9.3,2,2.51,2,False,497.00000000000006,306,58.88999999999999,0,Medium,Low User
658,VA,34,415,392-9342,no,no,0,151.0,102,25.67,131.4,101,11.17,186.6,86,8.4,9.9,7,2.67,0,False,478.9,296,47.910000000000004,0,Low,Low User
659,CO,139,415,368-2845,no,no,0,138.1,103,23.48,164.5,100,13.98,134.9,63,6.07,8.3,2,2.24,1,False,445.8,268,45.77,0,Low,Low User
660,MT,109,408,405-4920,no,no,0,264.7,69,45.0,305.0,120,25.93,197.4,86,8.88,9.5,9,2.57,1,True,776.6,284,82.38,1,Low,High User
661,SD,65,408,348-7484,no,yes,31,282.3,70,47.99,152.0,89,12.92,225.5,93,10.15,12.0,4,3.24,1,False,671.8,256,74.3,0,Low,High User
662,NE,63,415,338-5207,no,no,0,211.2,80,35.9,237.7,93,20.2,259.2,58,11.66,12.3,2,3.32,0,False,720.3999999999999,233,71.07999999999998,0,Low,High User
663,VT,152,415,418-7846,no,no,0,197.1,126,33.51,130.1,76,11.06,78.1,100,3.51,7.4,4,2.0,3,False,412.69999999999993,306,50.08,0,Medium,Low User
664,ND,147,408,358-8729,no,no,0,205.3,95,34.9,166.7,128,14.17,240.6,84,10.83,7.8,4,2.11,1,False,620.4,311,62.01,0,Low,High User
665,GA,112,415,349-1943,no,yes,22,181.8,110,30.91,228.1,123,19.39,262.7,141,11.82,9.2,4,2.48,2,False,681.8,378,64.6,0,Medium,High User
666,OR,120,415,368-8283,no,no,0,252.0,120,42.84,150.2,106,12.77,151.8,96,6.83,9.6,1,2.59,2,False,563.6,323,65.03,0,Medium,Medium User
667,MT,27,510,345-1419,no,no,0,193.8,102,32.95,118.9,104,10.11,135.9,124,6.12,9.2,3,2.48,0,False,457.8,333,51.66,0,Low,Low User
668,WY,171,415,358-8025,no,no,0,231.2,135,39.3,188.7,74,16.04,206.9,124,9.31,12.3,1,3.32,1,False,639.0999999999999,334,67.96999999999998,0,Low,High User
669,GA,101,415,383-8695,no,yes,33,200.1,108,34.02,188.9,122,16.06,205.1,90,9.23,15.5,4,4.19,0,False,609.6,324,63.5,0,Low,High User
670,WV,32,408,370-7565,no,yes,26,266.7,109,45.34,232.3,107,19.75,212.8,98,9.58,16.3,4,4.4,1,False,728.0999999999999,318,79.07000000000001,0,Low,High User
671,CT,3,415,401-6162,no,yes,36,118.1,117,20.08,221.5,125,18.83,103.9,89,4.68,11.9,6,3.21,2,False,455.4,337,46.8,0,Medium,Low User
672,IL,151,408,386-5303,no,no,0,175.3,106,29.8,144.3,87,12.27,160.2,88,7.21,11.8,5,3.19,0,False,491.6,286,52.47,0,Low,Low User
673,CO,60,408,351-6552,no,no,0,125.1,99,21.27,248.8,62,21.15,211.3,79,9.51,11.2,3,3.02,3,False,596.4000000000001,243,54.95,0,Medium,Medium User
674,DE,119,415,345-5338,no,no,0,176.8,90,30.06,224.7,81,19.1,204.6,77,9.21,7.5,15,2.03,1,False,613.6,263,60.4,0,Low,High User
675,LA,43,415,330-2849,no,no,0,241.9,101,41.12,129.4,121,11.0,264.8,104,11.92,5.9,3,1.59,1,False,642.0,329,65.63,0,Low,High User
676,MA,42,408,364-6801,no,no,0,241.2,134,41.0,116.5,114,9.9,152.2,91,6.85,10.6,4,2.86,0,False,520.5,343,60.61,0,Low,Medium User
677,IN,84,408,375-3003,no,no,0,217.1,99,36.91,236.0,68,20.06,118.3,120,5.32,9.4,4,2.54,1,False,580.8,291,64.83,0,Low,Medium User
678,NY,65,510,383-8878,no,no,0,195.4,110,33.22,181.2,109,15.4,178.5,105,8.03,8.9,4,2.4,0,False,564.0,328,59.05,0,Low,Medium User
679,TX,75,415,384-2372,yes,no,0,222.4,78,37.81,327.0,111,27.8,208.0,104,9.36,8.7,9,2.35,1,True,766.1,302,77.32,1,Low,High User
680,KS,116,510,377-7107,no,no,0,189.5,90,32.22,189.8,118,16.13,205.8,83,9.26,13.1,2,3.54,1,False,598.2,293,61.14999999999999,0,Low,Medium User
681,WV,107,415,361-1581,no,no,0,123.1,100,20.93,158.4,82,13.46,256.1,82,11.52,9.3,5,2.51,0,False,546.9,269,48.419999999999995,0,Low,Medium User
682,NE,189,415,417-7888,no,yes,38,256.7,98,43.64,150.5,120,12.79,123.0,87,5.54,11.4,3,3.08,3,False,541.6,308,65.05,0,Medium,Medium User
683,ND,123,408,383-8364,no,no,0,159.1,94,27.05,241.6,119,20.54,202.4,120,9.11,6.5,1,1.76,1,False,609.6,334,58.46,0,Low,High User
684,AK,110,408,396-2335,no,no,0,100.1,90,17.02,233.3,93,19.83,204.4,57,9.2,11.1,8,3.0,3,False,548.9,248,49.05,0,Medium,Medium User
685,CO,63,415,408-4530,no,yes,32,30.9,113,5.25,187.0,113,15.9,230.8,101,10.39,8.6,7,2.32,1,False,457.30000000000007,334,33.86,0,Low,Low User
686,ME,176,415,408-6621,no,no,0,223.2,76,37.94,214.4,131,18.22,154.4,80,6.95,10.1,2,2.73,3,False,602.1,289,65.84,0,Medium,High User
687,SC,108,510,393-7522,no,no,0,187.4,101,31.86,199.9,126,16.99,216.1,107,9.72,12.6,8,3.4,1,False,616.0,342,61.96999999999999,0,Low,High User
688,MN,13,510,338-7120,no,yes,21,315.6,105,53.65,208.9,71,17.76,260.1,123,11.7,12.1,3,3.27,3,False,796.7,302,86.38,0,Medium,High User
689,CO,71,415,357-4265,no,no,0,277.5,104,47.18,131.8,121,11.2,126.9,101,5.71,8.2,2,2.21,1,False,544.4000000000001,328,66.29999999999998,0,Low,Medium User
690,KS,88,415,398-8801,no,no,0,189.8,111,32.27,197.3,101,16.77,234.5,111,10.55,14.9,3,4.02,2,False,636.5,326,63.61,0,Medium,High User
691,MS,137,510,346-2347,no,no,0,147.2,119,25.02,192.8,91,16.39,172.7,105,7.77,10.2,4,2.75,1,False,522.9000000000001,319,51.92999999999999,0,Low,Medium User
692,NE,82,408,343-2741,no,no,0,185.8,36,31.59,276.5,134,23.5,192.1,104,8.64,5.7,7,1.54,4,False,660.1,281,65.27000000000001,0,High,High User
693,NJ,92,510,420-8242,no,yes,29,155.4,110,26.42,188.5,104,16.02,254.9,118,11.47,8.0,4,2.16,3,False,606.8,336,56.06999999999999,0,Medium,High User
694,WI,165,510,402-7746,no,no,0,154.2,91,26.21,268.6,108,22.83,188.8,99,8.5,10.9,4,2.94,6,False,622.5,302,60.48,0,High,High User
695,MT,96,415,332-1494,no,no,0,97.6,98,16.59,105.5,118,8.97,220.2,105,9.91,11.6,9,3.13,1,False,434.9,330,38.6,0,Low,Low User
696,AR,156,415,388-6223,no,no,0,178.8,94,30.4,178.4,97,15.16,169.2,77,7.61,7.5,3,2.03,1,False,533.9000000000001,271,55.2,0,Low,Medium User
697,WA,63,408,404-9539,no,no,0,149.3,104,25.38,273.6,75,23.26,206.6,72,9.3,9.1,4,2.46,0,False,638.6,255,60.4,0,Low,High User
698,NH,37,415,341-7332,no,no,0,206.0,89,35.02,186.0,88,15.81,307.1,86,13.82,8.4,11,2.27,0,False,707.5,274,66.92,0,Low,High User
699,IA,98,415,338-7886,no,no,0,216.8,86,36.86,190.8,114,16.22,187.5,79,8.44,11.0,9,2.97,0,False,606.1,288,64.49,0,Low,High User
700,WV,121,415,332-5596,no,no,0,103.3,110,17.56,129.1,82,10.97,167.1,113,7.52,10.7,3,2.89,0,False,410.2,308,38.94,0,Low,Low User
701,RI,94,415,348-9945,no,no,0,139.4,95,23.7,159.1,92,13.52,128.2,129,5.77,7.7,3,2.08,0,False,434.4,319,45.06999999999999,0,Low,Low User
702,KS,99,415,407-1896,no,no,0,191.2,110,32.5,163.9,102,13.93,243.6,114,10.96,14.1,3,3.81,1,False,612.8000000000001,329,61.2,0,Low,High User
703,MT,163,510,398-9408,no,yes,23,160.0,104,27.2,189.4,64,16.1,229.9,118,10.35,10.4,7,2.81,1,False,589.6999999999999,293,56.46,0,Low,Medium User
704,MO,161,510,369-8005,no,no,0,221.7,95,37.69,193.0,82,16.41,194.1,113,8.73,6.5,4,1.76,3,False,615.3,294,64.59,0,Medium,High User
705,HI,99,415,346-2530,no,no,0,62.9,81,10.69,231.0,64,19.64,168.9,121,7.6,8.5,5,2.3,1,False,471.29999999999995,271,40.23,0,Low,Low User
706,CO,108,415,400-5984,no,no,0,215.6,78,36.65,195.3,119,16.6,194.4,65,8.75,3.6,5,0.97,1,False,608.9,267,62.97,0,Low,High User
707,CT,84,510,351-1007,no,yes,42,165.3,97,28.1,223.5,118,19.0,260.8,72,11.74,7.6,7,2.05,3,False,657.2,294,60.89,0,Medium,High User
708,ID,83,415,345-5980,yes,yes,32,94.7,111,16.1,154.4,98,13.12,200.4,109,9.02,10.6,6,2.86,2,False,460.1,324,41.099999999999994,0,Medium,Low User
709,DC,139,510,368-8964,no,no,0,203.2,81,34.54,152.5,99,12.96,197.8,76,8.9,9.7,3,2.62,2,False,563.2,259,59.019999999999996,0,Medium,Medium User
710,TN,69,510,358-1912,no,no,0,195.3,70,33.2,216.7,108,18.42,259.9,119,11.7,12.5,4,3.38,3,False,684.4,301,66.7,0,Medium,High User
711,WY,129,510,379-3132,no,no,0,143.7,114,24.43,297.8,98,25.31,212.6,86,9.57,11.4,8,3.08,4,False,665.5,306,62.38999999999999,0,High,High User
712,MO,106,415,340-9910,no,no,0,114.4,104,19.45,78.3,101,6.66,232.7,78,10.47,0.0,0,0.0,2,False,425.4,283,36.58,0,Medium,Low User
713,VA,158,415,396-2719,no,no,0,222.8,101,37.88,203.0,128,17.26,210.6,106,9.48,6.9,2,1.86,2,False,643.3,337,66.48,0,Medium,High User
714,SD,168,415,369-6204,no,yes,22,175.9,70,29.9,211.7,105,17.99,174.5,81,7.85,7.3,5,1.97,2,False,569.4,261,57.71,0,Medium,Medium User
715,WV,115,510,420-9971,yes,no,0,249.9,95,42.48,242.5,104,20.61,151.7,121,6.83,15.3,6,4.13,1,True,659.3999999999999,326,74.05,1,Low,High User
716,GA,57,408,410-3782,yes,yes,30,234.5,130,39.87,195.2,116,16.59,268.8,94,12.1,11.4,4,3.08,2,False,709.9,344,71.63999999999999,0,Medium,High User
717,AZ,67,415,404-4481,no,no,0,210.7,116,35.82,219.2,86,18.63,179.7,83,8.09,7.2,6,1.94,1,False,616.8,291,64.48,0,Low,High User
718,AK,127,408,383-9255,no,no,0,182.3,124,30.99,169.9,110,14.44,184.0,116,8.28,9.3,3,2.51,1,False,545.5,353,56.22,0,Low,Medium User
719,AK,78,510,418-9385,no,no,0,190.3,88,32.35,194.5,89,16.53,256.5,109,11.54,11.7,5,3.16,2,False,653.0,291,63.58,0,Medium,High User
720,CT,100,415,360-9676,no,yes,38,177.1,88,30.11,163.7,108,13.91,242.7,72,10.92,7.4,2,2.0,0,False,590.9,270,56.94,0,Low,Medium User
721,UT,103,510,327-3587,no,yes,36,87.2,92,14.82,169.3,110,14.39,166.7,80,7.5,10.9,5,2.94,6,True,434.09999999999997,287,39.65,1,High,Low User
722,KY,113,415,385-4715,no,no,0,215.6,96,36.65,193.4,127,16.44,105.4,115,4.74,13.5,3,3.65,1,False,527.9,341,61.480000000000004,0,Low,Medium User
723,MI,78,510,414-2695,no,no,0,137.4,109,23.36,237.6,49,20.2,206.7,136,9.3,14.0,11,3.78,3,False,595.7,305,56.64,0,Medium,Medium User
724,OR,129,510,331-5999,no,yes,36,192.8,103,32.78,177.0,83,15.05,216.5,118,9.74,16.4,5,4.43,1,False,602.6999999999999,309,62.0,0,Low,High User
725,TN,57,510,337-7739,no,no,0,149.3,100,25.38,200.2,110,17.02,231.7,101,10.43,11.9,3,3.21,2,False,593.1,314,56.04,0,Medium,Medium User
726,WV,82,408,388-6658,no,no,0,143.7,116,24.43,170.7,99,14.51,287.7,95,12.95,7.8,5,2.11,1,False,609.8999999999999,315,54.0,0,Low,High User
727,NJ,64,415,405-6943,no,no,0,224.8,111,38.22,190.0,101,16.15,221.4,110,9.96,9.2,2,2.48,1,False,645.4000000000001,324,66.81,0,Low,High User
728,MS,86,510,382-4084,no,yes,39,261.2,122,44.4,214.2,101,18.21,154.9,101,6.97,12.7,5,3.43,2,False,643.0,329,73.01,0,Medium,High User
729,ME,151,415,352-8249,no,yes,26,196.5,98,33.41,175.8,111,14.94,221.8,124,9.98,13.4,5,3.62,0,False,607.5,338,61.949999999999996,0,Low,High User
730,WY,94,510,353-8363,no,no,0,271.2,105,46.1,202.6,105,17.22,221.6,51,9.97,11.5,3,3.11,3,True,706.9,264,76.4,1,Medium,High User
731,WY,90,415,416-2825,no,no,0,207.2,121,35.22,292.5,104,24.86,226.3,103,10.18,8.0,1,2.16,2,False,734.0,329,72.41999999999999,0,Medium,High User
732,IN,48,510,342-6696,no,no,0,300.4,94,51.07,133.2,103,11.32,197.4,94,8.88,7.2,5,1.94,2,False,638.2,296,73.21,0,Medium,High User
733,NM,85,408,338-9210,no,yes,37,229.6,123,39.03,132.3,90,11.25,211.9,76,9.54,9.5,8,2.57,2,False,583.3,297,62.39,0,Medium,Medium User
734,NJ,93,415,328-1768,yes,yes,20,187.5,110,31.88,169.8,94,14.43,175.3,127,7.89,12.1,4,3.27,1,False,544.7,335,57.470000000000006,0,Low,Medium User
735,DC,169,415,406-5870,yes,no,0,57.1,98,9.71,199.7,78,16.97,274.7,103,12.36,6.5,6,1.76,3,False,538.0,285,40.8,0,Medium,Medium User
736,UT,68,415,398-3834,no,no,0,162.1,86,27.56,155.0,86,13.18,189.7,87,8.54,11.0,9,2.97,5,True,517.8,268,52.24999999999999,1,High,Medium User
737,KY,91,415,330-7754,yes,no,0,145.0,89,24.65,175.8,102,14.94,223.7,151,10.07,16.7,3,4.51,2,True,561.2,345,54.169999999999995,1,Medium,Medium User
738,KS,68,510,414-9054,no,no,0,159.5,123,27.12,240.8,93,20.47,210.3,76,9.46,11.4,3,3.08,1,False,622.0,295,60.13,0,Low,High User
739,MI,101,510,350-2832,no,no,0,190.7,72,32.42,208.6,103,17.73,203.8,111,9.17,8.8,8,2.38,1,False,611.8999999999999,294,61.70000000000001,0,Low,High User
740,UT,67,510,414-9027,no,yes,20,230.6,40,39.2,189.1,58,16.07,162.2,115,7.3,9.4,2,2.54,1,False,591.3,215,65.11,0,Low,Medium User
741,NE,66,415,337-1225,no,no,0,34.0,133,5.78,278.6,61,23.68,129.6,120,5.83,11.5,3,3.11,0,False,453.70000000000005,317,38.4,0,Low,Low User
742,FL,116,415,394-6577,no,yes,17,193.4,112,32.88,240.6,131,20.45,248.1,98,11.16,11.4,3,3.08,5,False,693.5,344,67.57,0,High,High User
743,LA,158,408,359-6995,no,no,0,202.0,126,34.34,163.5,86,13.9,195.4,84,8.79,10.4,6,2.81,1,False,571.3,302,59.84,0,Low,Medium User
744,MT,78,415,377-7561,no,no,0,191.7,122,32.59,241.4,88,20.52,203.5,86,9.16,9.1,5,2.46,1,False,645.7,301,64.72999999999999,0,Low,High User
745,WA,119,415,380-6631,no,yes,26,161.3,97,27.42,250.3,110,21.28,142.4,92,6.41,6.6,8,1.78,1,False,560.6,307,56.89,0,Low,Medium User
746,MI,120,415,390-8876,no,no,0,150.6,85,25.6,119.0,128,10.12,232.9,123,10.48,6.4,2,1.73,1,False,508.9,338,47.93,0,Low,Medium User
747,KY,155,510,413-2201,no,no,0,184.6,102,31.38,196.0,117,16.66,226.5,122,10.19,7.8,1,2.11,1,False,614.9,342,60.339999999999996,0,Low,High User
748,LA,106,408,374-2073,no,no,0,220.7,120,37.52,270.2,95,22.97,121.6,113,5.47,8.7,5,2.35,1,False,621.2,333,68.31,0,Low,High User
749,NM,87,510,417-1272,yes,no,0,167.3,119,28.44,198.5,119,16.87,133.1,88,5.99,11.0,6,2.97,1,False,509.9,332,54.27,0,Low,Medium User
750,AL,146,415,358-1129,no,yes,32,154.0,80,26.18,185.5,91,15.77,148.2,107,6.67,8.2,4,2.21,3,False,495.9,282,50.830000000000005,0,Medium,Low User
751,MO,101,415,394-1211,no,yes,29,121.1,116,20.59,186.4,100,15.84,241.7,75,10.88,10.1,6,2.73,0,False,559.3000000000001,297,50.04,0,Low,Medium User
752,CO,22,510,327-1319,no,yes,23,182.1,94,30.96,164.6,59,13.99,128.8,102,5.8,12.7,4,3.43,3,False,488.2,259,54.18,0,Medium,Low User
753,TX,90,415,399-4413,no,no,0,109.6,88,18.63,137.6,108,11.7,159.7,121,7.19,11.0,5,2.97,2,False,417.9,322,40.489999999999995,0,Medium,Low User
754,NY,41,415,393-9985,no,no,0,209.9,105,35.68,121.9,105,10.36,253.7,104,11.42,9.6,4,2.59,1,False,595.1,318,60.05,0,Low,Medium User
755,OR,69,415,401-8377,no,no,0,167.5,76,28.48,242.1,92,20.58,101.2,103,4.55,11.4,4,3.08,2,False,522.2,275,56.69,0,Medium,Medium User
756,WY,33,415,331-3202,no,no,0,213.9,88,36.36,239.8,119,20.38,148.7,71,6.69,9.8,14,2.65,2,False,612.2,292,66.08,0,Medium,High User
757,UT,112,415,358-5953,no,no,0,115.8,108,19.69,243.3,111,20.68,184.6,78,8.31,13.1,5,3.54,1,False,556.8000000000001,302,52.220000000000006,0,Low,Medium User
758,LA,108,510,380-7624,no,yes,30,276.6,99,47.02,220.1,113,18.71,177.9,95,8.01,9.8,6,2.65,2,False,684.4,313,76.39000000000001,0,Medium,High User
759,NV,136,415,416-5261,no,yes,21,179.4,88,30.5,181.1,97,15.39,320.7,120,14.43,9.5,4,2.57,2,False,690.7,309,62.89,0,Medium,High User
760,NC,128,510,417-5067,no,no,0,187.3,84,31.84,270.8,95,23.02,206.4,68,9.29,10.1,5,2.73,1,False,674.6,252,66.88000000000001,0,Low,High User
761,NC,27,408,345-6515,no,no,0,201.2,128,34.2,227.2,100,19.31,145.8,91,6.56,8.4,3,2.27,2,False,582.6,322,62.34000000000001,0,Medium,Medium User
762,WY,161,415,406-1349,yes,no,0,189.6,78,32.23,267.4,117,22.73,184.5,137,8.3,1.3,6,0.35,1,False,642.8,338,63.60999999999999,0,Low,High User
763,TN,33,415,360-9038,no,yes,35,186.8,124,31.76,261.0,69,22.19,317.8,103,14.3,15.0,5,4.05,0,False,780.6,301,72.3,0,Low,High User
764,FL,120,415,348-3444,no,yes,31,153.5,83,26.1,219.1,96,18.62,237.4,76,10.68,11.4,4,3.08,0,False,621.4,259,58.48,0,Low,High User
765,CA,113,415,370-2892,no,no,0,187.6,97,31.89,208.2,118,17.7,158.9,101,7.15,8.7,6,2.35,2,False,563.4,322,59.09,0,Medium,Medium User
766,PA,122,415,383-4061,yes,no,0,230.9,132,39.25,243.2,99,20.67,182.4,57,8.21,11.0,2,2.97,0,True,667.5,290,71.1,1,Low,High User
767,WV,148,415,391-7937,no,yes,26,244.9,150,41.63,118.0,138,10.03,236.0,91,10.62,15.2,4,4.1,2,False,614.1,383,66.38,0,Medium,High User
768,NJ,74,415,389-4083,no,no,0,230.9,93,39.25,223.0,78,18.96,157.8,101,7.1,9.7,2,2.62,3,False,621.4000000000001,274,67.93,0,Medium,High User
769,MT,106,415,410-9633,no,no,0,187.1,104,31.81,250.2,117,21.27,144.9,81,6.52,11.0,3,2.97,1,False,593.1999999999999,305,62.56999999999999,0,Low,Medium User
770,MN,179,415,418-9502,no,no,0,170.7,54,29.02,191.1,108,16.24,214.6,107,9.66,13.3,4,3.59,1,False,589.6999999999999,273,58.510000000000005,0,Low,Medium User
771,WI,149,415,339-6637,yes,yes,28,126.9,97,21.57,166.9,102,14.19,145.2,77,6.53,8.8,3,2.38,5,True,447.8,279,44.67,1,High,Low User
772,ID,77,510,356-3403,no,no,0,189.5,112,32.22,207.0,95,17.6,214.1,91,9.63,9.2,7,2.48,0,False,619.8000000000001,305,61.93,0,Low,High User
773,MA,127,408,371-9457,yes,no,0,176.9,110,30.07,167.9,100,14.27,182.2,138,8.2,7.7,2,2.08,1,True,534.7,350,54.620000000000005,1,Low,Medium User
774,OR,80,415,391-8087,no,no,0,161.1,99,27.39,198.8,81,16.9,228.4,116,10.28,10.6,4,2.86,1,False,598.9,300,57.43,0,Low,Medium User
775,MT,106,510,392-6420,no,no,0,169.4,107,28.8,197.2,71,16.76,202.2,79,9.1,10.7,4,2.89,1,False,579.5,261,57.550000000000004,0,Low,Medium User
776,AL,61,415,399-4094,no,yes,20,254.4,133,43.25,161.7,96,13.74,251.4,91,11.31,10.5,4,2.84,0,False,678.0,324,71.14,0,Low,High User
777,ND,135,510,378-4013,yes,yes,24,127.7,54,21.71,215.0,105,18.28,234.3,84,10.54,5.8,4,1.57,2,False,582.8,247,52.1,0,Medium,Medium User
778,LA,115,415,386-6306,no,yes,26,170.5,107,28.99,217.2,77,18.46,225.7,71,10.16,13.6,5,3.67,6,False,627.0,260,61.28,0,High,High User
779,ND,167,408,359-3618,yes,no,0,219.1,100,37.25,242.9,90,20.65,168.9,101,7.6,10.1,4,2.73,2,False,641.0,295,68.23,0,Medium,High User
780,MS,107,510,340-8875,yes,no,0,273.5,104,46.5,183.8,68,15.62,153.8,67,6.92,11.0,9,2.97,2,False,622.1,248,72.00999999999999,0,Medium,High User
781,WV,112,415,330-2693,yes,no,0,161.9,138,27.52,200.9,114,17.08,134.0,134,6.03,10.7,4,2.89,1,False,507.5,390,53.519999999999996,0,Low,Medium User
782,WI,35,510,403-7627,no,yes,27,241.7,87,41.09,142.0,101,12.07,288.9,68,13.0,9.4,4,2.54,1,False,681.9999999999999,260,68.7,0,Low,High User
783,KS,103,408,342-3678,yes,no,0,62.8,124,10.68,170.4,66,14.48,280.2,78,12.61,9.4,4,2.54,3,False,522.8,272,40.309999999999995,0,Medium,Medium User
784,MO,107,415,344-9943,no,yes,22,281.1,83,47.79,143.7,130,12.21,239.4,128,10.77,11.2,9,3.02,1,False,675.4000000000001,350,73.78999999999999,0,Low,High User
785,PA,69,415,390-5686,no,no,0,228.2,70,38.79,263.7,80,22.41,142.6,60,6.42,10.7,5,2.89,3,False,645.2,215,70.51,0,Medium,High User
786,SD,85,408,358-5826,no,no,0,209.8,82,35.67,194.5,94,16.53,200.4,85,9.02,11.3,3,3.05,0,False,616.0,264,64.27,0,Low,High User
787,NJ,24,408,393-7826,no,no,0,265.6,86,45.15,208.8,102,17.75,182.5,105,8.21,11.1,6,3.0,2,True,668.0000000000001,299,74.11,1,Medium,High User
788,AL,90,415,335-9786,no,no,0,214.9,97,36.53,117.8,117,10.01,133.7,78,6.02,11.8,2,3.19,2,False,478.2,294,55.75,0,Medium,Low User
789,ME,137,510,368-9860,no,no,0,110.5,79,18.79,223.2,111,18.97,169.5,64,7.63,10.5,3,2.84,3,False,513.7,257,48.230000000000004,0,Medium,Medium User
790,AZ,92,415,416-9522,yes,yes,45,281.1,88,47.79,198.0,103,16.83,94.3,76,4.24,7.5,3,2.03,0,False,580.9,270,70.89,0,Low,Medium User
791,VT,38,415,416-7307,no,no,0,137.8,86,23.43,286.3,76,24.34,167.0,77,7.52,14.1,3,3.81,2,False,605.2,242,59.099999999999994,0,Medium,High User
792,NV,69,510,397-6789,yes,yes,33,271.5,98,46.16,253.4,102,21.54,165.4,85,7.44,8.2,2,2.21,1,True,698.5,287,77.34999999999998,1,Low,High User
793,WI,45,408,335-9501,no,no,0,112.8,108,19.18,218.8,120,18.6,240.2,106,10.81,9.0,3,2.43,2,False,580.8,337,51.02,0,Medium,Medium User
794,HI,73,408,388-1250,no,no,0,187.3,118,31.84,239.7,90,20.37,167.5,108,7.54,15.1,2,4.08,1,False,609.6,318,63.83,0,Low,High User
795,DE,92,415,386-1374,no,no,0,197.0,84,33.49,269.3,105,22.89,158.9,105,7.15,10.8,4,2.92,1,False,636.0,298,66.45,0,Low,High User
796,AZ,113,415,346-8112,no,yes,32,180.4,89,30.67,129.4,124,11.0,166.9,124,7.51,8.4,2,2.27,1,False,485.1,339,51.45,0,Low,Low User
797,VA,68,408,364-9040,yes,no,0,148.5,126,25.25,219.4,125,18.65,198.5,121,8.93,14.5,7,3.92,1,True,580.9,379,56.75,1,Low,Medium User
798,GA,135,415,366-3944,no,yes,22,197.1,113,33.51,259.4,95,22.05,134.7,135,6.06,14.6,5,3.94,2,False,605.8000000000001,348,65.56,0,Medium,High User
799,AZ,100,415,331-9861,no,yes,26,153.7,115,26.13,137.8,146,11.71,213.5,104,9.61,15.9,5,4.29,1,False,520.9,370,51.74,0,Low,Medium User
800,MN,96,415,330-2881,no,yes,27,261.3,96,44.42,220.9,101,18.78,179.4,97,8.07,11.3,2,3.05,1,False,672.9,296,74.32000000000001,0,Low,High User
801,ME,108,510,402-9558,no,no,0,246.2,102,41.85,202.4,134,17.2,180.1,95,8.1,9.4,5,2.54,1,False,638.1,336,69.69,0,Low,High User
802,FL,84,510,341-3180,no,no,0,191.0,88,32.47,318.8,119,27.1,247.3,79,11.13,6.5,4,1.76,0,False,763.6,290,72.46000000000001,0,Low,High User
803,WA,134,408,371-8598,no,no,0,208.3,86,35.41,253.6,89,21.56,291.0,86,13.1,12.6,3,3.4,1,False,765.5,264,73.47,0,Low,High User
804,MT,72,415,398-8385,no,no,0,253.0,73,43.01,219.3,78,18.64,210.8,89,9.49,9.8,4,2.65,0,False,692.9,244,73.79,0,Low,High User
805,AL,83,408,333-4154,no,no,0,202.3,87,34.39,201.5,111,17.13,101.7,82,4.58,6.8,4,1.84,0,False,512.3,284,57.94,0,Low,Medium User
806,WV,137,408,330-3589,no,no,0,174.4,120,29.65,156.3,98,13.29,136.5,121,6.14,10.2,5,2.75,0,False,477.40000000000003,344,51.83,0,Low,Low User
807,GA,56,415,417-1477,no,yes,30,127.1,89,21.61,172.1,116,14.63,194.6,111,8.76,12.1,3,3.27,1,False,505.9,319,48.27,0,Low,Medium User
808,OH,61,510,327-5525,yes,yes,16,143.5,76,24.4,242.6,58,20.62,147.7,95,6.65,11.3,3,3.05,0,False,545.0999999999999,232,54.71999999999999,0,Low,Medium User
809,DE,171,510,363-8244,no,yes,17,186.9,94,31.77,240.0,138,20.4,200.9,64,9.04,5.8,3,1.57,1,False,633.5999999999999,299,62.78,0,Low,High User
810,NE,123,510,419-9104,no,no,0,194.0,118,32.98,242.0,114,20.57,146.3,108,6.58,12.1,4,3.27,1,False,594.4,344,63.4,0,Low,Medium User
811,FL,58,510,363-1560,no,no,0,234.8,89,39.92,106.8,131,9.08,178.5,122,8.03,9.9,6,2.67,0,False,530.0,348,59.7,0,Low,Medium User
812,AK,156,510,341-4075,no,no,0,123.7,96,21.03,103.0,80,8.76,189.4,82,8.52,13.1,4,3.54,1,False,429.20000000000005,262,41.85,0,Low,Low User
813,WI,166,510,366-9074,no,no,0,173.9,103,29.56,276.4,83,23.49,190.8,113,8.59,15.3,5,4.13,0,False,656.3999999999999,304,65.77,0,Low,High User
814,WA,75,510,367-1424,no,yes,41,130.9,115,22.25,203.4,110,17.29,171.7,68,7.73,12.4,4,3.35,1,False,518.4,297,50.62,0,Low,Medium User
815,KY,75,415,341-1191,no,no,0,314.6,102,53.48,169.8,86,14.43,285.1,100,12.83,5.7,3,1.54,2,True,775.2,291,82.28,1,Medium,High User
816,OH,83,510,342-9480,no,no,0,227.9,78,38.74,207.5,115,17.64,211.7,100,9.53,12.1,5,3.27,1,False,659.1999999999999,298,69.17999999999999,0,Low,High User
817,UT,243,510,355-9360,no,no,0,95.5,92,16.24,163.7,63,13.91,264.2,118,11.89,6.6,6,1.78,2,False,530.0,279,43.82,0,Medium,Medium User
818,NM,153,408,343-1538,no,no,0,185.3,127,31.5,208.0,73,17.68,206.1,124,9.27,15.1,3,4.08,1,False,614.5,327,62.53,0,Low,High User
819,MN,150,415,335-2331,no,no,0,146.3,133,24.87,202.7,95,17.23,234.7,103,10.56,13.1,3,3.54,1,False,596.8000000000001,334,56.2,0,Low,Medium User
820,WV,92,510,335-7257,no,yes,16,184.0,99,31.28,76.4,134,6.49,185.1,96,8.33,12.7,3,3.43,2,False,458.2,332,49.53,0,Medium,Low User
821,MN,80,415,332-2137,no,no,0,105.8,110,17.99,43.9,88,3.73,189.6,87,8.53,13.1,5,3.54,0,False,352.4,290,33.79,0,Low,Low User
822,AL,134,415,352-2998,no,no,0,178.0,110,30.26,153.8,64,13.07,236.6,105,10.65,11.7,4,3.16,1,False,580.1,283,57.14,0,Low,Medium User
823,PA,77,510,346-6941,no,yes,24,149.4,74,25.4,123.9,72,10.53,174.3,84,7.84,10.1,6,2.73,1,False,457.70000000000005,236,46.49999999999999,0,Low,Low User
824,DE,147,510,400-2203,no,no,0,209.4,104,35.6,132.5,78,11.26,149.4,123,6.72,11.3,3,3.05,2,False,502.59999999999997,308,56.629999999999995,0,Medium,Medium User
825,MO,74,415,421-2955,no,no,0,172.1,105,29.26,211.7,99,17.99,182.2,105,8.2,11.6,6,3.13,1,False,577.6,315,58.580000000000005,0,Low,Medium User
826,IL,138,510,331-6629,yes,no,0,169.3,82,28.78,217.9,147,18.52,184.2,77,8.29,9.4,9,2.54,1,False,580.8000000000001,315,58.129999999999995,0,Low,Medium User
827,FL,143,415,343-6314,no,no,0,119.1,117,20.25,287.7,136,24.45,223.0,100,10.04,12.2,4,3.29,0,False,642.0,357,58.03,0,Low,High User
828,HI,64,415,414-6638,no,no,0,194.2,147,33.01,173.4,87,14.74,268.7,114,12.09,5.5,2,1.49,2,False,641.8,350,61.330000000000005,0,Medium,High User
829,ME,120,510,350-5883,no,no,0,198.8,56,33.8,230.1,73,19.56,119.8,81,5.39,9.9,3,2.67,2,False,558.5999999999999,213,61.42,0,Medium,Medium User
830,CO,121,408,409-4447,yes,no,0,167.7,94,28.51,93.7,121,7.96,241.3,115,10.86,13.4,1,3.62,3,True,516.1,331,50.949999999999996,1,Medium,Medium User
831,NH,88,415,376-4856,no,no,0,202.2,86,34.37,216.8,93,18.43,239.4,99,10.77,11.8,2,3.19,2,False,670.1999999999999,280,66.75999999999999,0,Medium,High User
832,SC,87,408,335-1874,no,no,0,322.5,106,54.83,204.6,93,17.39,186.2,128,8.38,9.4,4,2.54,2,True,722.6999999999999,331,83.14,1,Medium,High User
833,IN,100,510,397-6255,no,no,0,216.2,107,36.75,215.6,84,18.33,138.4,127,6.23,10.2,3,2.75,0,False,580.4,321,64.06,0,Low,Medium User
834,FL,104,415,381-5047,no,no,0,76.4,116,12.99,115.6,74,9.83,226.3,94,10.18,9.4,3,2.54,3,False,427.7,287,35.54,0,Medium,Low User
835,GA,27,510,403-6850,no,no,0,72.7,75,12.36,208.6,117,17.73,65.8,71,2.96,9.9,3,2.67,1,False,357.0,266,35.72,0,Low,Low User
836,IL,81,415,375-3658,no,yes,31,210.4,100,35.77,225.5,97,19.17,168.7,120,7.59,9.7,4,2.62,0,False,614.3,321,65.15,0,Low,High User
837,NC,64,510,341-2603,yes,yes,33,127.2,93,21.62,162.9,104,13.85,247.4,109,11.13,8.1,13,2.19,0,False,545.6,319,48.79,0,Low,Medium User
838,VT,107,510,342-5062,no,yes,28,201.8,79,34.31,304.9,128,25.92,225.6,133,10.15,11.9,8,3.21,1,False,744.1999999999999,348,73.59,0,Low,High User
839,DC,88,415,354-1558,no,yes,17,219.5,78,37.32,222.1,94,18.88,188.3,92,8.47,16.1,5,4.35,1,False,646.0000000000001,269,69.02,0,Low,High User
840,VT,111,408,351-9537,no,no,0,99.3,112,16.88,270.5,136,22.99,225.3,94,10.14,9.0,6,2.43,3,False,604.1,348,52.44,0,Medium,High User
841,NV,77,415,401-1252,no,no,0,239.2,114,40.66,150.0,115,12.75,160.8,81,7.24,10.3,2,2.78,5,False,560.3,312,63.43,0,High,Medium User
842,OR,67,415,366-9538,yes,no,0,120.9,58,20.55,235.0,88,19.98,95.1,130,4.28,11.4,11,3.08,2,False,462.4,287,47.89,0,Medium,Low User
843,AL,102,408,364-7622,no,no,0,224.7,81,38.2,129.4,112,11.0,167.6,109,7.54,15.8,6,4.27,1,False,537.5,308,61.010000000000005,0,Low,Medium User
844,ND,146,408,393-9918,no,yes,19,176.6,88,30.02,162.7,66,13.83,215.5,98,9.7,14.6,6,3.94,1,False,569.4,258,57.489999999999995,0,Low,Medium User
845,FL,144,415,376-4484,no,yes,51,283.9,98,48.26,192.0,109,16.32,196.3,85,8.83,10.0,4,2.7,1,False,682.2,296,76.11,0,Low,High User
846,NE,96,415,410-6791,no,no,0,180.6,92,30.7,190.9,114,16.23,295.6,125,13.3,10.3,4,2.78,1,True,677.4,335,63.010000000000005,1,Low,High User
847,ND,70,415,343-2392,no,yes,31,125.9,101,21.4,196.4,102,16.69,252.7,75,11.37,10.3,4,2.78,1,False,585.3,282,52.24,0,Low,Medium User
848,ME,149,408,408-4323,no,no,0,237.6,79,40.39,192.4,107,16.35,207.4,111,9.33,9.1,9,2.46,0,False,646.5,306,68.53,0,Low,High User
849,IL,129,415,395-1718,no,no,0,198.4,91,33.73,264.7,106,22.5,111.4,101,5.01,9.2,2,2.48,2,False,583.7,300,63.71999999999999,0,Medium,Medium User
850,WA,166,408,354-9492,no,no,0,274.3,110,46.63,52.9,109,4.5,246.1,119,11.07,10.9,5,2.94,0,False,584.1999999999999,343,65.14,0,Low,Medium User
851,MA,136,408,367-8168,yes,no,0,199.6,89,33.93,211.4,96,17.97,72.4,84,3.26,11.0,4,2.97,3,True,494.4,273,58.129999999999995,1,Medium,Low User
852,KS,149,510,340-3500,no,no,0,217.7,91,37.01,273.5,74,23.25,226.9,99,10.21,9.6,3,2.59,3,False,727.7,267,73.06,0,Medium,High User
853,RI,70,415,369-4962,no,no,0,134.7,96,22.9,235.9,90,20.05,260.2,113,11.71,7.6,6,2.05,3,False,638.4,305,56.71,0,Medium,High User
854,MO,120,415,334-8967,no,yes,24,212.7,73,36.16,257.5,103,21.89,227.8,119,10.25,9.7,13,2.62,2,False,707.7,308,70.92,0,Medium,High User
855,IA,66,510,402-2377,no,no,0,256.3,135,43.57,180.2,106,15.32,187.3,135,8.43,6.2,7,1.67,2,False,630.0,383,68.99,0,Medium,High User
856,WY,104,408,366-3917,no,no,0,183.6,133,31.21,120.7,98,10.26,215.1,112,9.68,12.7,2,3.43,1,False,532.1,345,54.58,0,Low,Medium User
857,NV,160,415,333-3531,no,no,0,176.2,90,29.95,196.0,115,16.66,263.9,95,11.88,9.2,4,2.48,1,False,645.3,304,60.97,0,Low,High User
858,WI,129,415,333-8954,no,yes,37,205.0,94,34.85,165.4,103,14.06,185.0,81,8.32,11.7,8,3.16,1,False,567.1,286,60.39,0,Low,Medium User
859,AL,93,408,374-9203,no,no,0,267.9,114,45.54,223.0,74,18.96,262.7,90,11.82,11.3,3,3.05,3,True,764.8999999999999,281,79.36999999999999,1,Medium,High User
860,HI,169,415,334-3289,no,no,0,179.2,111,30.46,175.2,130,14.89,228.6,92,10.29,9.9,6,2.67,2,False,592.9,339,58.31,0,Medium,Medium User
861,MO,58,415,353-7822,no,no,0,149.4,145,25.4,196.5,105,16.7,209.5,108,9.43,14.9,3,4.02,1,False,570.3,361,55.55,0,Low,Medium User
862,CA,75,510,350-1422,no,yes,38,163.6,132,27.81,146.7,113,12.47,345.8,115,15.56,13.1,3,3.54,3,False,669.1999999999999,363,59.38,0,Medium,High User
863,MO,45,408,385-8406,no,no,0,207.6,71,35.29,152.7,94,12.98,217.8,125,9.8,12.4,13,3.35,1,False,590.4999999999999,303,61.419999999999995,0,Low,Medium User
864,CT,155,510,380-7277,no,no,0,165.4,108,28.12,183.7,103,15.61,80.2,108,3.61,8.9,4,2.4,3,False,438.2,323,49.74,0,Medium,Low User
865,MD,52,415,352-1798,no,no,0,209.8,114,35.67,171.3,82,14.56,154.6,119,6.96,9.9,9,2.67,4,False,545.6,324,59.86000000000001,0,High,Medium User
866,OH,119,415,385-7922,no,yes,27,220.1,128,37.42,268.2,133,22.8,146.5,80,6.59,11.1,3,3.0,0,False,645.9,344,69.81,0,Low,High User
867,NV,86,510,353-7730,no,no,0,141.3,72,24.02,154.3,95,13.12,210.6,91,9.48,8.2,5,2.21,1,False,514.4000000000001,263,48.830000000000005,0,Low,Medium User
868,MD,42,408,337-7163,no,no,0,196.5,89,33.41,241.3,123,20.51,143.2,105,6.44,4.0,7,1.08,0,False,585.0,324,61.44,0,Low,Medium User
869,NE,127,510,348-5567,yes,no,0,180.9,114,30.75,209.5,118,17.81,249.9,105,11.25,7.4,4,2.0,2,False,647.6999999999999,341,61.81,0,Medium,High User
870,OH,123,408,420-9575,no,no,0,105.0,150,17.85,251.6,90,21.39,258.0,93,11.61,14.9,5,4.02,0,False,629.5,338,54.870000000000005,0,Low,High User
871,MA,98,510,366-3358,no,no,0,271.4,119,46.14,190.4,102,16.18,284.7,118,12.81,11.1,6,3.0,4,True,757.6,345,78.13,1,High,High User
872,OK,149,510,359-9972,no,yes,43,206.7,79,35.14,174.6,122,14.84,241.5,80,10.87,10.9,3,2.94,1,False,633.6999999999999,284,63.79,0,Low,High User
873,MA,160,408,387-3332,no,no,0,166.8,109,28.36,236.0,117,20.06,307.6,77,13.84,9.3,1,2.51,1,False,719.7,304,64.77000000000001,0,Low,High User
874,WA,103,415,354-6960,no,no,0,204.9,107,34.83,135.2,102,11.49,208.2,106,9.37,10.4,3,2.81,5,False,558.6999999999999,318,58.5,0,High,Medium User
875,HI,132,415,405-3335,no,yes,15,154.6,128,26.28,245.6,106,20.88,148.6,90,6.69,9.1,4,2.46,1,False,557.9,328,56.309999999999995,0,Low,Medium User
876,CO,137,415,379-4257,no,no,0,127.0,107,21.59,323.2,75,27.47,143.9,127,6.48,7.5,2,2.03,1,False,601.6,311,57.57000000000001,0,Low,High User
877,FL,129,415,355-4992,yes,no,0,267.4,78,45.46,204.2,85,17.36,111.7,146,5.03,5.9,4,1.59,1,False,589.1999999999999,313,69.44,0,Low,Medium User
878,WI,62,415,383-6373,no,no,0,281.0,66,47.77,160.6,108,13.65,77.9,74,3.51,0.0,0,0.0,1,False,519.5,248,64.93,0,Low,Medium User
879,ID,122,510,382-7993,no,yes,33,270.8,96,46.04,220.4,110,18.73,169.9,104,7.65,11.8,8,3.19,4,False,672.9,318,75.61,0,High,High User
880,WY,32,408,422-5865,no,no,0,171.2,82,29.1,185.6,102,15.78,203.3,64,9.15,10.2,7,2.75,1,False,570.3,255,56.78,0,Low,Medium User
881,GA,86,510,410-9961,no,no,0,124.1,82,21.1,202.6,120,17.22,289.6,119,13.03,6.7,8,1.81,3,False,623.0,329,53.160000000000004,0,Medium,High User
882,FL,130,415,343-9946,no,no,0,162.8,113,27.68,290.3,111,24.68,114.9,140,5.17,7.2,3,1.94,1,False,575.2,367,59.47,0,Low,Medium User
883,WY,42,408,357-7060,no,no,0,146.3,84,24.87,255.9,113,21.75,45.0,117,2.03,8.0,12,2.16,1,False,455.20000000000005,326,50.81,0,Low,Low User
884,DE,73,415,355-9541,no,no,0,254.8,85,43.32,143.4,80,12.19,153.9,102,6.93,15.0,7,4.05,2,False,567.1,274,66.49,0,Medium,Medium User
885,ME,66,408,378-4145,no,yes,26,254.9,108,43.33,243.2,135,20.67,190.8,95,8.59,5.4,3,1.46,2,False,694.3000000000001,341,74.05,0,Medium,High User
886,DC,103,510,386-2317,no,yes,31,107.7,124,18.31,188.9,104,16.06,196.2,98,8.83,8.9,3,2.4,0,False,501.7,329,45.599999999999994,0,Low,Medium User
887,IA,128,408,335-8146,no,no,0,158.8,75,27.0,264.8,91,22.51,270.0,77,12.15,7.6,7,2.05,1,False,701.2,250,63.71,0,Low,High User
888,CO,104,415,377-2235,no,no,0,182.9,113,31.09,239.6,85,20.37,229.8,104,10.34,5.5,4,1.49,2,False,657.8,306,63.29,0,Medium,High User
889,MN,103,415,386-9141,no,no,0,198.5,112,33.75,42.5,90,3.61,179.2,124,8.06,12.4,5,3.35,0,False,432.59999999999997,331,48.77,0,Low,Low User
890,VT,124,415,416-5623,no,no,0,178.4,72,30.33,233.6,134,19.86,179.4,91,8.07,12.0,2,3.24,0,False,603.4,299,61.5,0,Low,High User
891,AZ,87,510,327-3053,no,no,0,110.9,91,18.85,158.5,115,13.47,207.5,131,9.34,6.2,5,1.67,1,False,483.09999999999997,342,43.33,0,Low,Low User
892,LA,109,415,395-6195,no,yes,27,166.9,85,28.37,221.2,92,18.8,197.3,97,8.88,12.3,4,3.32,1,True,597.7,278,59.370000000000005,1,Low,Medium User
893,MO,167,415,397-8772,yes,no,0,244.8,91,41.62,60.8,105,5.17,176.7,110,7.95,10.7,3,2.89,2,False,493.0,309,57.63,0,Medium,Low User
894,ME,97,510,346-7656,no,no,0,120.8,96,20.54,169.8,101,14.43,194.1,63,8.73,11.9,3,3.21,4,True,496.6,263,46.910000000000004,1,High,Low User
895,MD,106,415,343-2350,no,no,0,165.3,118,28.1,210.0,101,17.85,187.2,93,8.42,8.5,3,2.3,2,False,571.0,315,56.67,0,Medium,Medium User
896,VT,125,415,372-4722,no,no,0,126.7,113,21.54,155.5,131,13.22,206.2,112,9.28,14.4,7,3.89,2,False,502.79999999999995,363,47.93,0,Medium,Medium User
897,DC,108,408,399-8615,no,yes,35,215.9,106,36.7,200.6,107,17.05,195.4,107,8.79,15.5,7,4.19,0,False,627.4,327,66.73,0,Low,High User
898,WY,125,415,379-8248,no,no,0,140.1,132,23.82,209.6,126,17.82,264.1,77,11.88,8.0,2,2.16,1,False,621.8,337,55.68000000000001,0,Low,High User
899,VA,89,415,414-6219,no,yes,32,209.9,113,35.68,249.8,104,21.23,224.2,92,10.09,8.7,7,2.35,1,False,692.6000000000001,316,69.35,0,Low,High User
900,VA,72,510,387-1343,yes,yes,29,139.8,114,23.77,138.2,91,11.75,221.0,88,9.95,5.5,6,1.49,0,False,504.5,299,46.96,0,Low,Medium User
901,CT,23,510,370-5527,no,no,0,321.6,107,54.67,251.6,115,21.39,141.1,158,6.35,11.3,3,3.05,2,True,725.6,383,85.46,1,Medium,High User
902,HI,149,510,393-8736,no,no,0,166.6,61,28.32,218.8,107,18.6,208.3,131,9.37,8.2,6,2.21,7,False,601.9000000000001,305,58.5,0,High,High User
903,WI,73,415,402-7626,no,no,0,214.2,90,36.41,196.8,78,16.73,157.9,112,7.11,5.9,8,1.59,0,False,574.8,288,61.84,0,Low,Medium User
904,MD,61,415,370-2688,no,no,0,260.0,123,44.2,210.5,127,17.89,234.7,70,10.56,9.0,3,2.43,1,True,714.2,323,75.08000000000001,1,Low,High User
905,WV,161,415,418-9036,no,no,0,191.9,113,32.62,70.9,87,6.03,204.8,107,9.22,13.4,4,3.62,4,True,481.0,311,51.489999999999995,1,High,Low User
906,VT,73,408,417-2035,no,no,0,213.0,95,36.21,188.8,104,16.05,136.2,89,6.13,13.5,3,3.65,0,False,551.5,291,62.040000000000006,0,Low,Medium User
907,UT,118,415,355-3602,no,yes,24,118.1,83,20.08,109.6,72,9.32,245.5,73,11.05,16.9,2,4.56,1,False,490.09999999999997,230,45.010000000000005,0,Low,Low User
908,CO,23,408,393-4027,no,no,0,190.2,89,32.33,166.4,108,14.14,219.8,73,9.89,15.0,4,4.05,6,False,591.4000000000001,274,60.41,0,High,Medium User
909,NC,127,415,418-5141,no,yes,25,82.2,95,13.97,163.3,109,13.88,264.9,104,11.92,5.1,6,1.38,0,False,515.5,314,41.150000000000006,0,Low,Medium User
910,NJ,42,415,406-1247,no,yes,32,163.8,80,27.85,177.8,123,15.11,190.4,106,8.57,8.1,5,2.19,0,False,540.1,314,53.72,0,Low,Medium User
911,AR,118,415,402-3892,no,no,0,267.8,145,45.53,316.4,121,26.89,208.6,91,9.39,14.4,11,3.89,5,True,807.2,368,85.7,1,High,High User
912,IA,45,510,332-2965,no,no,0,159.8,91,27.17,120.4,86,10.23,163.0,93,7.34,10.6,3,2.86,2,False,453.80000000000007,273,47.60000000000001,0,Medium,Low User
913,GA,50,408,377-1218,no,yes,24,214.3,129,36.43,289.8,55,24.63,312.5,130,14.06,10.6,4,2.86,1,False,827.2,318,77.98,0,Low,High User
914,MO,179,510,355-2464,no,no,0,287.3,123,48.84,288.0,114,24.48,266.0,112,11.97,10.5,4,2.84,0,True,851.8,353,88.13000000000001,1,Low,High User
915,MO,152,408,404-4611,no,no,0,101.2,122,17.2,141.6,87,12.04,198.5,124,8.93,7.5,3,2.03,2,False,448.8,336,40.2,0,Medium,Low User
916,WY,105,415,373-2339,no,no,0,102.8,74,17.48,281.7,125,23.94,228.1,113,10.26,13.2,5,3.56,2,False,625.8000000000001,317,55.24,0,Medium,High User
917,HI,72,415,410-3503,no,no,0,109.1,97,18.55,115.7,96,9.83,295.8,84,13.31,8.3,6,2.24,0,False,528.9,283,43.93000000000001,0,Low,Medium User
918,PA,52,408,410-4739,no,no,0,215.9,67,36.7,217.0,108,18.45,342.8,130,15.43,5.2,2,1.4,1,False,780.9000000000001,307,71.98000000000002,0,Low,High User
919,TX,125,415,365-3562,no,no,0,203.4,110,34.58,128.7,97,10.94,190.5,113,8.57,11.0,4,2.97,1,False,533.6,324,57.059999999999995,0,Low,Medium User
920,VA,143,510,387-7641,no,no,0,110.1,113,18.72,169.0,59,14.37,166.7,94,7.5,9.2,2,2.48,1,False,455.0,268,43.06999999999999,0,Low,Low User
921,RI,65,415,385-9744,no,no,0,111.0,51,18.87,219.8,84,18.68,202.0,89,9.09,4.4,14,1.19,1,False,537.1999999999999,238,47.83,0,Low,Medium User
922,WI,80,415,398-5006,no,no,0,239.9,121,40.78,142.3,51,12.1,364.3,106,16.39,9.3,5,2.51,1,False,755.8,283,71.78000000000002,0,Low,High User
923,MS,1,415,408-3977,no,no,0,144.8,107,24.62,112.5,66,9.56,218.7,79,9.84,13.8,3,3.73,1,False,489.8,255,47.74999999999999,0,Low,Low User
924,KY,60,408,334-2729,no,no,0,135.4,134,23.02,205.9,85,17.5,204.0,103,9.18,7.9,4,2.13,1,False,553.1999999999999,326,51.83,0,Low,Medium User
925,NC,43,415,334-7685,no,no,0,84.2,134,14.31,80.8,103,6.87,196.1,79,8.82,10.8,2,2.92,1,False,371.90000000000003,318,32.92,0,Low,Low User
926,NV,143,415,350-9228,no,no,0,209.1,127,35.55,106.1,80,9.02,179.6,90,8.08,14.0,6,3.78,0,False,508.79999999999995,303,56.42999999999999,0,Low,Medium User
927,UT,81,415,407-5774,no,yes,24,130.1,117,22.12,196.0,61,16.66,139.3,123,6.27,11.4,5,3.08,0,False,476.8,306,48.129999999999995,0,Low,Low User
928,ME,205,510,413-4039,no,yes,24,175.8,139,29.89,155.0,98,13.18,180.7,64,8.13,7.8,5,2.11,2,False,519.3,306,53.31,0,Medium,Medium User
929,HI,24,415,343-2077,no,no,0,241.9,104,41.12,145.2,112,12.34,214.5,105,9.65,6.6,5,1.78,1,False,608.2,326,64.88999999999999,0,Low,High User
930,OH,74,415,336-5661,no,no,0,136.7,106,23.24,228.6,105,19.43,265.3,114,11.94,9.8,4,2.65,0,False,640.3999999999999,329,57.26,0,Low,High User
931,WV,77,510,355-4143,no,no,0,67.7,68,11.51,195.7,86,16.63,236.5,137,10.64,12.0,2,3.24,1,False,511.9,293,42.02,0,Low,Medium User
932,OK,74,415,366-5918,no,no,0,200.4,87,34.07,309.2,105,26.28,152.1,118,6.84,10.0,2,2.7,1,False,671.7,312,69.89,0,Low,High User
933,KY,74,510,368-7555,yes,no,0,125.8,103,21.39,207.7,96,17.65,207.4,143,9.33,14.1,4,3.81,1,True,555.0,346,52.18,1,Low,Medium User
934,AL,200,408,408-2119,no,no,0,128.2,87,21.79,133.2,105,11.32,177.6,123,7.99,11.2,2,3.02,1,False,450.2,317,44.120000000000005,0,Low,Low User
935,MD,86,408,329-2789,no,no,0,226.3,88,38.47,223.0,107,18.96,255.6,92,11.5,13.0,3,3.51,4,False,717.9,290,72.44000000000001,0,High,High User
936,NE,91,510,334-1508,no,yes,37,162.3,107,27.59,233.9,115,19.88,277.4,94,12.48,9.2,4,2.48,0,False,682.8000000000001,320,62.43,0,Low,High User
937,DC,76,415,337-1506,no,no,0,224.4,121,38.15,147.9,97,12.57,183.8,74,8.27,6.7,2,1.81,2,False,562.8000000000001,294,60.8,0,Medium,Medium User
938,TX,130,415,396-8400,no,no,0,120.5,127,20.49,189.7,52,16.12,270.1,107,12.15,14.3,2,3.86,1,False,594.5999999999999,288,52.62,0,Low,Medium User
939,OH,56,408,349-2654,no,no,0,91.1,90,15.49,179.3,115,15.24,300.7,89,13.53,11.9,8,3.21,2,False,582.9999999999999,302,47.47,0,Medium,Medium User
940,DE,117,415,417-2716,no,no,0,168.8,137,28.7,241.4,107,20.52,204.8,106,9.22,15.5,4,4.19,0,False,630.5,354,62.629999999999995,0,Low,High User
941,IA,63,510,402-1725,no,no,0,153.5,81,26.1,287.3,115,24.42,230.2,85,10.36,6.5,5,1.76,2,False,677.5,286,62.64,0,Medium,High User
942,VT,126,415,403-3229,no,no,0,226.2,88,38.45,140.3,114,11.93,208.9,110,9.4,6.4,2,1.73,0,False,581.8,314,61.51,0,Low,Medium User
943,OR,132,510,353-6056,no,no,0,191.9,107,32.62,206.9,127,17.59,272.0,88,12.24,12.6,2,3.4,1,False,683.4,324,65.85,0,Low,High User
944,NV,81,415,399-9802,no,yes,28,167.9,147,28.54,190.7,105,16.21,193.0,103,8.69,9.2,6,2.48,4,True,560.8000000000001,361,55.919999999999995,1,High,Medium User
945,NC,122,415,366-7069,no,no,0,180.0,88,30.6,145.0,77,12.33,233.7,120,10.52,11.5,6,3.11,2,False,570.2,291,56.56,0,Medium,Medium User
946,NJ,46,408,332-5949,no,no,0,257.4,67,43.76,261.1,91,22.19,204.4,107,9.2,13.4,5,3.62,2,True,736.3,270,78.77000000000001,1,Medium,High User
947,MN,150,415,393-6376,no,yes,28,174.4,75,29.65,169.9,80,14.44,201.6,130,9.07,11.0,4,2.97,1,False,556.9,289,56.129999999999995,0,Low,Medium User
948,ID,99,408,354-7025,no,no,0,159.7,83,27.15,155.4,121,13.21,255.7,114,11.51,8.4,3,2.27,1,False,579.1999999999999,321,54.14,0,Low,Medium User
949,AL,87,408,351-6585,no,no,0,237.2,124,40.32,222.6,87,18.92,173.3,81,7.8,11.0,3,2.97,1,False,644.0999999999999,295,70.01,0,Low,High User
950,AK,108,415,330-5462,no,no,0,103.0,129,17.51,242.3,103,20.6,170.2,89,7.66,7.9,3,2.13,1,False,523.4,324,47.9,0,Low,Medium User
951,VT,101,415,407-2292,no,no,0,153.8,89,26.15,234.0,89,19.89,196.3,77,8.83,11.6,2,3.13,4,False,595.7,257,58.0,0,High,Medium User
952,PA,53,415,340-3011,no,no,0,205.1,86,34.87,160.5,95,13.64,149.5,142,6.73,10.7,2,2.89,3,False,525.8000000000001,325,58.129999999999995,0,Medium,Medium User
953,AK,132,415,345-9153,no,yes,39,175.7,93,29.87,187.2,94,15.91,225.5,118,10.15,8.6,3,2.32,2,False,597.0,308,58.25,0,Medium,Medium User
954,CA,158,510,379-5503,no,no,0,155.9,123,26.5,224.2,112,19.06,221.0,116,9.95,8.6,8,2.32,2,False,609.7,359,57.830000000000005,0,Medium,High User
955,MS,114,415,389-6790,no,yes,34,154.4,109,26.25,221.4,142,18.82,208.5,103,9.38,10.3,5,2.78,0,False,594.5999999999999,359,57.230000000000004,0,Low,Medium User
956,AR,77,415,408-3610,no,yes,23,209.7,73,35.65,183.6,63,15.61,205.5,111,9.25,7.1,3,1.92,2,False,605.9,250,62.43,0,Medium,High User
957,NV,144,415,375-8238,yes,no,0,150.0,69,25.5,285.9,73,24.3,190.6,121,8.58,9.4,15,2.54,0,False,635.9,278,60.919999999999995,0,Low,High User
958,AL,91,510,378-5633,no,yes,23,232.4,97,39.51,186.0,88,15.81,190.5,128,8.57,12.3,3,3.32,3,False,621.1999999999999,316,67.21,0,Medium,High User
959,GA,58,408,389-9120,no,no,0,165.4,100,28.12,115.7,87,9.83,193.8,118,8.72,12.8,5,3.46,2,False,487.70000000000005,310,50.13,0,Medium,Low User
960,AR,5,415,380-2758,no,no,0,199.2,106,33.86,187.3,12,15.92,214.0,85,9.63,13.3,3,3.59,3,False,613.8,206,63.0,0,Medium,High User
961,MA,97,408,402-2728,no,no,0,217.6,81,36.99,320.5,51,27.24,150.7,110,6.78,4.2,3,1.13,0,False,693.0,245,72.14,0,Low,High User
962,NJ,107,415,354-9062,no,no,0,212.1,95,36.06,150.1,88,12.76,219.8,111,9.89,7.7,2,2.08,3,False,589.7,296,60.79,0,Medium,Medium User
963,MO,142,415,417-2054,no,yes,30,154.0,75,26.18,165.8,97,14.09,270.0,83,12.15,10.8,5,2.92,1,False,600.5999999999999,260,55.339999999999996,0,Low,High User
964,NY,9,408,353-1941,no,yes,31,193.8,130,32.95,202.6,98,17.22,191.2,102,8.6,13.3,2,3.59,1,False,600.8999999999999,332,62.36,0,Low,High User
965,AZ,73,415,328-1522,no,no,0,175.4,130,29.82,248.1,105,21.09,122.4,85,5.51,12.2,4,3.29,0,False,558.1,324,59.709999999999994,0,Low,Medium User
966,NJ,48,510,408-4529,no,yes,22,152.0,63,25.84,258.8,131,22.0,263.2,109,11.84,15.7,5,4.24,2,True,689.7,308,63.92000000000001,1,Medium,High User
967,WV,43,408,417-5320,no,no,0,230.2,147,39.13,186.7,121,15.87,128.4,100,5.78,9.2,3,2.48,0,False,554.5,371,63.26,0,Low,Medium User
968,NM,122,408,370-9755,no,yes,33,174.9,103,29.73,248.2,105,21.1,164.6,116,7.41,13.5,3,3.65,1,True,601.2,327,61.88999999999999,1,Low,High User
969,SC,93,415,372-4835,no,no,0,190.2,68,32.33,262.2,64,22.29,130.0,92,5.85,8.8,4,2.38,0,False,591.1999999999999,228,62.85,0,Low,Medium User
970,VT,85,415,334-6605,no,no,0,176.4,122,29.99,224.9,123,19.12,219.6,50,9.88,11.5,1,3.11,1,False,632.4,296,62.1,0,Low,High User
971,TN,59,415,399-5564,no,no,0,160.9,95,27.35,251.2,65,21.35,273.4,97,12.3,5.0,5,1.35,3,False,690.5,262,62.35,0,Medium,High User
972,LA,87,415,392-2887,no,no,0,228.7,90,38.88,163.0,99,13.86,154.1,90,6.93,11.8,3,3.19,1,False,557.5999999999999,282,62.86,0,Low,Medium User
973,OH,137,408,328-2110,no,no,0,144.0,90,24.48,181.6,100,15.44,128.1,93,5.76,12.3,2,3.32,0,False,466.00000000000006,285,49.0,0,Low,Low User
974,OR,21,510,383-5976,no,yes,31,135.9,90,23.1,271.0,84,23.04,179.1,89,8.06,9.5,7,2.57,6,False,595.5,270,56.77,0,High,Medium User
975,DE,129,510,332-6181,no,no,0,334.3,118,56.83,192.1,104,16.33,191.0,83,8.59,10.4,6,2.81,0,True,727.8,311,84.56,1,Low,High User
976,KY,104,415,330-5255,no,no,0,130.5,77,22.19,131.2,117,11.15,264.7,63,11.91,13.0,6,3.51,0,False,539.4,263,48.76,0,Low,Medium User
977,GA,93,408,413-5190,no,yes,21,134.2,105,22.81,162.5,128,13.81,186.6,90,8.4,11.8,2,3.19,4,True,495.09999999999997,325,48.209999999999994,1,High,Low User
978,VT,63,415,394-7447,no,no,0,278.0,102,47.26,266.4,114,22.64,224.1,118,10.08,13.1,4,3.54,4,True,781.6,338,83.52000000000001,1,High,High User
979,OR,161,415,353-7096,no,no,0,105.4,70,17.92,214.8,122,18.26,223.6,126,10.06,7.8,5,2.11,0,False,551.6,323,48.35000000000001,0,Low,Medium User
980,TX,50,510,395-6002,no,no,0,188.9,94,32.11,203.9,104,17.33,151.8,124,6.83,11.6,8,3.13,3,False,556.2,330,59.4,0,Medium,Medium User
981,MO,103,408,372-9816,no,yes,24,111.8,85,19.01,239.6,102,20.37,268.3,81,12.07,6.9,4,1.86,1,False,626.6,272,53.31,0,Low,High User
982,ND,84,415,400-7253,no,yes,33,159.1,106,27.05,149.8,101,12.73,213.4,108,9.6,13.0,18,3.51,1,False,535.3,333,52.89,0,Low,Medium User
983,MN,92,510,344-7470,no,no,0,212.4,105,36.11,224.6,118,19.09,221.3,105,9.96,9.0,4,2.43,1,False,667.3,332,67.59,0,Low,High User
984,NV,77,415,378-8572,no,no,0,142.3,112,24.19,306.3,111,26.04,196.5,82,8.84,9.9,1,2.67,1,False,655.0,306,61.74000000000001,0,Low,High User
985,NY,64,415,345-9140,yes,no,0,346.8,55,58.96,249.5,79,21.21,275.4,102,12.39,13.3,9,3.59,1,True,884.9999999999999,245,96.15,1,Low,High User
986,FL,159,415,340-5460,no,yes,15,113.9,102,19.36,145.3,146,12.35,195.2,137,8.78,11.8,9,3.19,1,False,466.20000000000005,394,43.68,0,Low,Low User
987,KS,110,415,369-8024,yes,yes,27,267.9,103,45.54,263.3,74,22.38,178.1,106,8.01,8.3,2,2.24,1,True,717.6,285,78.17,1,Low,High User
988,NV,138,510,395-8595,no,no,0,171.4,117,29.14,115.2,128,9.79,224.5,115,10.1,17.0,4,4.59,3,False,528.1,364,53.620000000000005,0,Medium,Medium User
989,NV,178,408,359-4587,no,no,0,275.4,150,46.82,187.5,62,15.94,147.1,126,6.62,13.6,3,3.67,1,False,623.6,341,73.05,0,Low,High User
990,SC,38,415,375-5439,no,yes,31,197.2,118,33.52,249.9,70,21.24,298.9,104,13.45,3.9,2,1.05,0,False,749.9,294,69.26,0,Low,High User
991,MI,50,415,361-3779,no,yes,35,192.6,97,32.74,135.2,101,11.49,216.2,101,9.73,7.9,2,2.13,2,False,551.9,301,56.09000000000001,0,Medium,Medium User
992,MI,45,510,375-8934,no,yes,26,91.7,104,15.59,150.6,119,12.8,63.3,103,2.85,7.7,5,2.08,1,False,313.3,331,33.32,0,Low,Low User
993,TN,70,510,395-4757,no,no,0,126.3,99,21.47,141.6,106,12.04,255.9,96,11.52,9.6,2,2.59,0,False,533.4,303,47.620000000000005,0,Low,Medium User
994,NY,147,510,421-7205,no,yes,33,251.5,107,42.76,234.1,110,19.9,213.4,87,9.6,10.4,6,2.81,3,False,709.4,310,75.07,0,Medium,High User
995,NV,94,510,379-8805,no,no,0,190.6,108,32.4,152.3,95,12.95,144.7,97,6.51,7.5,5,2.03,1,False,495.09999999999997,305,53.88999999999999,0,Low,Low User
996,IL,179,510,348-2150,no,no,0,116.1,101,19.74,201.8,99,17.15,181.9,103,8.19,11.6,5,3.13,0,False,511.4,308,48.21,0,Low,Medium User
997,MS,116,415,417-9128,no,no,0,217.3,91,36.94,216.1,95,18.37,148.1,76,6.66,11.3,3,3.05,2,False,592.8,265,65.02,0,Medium,Medium User
998,ND,59,510,351-4226,no,no,0,179.4,80,30.5,232.5,99,19.76,175.8,105,7.91,14.7,3,3.97,0,False,602.4000000000001,287,62.14,0,Low,High User
999,NC,165,415,330-6630,no,no,0,207.7,109,35.31,164.8,94,14.01,54.5,91,2.45,7.9,3,2.13,0,False,434.9,297,53.900000000000006,0,Low,Low User
1000,MI,133,408,387-9137,no,no,0,277.3,138,47.14,228.4,117,19.41,117.3,103,5.28,12.8,4,3.46,2,True,635.8,362,75.28999999999999,1,Medium,High User
1001,TN,140,415,372-3987,no,no,0,125.3,84,21.3,167.6,121,14.25,260.6,94,11.73,8.4,4,2.27,1,False,561.9,303,49.550000000000004,0,Low,Medium User
1002,VT,93,408,408-5183,no,yes,32,138.1,91,23.48,167.3,72,14.22,238.9,115,10.75,6.8,3,1.84,2,False,551.0999999999999,281,50.290000000000006,0,Medium,Medium User
1003,OK,52,510,412-9357,no,yes,38,169.3,88,28.78,225.9,97,19.2,172.0,86,7.74,8.2,3,2.21,0,False,575.4000000000001,274,57.93000000000001,0,Low,Medium User
1004,DE,64,415,402-3599,no,yes,27,201.3,101,34.22,143.8,89,12.22,150.2,127,6.76,12.3,3,3.32,1,False,507.6,320,56.519999999999996,0,Low,Medium User
1005,ND,12,510,379-5211,yes,no,0,216.7,117,36.84,116.5,126,9.9,220.0,110,9.9,9.8,4,2.65,2,False,563.0,357,59.29,0,Medium,Medium User
1006,OR,48,415,405-9217,no,no,0,190.4,92,32.37,317.5,85,26.99,133.4,113,6.0,8.3,4,2.24,2,False,649.5999999999999,294,67.6,0,Medium,High User
1007,NY,181,408,340-9200,no,no,0,143.3,91,24.36,195.5,58,16.62,223.3,95,10.05,6.0,7,1.62,1,False,568.1,251,52.65,0,Low,Medium User
1008,MO,168,415,339-9026,no,yes,42,97.4,57,16.56,203.6,98,17.31,173.9,124,7.83,11.4,2,3.08,2,False,486.29999999999995,281,44.779999999999994,0,Medium,Low User
1009,FL,155,415,343-4772,no,no,0,181.4,111,30.84,167.7,92,14.25,168.5,122,7.58,11.3,3,3.05,3,False,528.9,328,55.72,0,Medium,Medium User
1010,ND,105,510,345-2108,no,no,0,246.4,83,41.89,256.2,101,21.78,169.0,151,7.61,3.8,4,1.03,0,False,675.4,339,72.31,0,Low,High User
1011,NY,11,415,401-4650,no,no,0,143.4,130,24.38,289.4,50,24.6,194.0,100,8.73,9.7,6,2.62,2,False,636.5,286,60.330000000000005,0,Medium,High User
1012,ND,182,415,400-3945,no,no,0,104.9,111,17.83,198.5,120,16.87,258.2,91,11.62,8.0,5,2.16,2,False,569.5999999999999,327,48.480000000000004,0,Medium,Medium User
1013,NY,104,415,338-3781,no,no,0,156.2,93,26.55,193.0,54,16.41,222.7,94,10.02,13.1,5,3.54,1,False,585.0,246,56.52,0,Low,Medium User
1014,OH,102,415,342-6316,no,no,0,114.8,125,19.52,81.9,126,6.96,304.3,101,13.69,12.0,4,3.24,0,False,513.0,356,43.410000000000004,0,Low,Medium User
1015,AL,122,415,336-5920,no,no,0,232.5,96,39.53,205.5,120,17.47,213.7,91,9.62,11.9,2,3.21,0,False,663.6,309,69.83,0,Low,High User
1016,SC,41,415,332-1060,no,no,0,143.6,117,24.41,152.4,108,12.95,194.4,110,8.75,8.6,3,2.32,1,False,499.0,338,48.43,0,Low,Low User
1017,GA,132,415,418-3426,no,no,0,176.7,132,30.04,244.1,80,20.75,176.3,120,7.93,9.1,4,2.46,2,False,606.1999999999999,336,61.18,0,Medium,High User
1018,WY,76,415,408-6326,no,no,0,263.4,148,44.78,230.3,69,19.58,170.6,101,7.68,11.4,5,3.08,1,True,675.6999999999999,323,75.11999999999999,1,Low,High User
1019,WV,13,415,334-6142,no,no,0,146.4,74,24.89,148.5,92,12.62,216.7,96,9.75,11.3,3,3.05,1,False,522.9,265,50.309999999999995,0,Low,Medium User
1020,HI,115,415,336-6128,no,yes,33,145.0,72,24.65,194.5,157,16.53,242.3,138,10.9,14.2,3,3.83,2,False,596.0,370,55.91,0,Medium,Medium User
1021,WV,67,408,406-6708,no,no,0,167.8,91,28.53,167.7,69,14.25,110.3,71,4.96,8.4,12,2.27,1,False,454.2,243,50.010000000000005,0,Low,Low User
1022,LA,154,510,388-8670,no,no,0,166.9,99,28.37,154.9,97,13.17,189.4,89,8.52,7.2,5,1.94,0,False,518.4000000000001,290,52.0,0,Low,Medium User
1023,AR,100,510,363-5853,no,no,0,142.5,87,24.23,195.7,88,16.63,122.1,117,5.49,7.8,8,2.11,2,False,468.09999999999997,300,48.46,0,Medium,Low User
1024,AK,146,510,383-6544,yes,no,0,133.0,65,22.61,262.8,93,22.34,214.3,128,9.64,11.2,3,3.02,1,False,621.3000000000001,289,57.61000000000001,0,Low,High User
1025,DC,148,415,378-2940,no,yes,11,252.9,129,42.99,284.3,88,24.17,262.8,99,11.83,12.3,1,3.32,1,False,812.3,317,82.30999999999999,0,Low,High User
1026,AL,67,415,338-7683,no,yes,28,95.0,94,16.15,291.2,73,24.75,159.6,114,7.18,10.0,2,2.7,2,False,555.8,283,50.78,0,Medium,Medium User
1027,UT,161,510,329-2786,yes,no,0,194.2,106,33.01,249.4,105,21.2,254.9,129,11.47,12.9,1,3.48,1,True,711.4,341,69.16,1,Low,High User
1028,KS,70,415,369-9465,no,no,0,222.8,114,37.88,215.9,113,18.35,223.5,122,10.06,0.0,0,0.0,1,False,662.2,349,66.29,0,Low,High User
1029,MN,116,510,337-3769,no,no,0,201.8,82,34.31,231.5,95,19.68,226.1,130,10.17,16.5,5,4.46,0,False,675.9,312,68.61999999999999,0,Low,High User
1030,VA,99,415,400-6257,no,yes,42,216.0,125,36.72,232.3,104,19.75,215.5,100,9.7,9.3,4,2.51,2,True,673.0999999999999,333,68.68,1,Medium,High User
1031,UT,87,415,411-6663,no,no,0,146.3,108,24.87,171.8,102,14.6,167.5,66,7.54,5.3,9,1.43,1,False,490.90000000000003,285,48.44,0,Low,Low User
1032,IN,87,510,384-3101,no,no,0,234.8,85,39.92,140.9,91,11.98,204.3,93,9.19,9.5,5,2.57,1,False,589.5,274,63.660000000000004,0,Low,Medium User
1033,CT,70,408,339-5329,no,no,0,198.6,111,33.76,213.9,115,18.18,171.2,105,7.7,10.6,6,2.86,2,False,594.3000000000001,337,62.5,0,Medium,Medium User
1034,DE,131,408,388-9944,no,no,0,94.4,80,16.05,215.1,101,18.28,179.7,108,8.09,13.1,9,3.54,2,False,502.3,298,45.96,0,Medium,Medium User
1035,VT,119,510,403-1769,no,no,0,190.4,74,32.37,215.6,113,18.33,161.2,111,7.25,10.0,1,2.7,2,False,577.2,299,60.65,0,Medium,Medium User
1036,MO,119,408,390-1612,no,yes,32,142.6,77,24.24,208.2,126,17.7,171.0,102,7.69,12.0,2,3.24,3,False,533.8,307,52.87,0,Medium,Medium User
1037,RI,87,510,421-7214,yes,no,0,134.2,80,22.81,165.0,71,14.03,173.1,102,7.79,10.7,5,2.89,0,False,482.99999999999994,258,47.519999999999996,0,Low,Low User
1038,CA,112,415,338-6962,no,no,0,111.9,92,19.02,114.0,143,9.69,146.8,79,6.61,14.1,3,3.81,5,True,386.80000000000007,317,39.13,1,High,Low User
1039,RI,75,415,333-9826,no,no,0,122.8,89,20.88,211.3,104,17.96,261.4,91,11.76,10.7,2,2.89,2,False,606.2,286,53.49,0,Medium,High User
1040,CT,150,510,411-8549,no,no,0,189.3,77,32.18,220.9,105,18.78,238.7,117,10.74,9.2,5,2.48,4,False,658.1000000000001,304,64.18,0,High,High User
1041,IN,161,510,381-9234,no,yes,38,240.4,112,40.87,201.8,102,17.15,206.1,112,9.27,16.1,6,4.35,0,False,664.4000000000001,332,71.63999999999999,0,Low,High User
1042,FL,91,510,387-9855,yes,yes,24,93.5,112,15.9,183.4,128,15.59,240.7,133,10.83,9.9,3,2.67,0,False,527.4999999999999,376,44.99,0,Low,Medium User
1043,KS,124,415,371-6990,no,no,0,158.6,104,26.96,211.2,77,17.95,179.3,104,8.07,10.2,8,2.75,3,False,559.3,293,55.73,0,Medium,Medium User
1044,NY,94,510,417-3046,yes,no,0,243.2,109,41.34,147.0,88,12.5,94.9,99,4.27,7.2,4,1.94,4,False,492.3,300,60.05,0,High,Low User
1045,TX,217,408,385-7082,no,no,0,176.4,115,29.99,158.8,128,13.5,306.6,107,13.8,9.3,3,2.51,4,False,651.1,353,59.79999999999999,0,High,High User
1046,RI,158,510,365-5886,no,no,0,220.9,129,37.55,242.2,108,20.59,233.3,75,10.5,6.4,5,1.73,0,False,702.8000000000001,317,70.37,0,Low,High User
1047,NV,102,415,373-5196,no,no,0,144.4,87,24.55,266.5,128,22.65,217.6,59,9.79,7.1,7,1.92,0,False,635.6,281,58.910000000000004,0,Low,High User
1048,UT,85,510,327-6194,no,no,0,212.3,107,36.09,228.4,103,19.41,163.3,116,7.35,7.7,3,2.08,0,False,611.7,329,64.93,0,Low,High User
1049,OK,79,510,381-4565,no,no,0,147.0,72,24.99,165.7,102,14.08,243.2,107,10.94,8.4,9,2.27,1,False,564.3,290,52.28,0,Low,Medium User
1050,MN,139,510,357-9832,no,yes,25,96.2,112,16.35,178.9,70,15.21,182.1,84,8.19,12.9,10,3.48,2,False,470.1,276,43.23,0,Medium,Low User
1051,NC,103,415,396-4845,no,no,0,263.4,118,44.78,179.1,69,15.22,214.7,112,9.66,10.3,2,2.78,0,False,667.5,301,72.44,0,Low,High User
1052,OR,98,415,378-6772,yes,no,0,12.5,67,2.13,256.6,90,21.81,169.4,88,7.62,7.7,9,2.08,1,False,446.2,254,33.64,0,Low,Low User
1053,NH,78,408,353-4296,no,no,0,162.3,116,27.59,192.4,86,16.35,240.6,100,10.83,10.1,3,2.73,2,False,605.4000000000001,305,57.49999999999999,0,Medium,High User
1054,AK,50,408,362-8331,no,no,0,183.6,107,31.21,58.6,118,4.98,202.6,99,9.12,8.7,3,2.35,1,False,453.49999999999994,327,47.66,0,Low,Low User
1055,OR,161,415,362-4685,no,no,0,178.1,109,30.28,146.5,86,12.45,137.6,78,6.19,8.5,2,2.3,1,False,470.70000000000005,275,51.22,0,Low,Low User
1056,KS,67,408,383-1431,no,no,0,201.4,101,34.24,97.6,122,8.3,202.5,119,9.11,7.0,3,1.89,0,False,508.5,345,53.540000000000006,0,Low,Medium User
1057,WV,86,415,332-2258,no,yes,38,123.0,158,20.91,133.9,119,11.38,138.2,103,6.22,13.3,4,3.59,1,False,408.4,384,42.099999999999994,0,Low,Low User
1058,GA,92,510,375-8304,no,no,0,208.0,125,35.36,198.9,76,16.91,76.4,97,3.44,8.6,6,2.32,0,False,491.9,304,58.029999999999994,0,Low,Low User
1059,NM,174,415,340-5580,no,no,0,239.2,72,40.66,188.5,124,16.02,105.6,116,4.75,8.8,3,2.38,1,False,542.0999999999999,315,63.809999999999995,0,Low,Medium User
1060,OH,124,510,362-1490,no,no,0,193.0,97,32.81,89.8,99,7.63,172.8,104,7.78,15.3,3,4.13,1,False,470.90000000000003,303,52.35000000000001,0,Low,Low User
1061,ND,132,415,336-4281,no,yes,31,174.5,101,29.67,245.6,105,20.88,172.8,76,7.78,10.3,9,2.78,1,False,603.2,291,61.11,0,Low,High User
1062,RI,190,415,361-1315,no,yes,26,116.7,71,19.84,145.9,88,12.4,175.1,103,7.88,9.9,3,2.67,1,False,447.6,265,42.790000000000006,0,Low,Low User
1063,HI,101,510,342-5906,no,no,0,93.8,127,15.95,150.0,104,12.75,241.1,116,10.85,10.7,2,2.89,1,False,495.59999999999997,349,42.44,0,Low,Low User
1064,WY,185,415,405-7904,yes,yes,30,154.1,114,26.2,118.7,106,10.09,258.4,105,11.63,12.9,3,3.48,2,False,544.1,328,51.4,0,Medium,Medium User
1065,NY,68,415,349-4762,no,yes,29,239.5,82,40.72,203.8,105,17.32,167.8,70,7.55,9.9,6,2.67,0,False,621.0,263,68.26,0,Low,High User
1066,KS,117,510,385-3263,no,yes,25,216.0,140,36.72,224.1,69,19.05,267.9,112,12.06,11.8,4,3.19,0,False,719.8,325,71.02,0,Low,High User
1067,LA,118,408,405-9496,no,no,0,187.4,97,31.86,177.8,89,15.11,233.4,97,10.5,12.2,6,3.29,1,False,610.8000000000001,289,60.76,0,Low,High User
1068,PA,124,415,396-6775,no,no,0,167.4,119,28.46,233.2,143,19.82,109.6,115,4.93,10.3,5,2.78,0,False,520.5,382,55.99,0,Low,Medium User
1069,NV,22,510,393-6475,no,no,0,160.4,108,27.27,218.1,88,18.54,192.9,115,8.68,12.5,4,3.38,1,False,583.9,315,57.870000000000005,0,Low,Medium User
1070,MN,75,415,379-7779,no,no,0,143.2,92,24.34,209.1,142,17.77,173.0,96,7.79,11.9,9,3.21,1,False,537.1999999999999,339,53.11,0,Low,Medium User
1071,PA,134,408,408-8650,no,no,0,205.3,122,34.9,240.5,155,20.44,179.1,107,8.06,5.0,9,1.35,1,False,629.9,393,64.75,0,Low,High User
1072,MO,164,408,400-3497,no,yes,25,219.1,88,37.25,151.5,99,12.88,50.1,60,2.25,14.3,6,3.86,1,False,435.00000000000006,253,56.24,0,Low,Low User
1073,NY,44,510,407-9244,no,no,0,143.2,77,24.34,169.8,114,14.43,215.8,77,9.71,7.6,4,2.05,1,False,536.4,272,50.529999999999994,0,Low,Medium User
1074,ME,177,415,406-8809,no,no,0,232.8,106,39.58,175.2,97,14.89,212.2,77,9.55,12.5,7,3.38,2,False,632.7,287,67.39999999999999,0,Medium,High User
1075,NH,110,408,358-1778,no,no,0,162.0,81,27.54,247.5,89,21.04,155.5,99,7.0,8.9,8,2.4,0,False,573.9,277,57.98,0,Low,Medium User
1076,WY,53,415,337-4339,no,yes,27,25.9,119,4.4,206.5,96,17.55,228.1,64,10.26,6.5,7,1.76,1,False,467.0,286,33.97,0,Low,Low User
1077,NY,108,415,344-7197,no,no,0,154.2,123,26.21,112.3,86,9.55,246.4,75,11.09,15.4,4,4.16,4,True,528.3,288,51.010000000000005,1,High,Medium User
1078,ME,80,408,333-7631,no,no,0,322.3,113,54.79,222.0,95,18.87,162.8,123,7.33,6.7,8,1.81,0,True,713.8,339,82.8,1,Low,High User
1079,MN,158,408,372-6623,no,no,0,209.9,112,35.68,221.3,82,18.81,210.0,93,9.45,8.2,3,2.21,1,False,649.4000000000001,290,66.14999999999999,0,Low,High User
1080,OH,114,415,363-2602,no,no,0,191.5,88,32.56,175.2,78,14.89,220.3,118,9.91,0.0,0,0.0,0,False,587.0,284,57.36,0,Low,Medium User
1081,NC,64,408,387-7757,no,yes,19,291.1,150,49.49,226.7,123,19.27,219.1,67,9.86,7.5,2,2.03,1,False,744.4,342,80.65,0,Low,High User
1082,SD,88,415,397-5381,no,no,0,215.6,115,36.65,216.2,85,18.38,171.3,65,7.71,11.8,1,3.19,3,False,614.8999999999999,266,65.93,0,Medium,High User
1083,UT,82,510,406-4604,yes,no,0,208.8,101,35.5,213.7,87,18.16,175.1,86,7.88,12.4,6,3.35,3,False,610.0,280,64.89,0,Medium,High User
1084,KY,111,415,376-9513,no,no,0,255.9,97,43.5,204.1,129,17.35,171.3,84,7.71,12.3,5,3.32,3,False,643.5999999999999,315,71.88,0,Medium,High User
1085,MT,60,408,360-1852,no,no,0,252.7,97,42.96,221.1,121,18.79,109.9,100,4.95,12.4,4,3.35,2,False,596.0999999999999,322,70.05,0,Medium,Medium User
1086,NJ,113,408,421-7270,no,no,0,132.1,72,22.46,247.5,107,21.04,246.2,123,11.08,6.9,6,1.86,3,False,632.6999999999999,308,56.44,0,Medium,High User
1087,FL,109,408,371-9482,no,no,0,217.0,115,36.89,207.0,142,17.6,268.0,106,12.06,8.2,4,2.21,1,False,700.2,367,68.75999999999999,0,Low,High User
1088,IN,105,510,337-4101,no,yes,42,101.9,79,17.32,223.1,97,18.96,241.6,77,10.87,12.9,2,3.48,0,False,579.5,255,50.629999999999995,0,Low,Medium User
1089,DE,85,510,420-2796,no,no,0,211.5,100,35.96,184.6,88,15.69,164.3,131,7.39,13.3,4,3.59,2,False,573.7,323,62.629999999999995,0,Medium,Medium User
1090,AL,131,510,366-4225,no,no,0,153.4,86,26.08,198.5,81,16.87,164.4,83,7.4,10.4,3,2.81,0,False,526.6999999999999,253,53.160000000000004,0,Low,Medium User
1091,ME,59,510,398-4567,no,no,0,166.3,95,28.27,239.3,87,20.34,123.2,108,5.54,10.0,3,2.7,2,False,538.8000000000001,293,56.85,0,Medium,Medium User
1092,SD,148,408,388-4571,no,no,0,185.2,87,31.48,170.4,96,14.48,165.1,104,7.43,9.5,13,2.57,1,False,530.2,300,55.96,0,Low,Medium User
1093,VA,210,408,360-8666,no,no,0,104.6,121,17.78,149.5,71,12.71,255.1,67,11.48,6.5,8,1.76,2,False,515.7,267,43.73,0,Medium,Medium User
1094,AK,115,415,333-3704,no,no,0,245.2,105,41.68,159.0,109,13.52,229.9,74,10.35,7.2,8,1.94,0,False,641.3000000000001,296,67.49,0,Low,High User
1095,ID,106,510,383-2566,no,no,0,274.4,120,46.65,198.6,82,16.88,160.8,62,7.24,6.0,3,1.62,1,False,639.8,267,72.39,0,Low,High User
1096,RI,93,415,406-5584,no,no,0,98.4,78,16.73,249.6,129,21.22,248.2,114,11.17,14.2,4,3.83,1,False,610.4000000000001,325,52.95,0,Low,High User
1097,KY,57,415,344-4691,no,yes,29,279.9,121,47.58,223.1,109,18.96,251.7,94,11.33,13.0,2,3.51,1,False,767.7,326,81.38,0,Low,High User
1098,ND,98,510,347-9737,no,no,0,187.2,127,31.82,195.6,88,16.63,181.8,129,8.18,5.1,4,1.38,1,False,569.6999999999999,348,58.010000000000005,0,Low,Medium User
1099,HI,157,415,333-7961,no,no,0,276.2,95,46.95,165.8,119,14.09,151.6,79,6.82,2.2,4,0.59,3,False,595.8000000000001,297,68.45000000000002,0,Medium,Medium User
1100,WI,116,415,364-2439,no,yes,35,200.4,104,34.07,272.8,89,23.19,214.5,100,9.65,8.3,4,2.24,1,False,696.0,297,69.15,0,Low,High User
1101,WV,30,510,411-8043,no,no,0,162.3,96,27.59,244.0,122,20.74,180.1,89,8.1,9.1,4,2.46,2,False,595.5,311,58.89,0,Medium,Medium User
1102,NJ,111,510,332-5084,no,no,0,176.9,128,30.07,102.8,56,8.74,213.7,84,9.62,10.5,2,2.84,4,True,503.9,270,51.269999999999996,1,High,Medium User
1103,KS,52,415,413-4831,no,no,0,165.5,78,28.14,205.5,89,17.47,213.6,124,9.61,12.2,6,3.29,0,False,596.8000000000001,297,58.51,0,Low,Medium User
1104,AL,72,415,343-4806,no,no,0,217.8,93,37.03,189.7,113,16.12,182.6,91,8.22,10.4,5,2.81,4,False,600.5,302,64.18,0,High,High User
1105,NJ,135,510,401-8735,no,yes,28,201.4,100,34.24,246.5,117,20.95,154.8,131,6.97,12.9,4,3.48,2,True,615.6,352,65.64,1,Medium,High User
1106,NC,86,510,391-8626,no,no,0,190.5,115,32.39,179.6,130,15.27,258.5,89,11.63,10.1,5,2.73,3,False,638.7,339,62.019999999999996,0,Medium,High User
1107,DE,98,415,327-5817,no,yes,29,179.9,97,30.58,189.2,89,16.08,164.3,76,7.39,12.8,7,3.46,3,False,546.2,269,57.51,0,Medium,Medium User
1108,WY,151,510,381-4712,no,no,0,235.9,104,40.1,80.6,91,6.85,212.8,116,9.58,5.8,2,1.57,3,False,535.0999999999999,313,58.1,0,Medium,Medium User
1109,ID,118,415,335-3320,no,no,0,140.4,112,23.87,187.1,60,15.9,207.9,155,9.36,7.9,1,2.13,0,False,543.3,328,51.260000000000005,0,Low,Medium User
1110,NY,117,415,415-8780,no,no,0,144.6,115,24.58,258.8,66,22.0,253.2,113,11.39,7.4,9,2.0,2,False,663.9999999999999,303,59.97,0,Medium,High User
1111,MO,55,510,362-1146,no,no,0,189.0,100,32.13,118.5,99,10.07,248.1,87,11.16,17.1,6,4.62,0,False,572.7,292,57.98,0,Low,Medium User
1112,ID,82,408,352-7413,no,no,0,101.0,93,17.17,155.6,104,13.23,304.4,93,13.7,13.3,2,3.59,0,False,574.3,292,47.69,0,Low,Medium User
1113,IA,152,415,387-6716,no,no,0,206.3,98,35.07,292.8,82,24.89,43.7,121,1.97,10.6,4,2.86,1,False,553.4000000000001,305,64.79,0,Low,Medium User
1114,TN,108,408,352-1127,no,yes,15,165.1,85,28.07,267.0,93,22.7,250.7,114,11.28,10.9,4,2.94,1,False,693.6999999999999,296,64.99,0,Low,High User
1115,OH,98,408,368-1288,no,no,0,165.0,129,28.05,202.6,113,17.22,172.3,94,7.75,12.5,7,3.38,1,True,552.4000000000001,343,56.4,1,Low,Medium User
1116,IL,130,415,403-5279,no,no,0,155.9,95,26.5,256.1,97,21.77,262.9,103,11.83,11.7,3,3.16,3,False,686.6,298,63.25999999999999,0,Medium,High User
1117,FL,136,408,397-9333,yes,no,0,199.2,122,33.86,214.7,114,18.25,150.9,105,6.79,11.8,7,3.19,1,False,576.5999999999999,348,62.089999999999996,0,Low,Medium User
1118,MA,47,415,411-7353,no,no,0,155.3,116,26.4,188.2,85,16.0,247.0,73,11.12,12.3,4,3.32,3,False,602.8,278,56.839999999999996,0,Medium,High User
1119,OK,189,415,383-2537,no,no,0,208.3,106,35.41,236.7,123,20.12,179.1,120,8.06,11.3,5,3.05,3,False,635.4,354,66.64,0,Medium,High User
1120,KY,107,415,330-4419,no,no,0,157.1,79,26.71,162.6,124,13.82,150.0,138,6.75,12.1,6,3.27,1,False,481.8,347,50.550000000000004,0,Low,Low User
1121,MI,91,415,390-7930,no,no,0,154.4,165,26.25,168.3,121,14.31,239.9,81,10.8,11.7,4,3.16,5,True,574.3000000000001,371,54.519999999999996,1,High,Medium User
1122,NE,159,415,362-5111,no,no,0,189.1,105,32.15,246.1,147,20.92,242.0,106,10.89,10.4,5,2.81,1,True,687.6,363,66.77,1,Low,High User
1123,VA,11,408,358-6796,no,yes,24,131.5,98,22.36,230.2,111,19.57,283.7,87,12.77,10.0,3,2.7,2,False,655.4,299,57.400000000000006,0,Medium,High User
1124,NY,167,415,409-7494,no,no,0,166.4,85,28.29,243.2,135,20.67,229.2,95,10.31,9.9,5,2.67,1,False,648.6999999999999,320,61.940000000000005,0,Low,High User
1125,MT,111,408,400-1636,no,no,0,142.3,75,24.19,122.8,106,10.44,229.5,94,10.33,12.8,9,3.46,2,False,507.40000000000003,284,48.42,0,Medium,Medium User
1126,VT,99,408,389-2747,no,yes,19,87.7,103,14.91,223.0,86,18.96,182.3,112,8.2,7.3,4,1.97,2,False,500.3,305,44.040000000000006,0,Medium,Medium User
1127,KS,159,415,415-2176,no,yes,19,184.1,78,31.3,194.5,71,16.53,225.6,101,10.15,16.9,3,4.56,0,False,621.1,253,62.54,0,Low,High User
1128,VA,114,415,377-8067,yes,yes,31,174.5,104,29.67,224.2,92,19.06,116.3,91,5.23,12.3,10,3.32,2,False,527.3,297,57.28000000000001,0,Medium,Medium User
1129,AL,71,415,362-7835,no,no,0,103.3,103,17.56,138.5,79,11.77,164.8,98,7.42,9.0,2,2.43,2,False,415.6,282,39.18,0,Medium,Low User
1130,PA,122,415,361-5225,no,no,0,35.1,62,5.97,180.8,89,15.37,251.6,58,11.32,12.7,2,3.43,1,False,480.2,211,36.089999999999996,0,Low,Low User
1131,AL,100,408,333-3447,no,yes,25,246.6,94,41.92,141.4,112,12.02,189.8,109,8.54,13.0,5,3.51,1,False,590.8,320,65.99,0,Low,Medium User
1132,WV,83,415,341-3044,no,yes,37,78.5,109,13.35,210.5,101,17.89,179.7,102,8.09,11.8,4,3.19,1,False,480.5,316,42.519999999999996,0,Low,Low User
1133,NV,64,408,350-7306,no,no,0,148.1,73,25.18,164.9,101,14.02,216.0,125,9.72,12.3,2,3.32,5,True,541.3,301,52.24,1,High,Medium User
1134,TN,105,408,353-8849,no,no,0,206.2,84,35.05,256.4,138,21.79,117.1,91,5.27,9.0,3,2.43,1,False,588.6999999999999,316,64.54,0,Low,Medium User
1135,ID,144,415,402-3476,no,yes,33,251.6,87,42.77,197.6,118,16.8,209.2,97,9.41,12.2,3,3.29,2,False,670.6,305,72.27000000000001,0,Medium,High User
1136,WY,106,415,338-6018,yes,yes,26,270.3,111,45.95,215.2,90,18.29,254.0,133,11.43,14.4,7,3.89,1,True,753.9,341,79.56000000000002,1,Low,High User
1137,TX,19,510,409-3520,no,yes,34,156.6,97,26.62,224.2,97,19.06,260.9,135,11.74,11.3,1,3.05,1,False,652.9999999999999,330,60.47,0,Low,High User
1138,MA,46,408,357-1085,no,no,0,139.4,81,23.7,223.7,113,19.01,173.1,77,7.79,13.6,6,3.67,1,False,549.8000000000001,277,54.17,0,Low,Medium User
1139,IL,127,510,353-3285,no,no,0,220.2,108,37.43,188.4,124,16.01,172.7,113,7.77,11.7,3,3.16,2,False,593.0,348,64.36999999999999,0,Medium,Medium User
1140,LA,9,415,409-9885,no,yes,39,214.1,108,36.4,169.2,115,14.38,189.7,117,8.54,10.1,3,2.73,1,False,583.1,343,62.05,0,Low,Medium User
1141,CO,157,415,388-7701,no,no,0,196.0,74,33.32,213.4,96,18.14,196.8,81,8.86,7.9,6,2.13,1,False,614.1,257,62.45,0,Low,High User
1142,UT,105,415,385-8184,no,no,0,106.4,71,18.09,240.1,83,20.41,147.7,114,6.65,5.3,4,1.43,6,True,499.5,272,46.58,1,High,Low User
1143,MI,105,415,345-2863,no,yes,29,179.4,113,30.5,275.4,100,23.41,246.1,105,11.07,10.0,5,2.7,0,False,710.9,323,67.67999999999999,0,Low,High User
1144,NH,155,408,353-6300,no,no,0,216.7,30,36.84,144.3,125,12.27,135.3,106,6.09,10.8,1,2.92,2,False,507.1,262,58.120000000000005,0,Medium,Medium User
1145,ID,31,415,389-5649,no,no,0,177.3,129,30.14,152.8,105,12.99,162.9,92,7.33,5.1,2,1.38,0,False,498.1,328,51.84,0,Low,Low User
1146,WA,161,415,378-8137,no,no,0,151.6,117,25.77,219.4,87,18.65,224.7,68,10.11,4.0,5,1.08,1,False,599.7,277,55.61,0,Low,Medium User
1147,MN,95,408,340-4627,no,yes,32,262.2,123,44.57,165.2,82,14.04,194.3,57,8.74,10.6,5,2.86,0,False,632.3000000000001,267,70.21,0,Low,High User
1148,NY,122,415,352-6833,no,no,0,173.6,110,29.51,91.7,84,7.79,211.7,103,9.53,9.7,7,2.62,3,False,486.7,304,49.45,0,Medium,Low User
1149,MD,37,415,420-2000,yes,no,0,106.6,76,18.12,147.4,89,12.53,235.8,113,10.61,9.6,8,2.59,2,False,499.40000000000003,286,43.849999999999994,0,Medium,Low User
1150,GA,132,415,368-5437,no,no,0,193.3,106,32.86,128.3,94,10.91,162.1,119,7.29,11.6,4,3.13,5,True,495.30000000000007,323,54.19,1,High,Low User
1151,HI,119,408,418-8170,no,yes,24,217.2,94,36.92,138.7,52,11.79,139.3,85,6.27,11.3,4,3.05,0,False,506.5,235,58.03,0,Low,Medium User
1152,AL,16,408,403-9417,no,no,0,209.5,89,35.62,172.8,85,14.69,94.1,102,4.23,8.8,4,2.38,1,False,485.2,280,56.919999999999995,0,Low,Low User
1153,CT,99,408,330-6165,no,no,0,95.4,105,16.22,207.2,101,17.61,136.0,117,6.12,5.6,5,1.51,1,False,444.20000000000005,328,41.459999999999994,0,Low,Low User
1154,CO,76,408,412-4185,no,yes,26,214.6,110,36.48,205.2,87,17.44,134.6,140,6.06,8.1,2,2.19,1,False,562.5,339,62.17,0,Low,Medium User
1155,KS,167,415,409-4734,no,no,0,131.6,120,22.37,211.3,96,17.96,168.3,97,7.57,11.1,4,3.0,4,True,522.3,317,50.9,1,High,Medium User
1156,NJ,129,415,348-9828,no,no,0,168.4,117,28.63,217.1,129,18.45,81.6,100,3.67,11.8,7,3.19,1,False,478.90000000000003,353,53.94,0,Low,Low User
1157,FL,116,408,418-8850,no,no,0,146.4,123,24.89,176.6,113,15.01,212.6,102,9.57,7.8,5,2.11,1,False,543.4,343,51.58,0,Low,Medium User
1158,CA,60,415,330-8351,yes,no,0,183.0,110,31.11,206.7,93,17.57,203.8,119,9.17,11.1,6,3.0,1,False,604.6,328,60.85,0,Low,High User
1159,KS,128,415,347-7773,no,no,0,103.3,122,17.56,245.9,123,20.9,161.1,95,7.25,6.4,7,1.73,0,False,516.6999999999999,347,47.43999999999999,0,Low,Medium User
1160,TX,47,408,392-6841,no,yes,28,112.2,70,19.07,154.8,106,13.16,166.7,105,7.5,10.6,2,2.86,0,False,444.3,283,42.59,0,Low,Low User
1161,MN,40,510,354-2189,yes,no,0,170.7,55,29.02,179.1,108,15.22,281.9,89,12.69,8.2,9,2.21,3,False,639.9,261,59.14,0,Medium,High User
1162,AK,173,510,349-9060,no,no,0,172.5,78,29.33,142.6,91,12.12,102.0,63,4.59,10.9,2,2.94,0,False,428.0,234,48.97999999999999,0,Low,Low User
1163,OR,157,510,334-1311,no,yes,30,194.3,107,33.03,243.2,108,20.67,322.2,114,14.5,7.1,5,1.92,1,False,766.8000000000001,334,70.12,0,Low,High User
1164,MS,66,408,415-3120,no,yes,32,187.8,117,31.93,129.8,90,11.03,132.3,113,5.95,12.0,3,3.24,2,False,461.90000000000003,323,52.150000000000006,0,Medium,Low User
1165,VT,50,415,387-5891,yes,yes,26,307.1,94,52.21,289.4,78,24.6,174.9,109,7.87,8.0,3,2.16,0,False,779.4,284,86.84,0,Low,High User
1166,UT,72,415,368-8026,no,no,0,118.2,106,20.09,167.2,136,14.21,214.2,106,9.64,12.2,3,3.29,3,False,511.79999999999995,351,47.23,0,Medium,Medium User
1167,KS,130,510,332-9446,no,no,0,154.0,95,26.18,205.9,106,17.5,233.7,75,10.52,12.9,1,3.48,1,False,606.4999999999999,277,57.68,0,Low,High User
1168,NV,143,408,393-5284,no,no,0,155.5,101,26.44,213.4,89,18.14,237.9,61,10.71,7.6,11,2.05,1,False,614.4,262,57.339999999999996,0,Low,High User
1169,DE,89,510,376-1677,yes,no,0,125.6,108,21.35,213.0,90,18.11,181.7,108,8.18,5.4,5,1.46,1,False,525.6999999999999,311,49.1,0,Low,Medium User
1170,IN,108,415,392-2268,no,no,0,199.3,104,33.88,224.2,92,19.06,140.1,57,6.3,15.2,2,4.1,0,False,578.8000000000001,255,63.339999999999996,0,Low,Medium User
1171,TX,32,408,396-4311,no,no,0,157.9,88,26.84,180.8,132,15.37,132.5,102,5.96,12.8,3,3.46,1,False,484.00000000000006,325,51.63,0,Low,Low User
1172,MA,166,415,363-4005,no,no,0,203.4,81,34.58,167.7,110,14.25,132.0,124,5.94,9.2,5,2.48,2,False,512.3000000000001,320,57.24999999999999,0,Medium,Medium User
1173,VT,109,408,344-9966,no,no,0,222.2,113,37.77,218.5,122,18.57,266.0,88,11.97,10.9,5,2.94,1,False,717.6,328,71.25,0,Low,High User
1174,CA,72,408,337-7377,no,yes,39,92.8,98,15.78,271.2,115,23.05,167.1,83,7.52,5.8,7,1.57,1,False,536.9,303,47.919999999999995,0,Low,Medium User
1175,IA,134,415,373-7037,no,yes,32,216.8,78,36.86,102.2,111,8.69,174.0,83,7.83,8.6,2,2.32,0,False,501.6,274,55.699999999999996,0,Low,Medium User
1176,NH,13,415,356-7580,no,no,0,193.2,89,32.84,194.4,90,16.52,186.5,104,8.39,9.7,2,2.62,4,False,583.8000000000001,285,60.37,0,High,Medium User
1177,GA,90,415,390-3401,no,no,0,113.2,108,19.24,189.3,63,16.09,271.8,124,12.23,14.1,4,3.81,3,False,588.4,299,51.370000000000005,0,Medium,Medium User
1178,WI,111,415,350-9313,no,yes,36,166.2,54,28.25,238.8,109,20.3,108.8,92,4.9,11.2,2,3.02,3,False,525.0,257,56.47,0,Medium,Medium User
1179,CO,101,408,420-9009,no,yes,23,262.2,101,44.57,157.0,80,13.35,129.1,100,5.81,7.3,14,1.97,1,False,555.5999999999999,295,65.7,0,Low,Medium User
1180,SC,72,415,415-2641,no,no,0,207.8,92,35.33,195.7,110,16.63,184.8,124,8.32,13.1,4,3.54,0,False,601.4,330,63.81999999999999,0,Low,High User
1181,MI,67,510,392-4929,no,yes,35,245.4,89,41.72,148.2,102,12.6,274.0,136,12.33,7.5,6,2.03,1,False,675.1,333,68.68,0,Low,High User
1182,MD,172,408,346-5068,no,no,0,287.1,108,48.81,178.4,125,15.16,153.2,98,6.89,14.4,2,3.89,3,True,633.1,333,74.75,1,Medium,High User
1183,IN,154,510,389-2631,no,yes,32,192.3,82,32.69,165.3,134,14.05,205.0,74,9.23,9.0,1,2.43,2,False,571.6,291,58.4,0,Medium,Medium User
1184,ME,69,510,368-3808,no,no,0,194.2,122,33.01,242.1,81,20.58,215.8,80,9.71,9.7,3,2.62,2,False,661.8,286,65.92,0,Medium,High User
1185,DC,123,415,406-8599,no,no,0,211.0,92,35.87,217.0,102,18.45,214.8,104,9.67,9.8,7,2.65,3,False,652.5999999999999,305,66.64,0,Medium,High User
1186,TN,130,415,386-7456,no,yes,12,141.9,92,24.12,228.9,102,19.46,195.1,101,8.78,8.7,5,2.35,0,False,574.6,300,54.71,0,Low,Medium User
1187,FL,142,415,357-4936,no,yes,26,220.5,94,37.49,239.5,126,20.36,254.3,109,11.44,5.9,9,1.59,2,False,720.1999999999999,338,70.88000000000001,0,Medium,High User
1188,WA,29,415,397-7411,no,no,0,157.4,122,26.76,145.0,75,12.33,281.8,92,12.68,9.3,2,2.51,1,False,593.5,291,54.28,0,Low,Medium User
1189,HI,87,408,353-6218,no,yes,28,143.5,106,24.4,223.5,147,19.0,175.4,69,7.89,11.2,5,3.02,0,False,553.6,327,54.31,0,Low,Medium User
1190,NE,149,415,369-5942,no,no,0,156.0,56,26.52,56.0,116,4.76,163.3,104,7.35,8.9,8,2.4,0,False,384.2,284,41.03,0,Low,Low User
1191,TN,146,408,416-8543,yes,no,0,160.1,63,27.22,208.4,112,17.71,177.6,98,7.99,9.2,3,2.48,2,False,555.3000000000001,276,55.4,0,Medium,Medium User
1192,MD,88,415,358-4576,yes,no,0,235.1,98,39.97,251.8,79,21.4,285.9,76,12.87,7.2,2,1.94,4,True,780.0,255,76.17999999999999,1,High,High User
1193,NM,119,415,352-5118,yes,yes,15,160.0,95,27.2,209.5,110,17.81,82.3,107,3.7,8.7,5,2.35,5,True,460.5,317,51.06,1,High,Low User
1194,VT,48,510,408-2621,no,no,0,188.4,63,32.03,165.9,89,14.1,205.7,71,9.26,13.2,2,3.56,1,False,573.2,225,58.95,0,Low,Medium User
1195,OR,135,415,353-3994,no,no,0,194.8,97,33.12,235.3,118,20.0,174.4,126,7.85,11.0,3,2.97,1,False,615.5,344,63.94,0,Low,High User
1196,IN,100,510,367-4277,no,no,0,247.8,117,42.13,130.0,95,11.05,134.3,125,6.04,6.9,2,1.86,1,False,519.0,339,61.080000000000005,0,Low,Medium User
1197,MO,98,415,354-3237,no,no,0,221.2,80,37.6,213.6,104,18.16,291.8,89,13.13,11.9,3,3.21,4,False,738.4999999999999,276,72.1,0,High,High User
1198,FL,75,510,394-8504,no,yes,26,118.5,86,20.15,213.9,118,18.18,132.6,99,5.97,13.4,3,3.62,2,False,478.4,306,47.919999999999995,0,Medium,Low User
1199,DC,180,415,370-4139,no,yes,33,231.8,78,39.41,232.9,79,19.8,206.9,121,9.31,7.6,4,2.05,1,False,679.2,282,70.57,0,Low,High User
1200,VT,100,415,382-6135,no,yes,25,215.9,90,36.7,257.9,92,21.92,180.2,157,8.11,11.6,4,3.13,1,False,665.6,343,69.86,0,Low,High User
1201,OH,119,415,359-5718,no,yes,35,217.1,92,36.91,220.8,134,18.77,249.5,93,11.23,8.0,5,2.16,2,False,695.4,324,69.07,0,Medium,High User
1202,MO,86,415,385-3111,no,no,0,83.5,96,14.2,221.1,63,18.79,349.7,75,15.74,12.6,3,3.4,0,False,666.9,237,52.129999999999995,0,Low,High User
1203,LA,155,408,353-4880,no,yes,39,183.3,106,31.16,205.1,101,17.43,263.7,90,11.87,5.1,7,1.38,1,False,657.1999999999999,304,61.84,0,Low,High User
1204,IL,78,415,343-7019,yes,no,0,236.8,141,40.26,265.3,101,22.55,152.4,77,6.86,9.5,2,2.57,1,True,664.0,321,72.24,1,Low,High User
1205,NJ,153,415,419-6133,no,no,0,193.8,90,32.95,195.3,121,16.6,182.7,108,8.22,8.5,3,2.3,1,False,580.3,322,60.07,0,Low,Medium User
1206,IA,92,510,350-7344,no,yes,25,134.0,112,22.78,206.0,111,17.51,180.6,118,8.13,9.7,4,2.62,0,False,530.3000000000001,345,51.040000000000006,0,Low,Medium User
1207,WA,13,510,397-6064,no,yes,25,176.6,65,30.02,172.7,96,14.68,104.5,128,4.7,11.3,5,3.05,2,False,465.09999999999997,294,52.45,0,Medium,Low User
1208,NE,154,415,363-6896,no,no,0,191.4,93,32.54,205.4,119,17.46,205.7,121,9.26,10.2,3,2.75,3,False,612.7,336,62.01,0,Medium,High User
1209,CT,144,510,416-9021,yes,yes,35,174.8,127,29.72,219.6,93,18.67,255.8,90,11.51,12.8,3,3.46,0,False,663.0,313,63.36,0,Low,High User
1210,WV,48,408,408-3269,no,no,0,275.2,67,46.78,180.2,108,15.32,159.0,110,7.15,7.9,2,2.13,1,False,622.3,287,71.38,0,Low,High User
1211,ND,94,408,408-9463,no,no,0,174.0,85,29.58,241.1,114,20.49,207.8,94,9.35,7.9,1,2.13,1,False,630.8000000000001,294,61.55,0,Low,High User
1212,UT,139,415,340-7062,no,no,0,165.0,132,28.05,249.7,86,21.22,170.3,128,7.66,12.6,8,3.4,1,False,597.6,354,60.32999999999999,0,Low,Medium User
1213,MS,126,415,417-4309,no,no,0,228.7,102,38.88,168.7,99,14.34,223.5,100,10.06,11.8,4,3.19,1,False,632.6999999999999,305,66.47,0,Low,High User
1214,MN,122,415,421-2659,no,no,0,107.9,88,18.34,235.8,109,20.04,228.6,119,10.29,9.5,3,2.57,2,False,581.8000000000001,319,51.239999999999995,0,Medium,Medium User
1215,NH,139,510,383-2017,no,no,0,221.3,140,37.62,157.8,89,13.41,192.5,89,8.66,11.3,6,3.05,1,False,582.9,324,62.739999999999995,0,Low,Medium User
1216,LA,95,415,411-6294,no,no,0,141.1,84,23.99,211.4,108,17.97,103.7,127,4.67,5.9,6,1.59,3,False,462.09999999999997,325,48.22,0,Medium,Low User
1217,ME,80,408,332-9525,no,yes,31,166.4,92,28.29,238.3,74,20.26,150.7,84,6.78,10.7,4,2.89,4,False,566.1000000000001,254,58.22,0,High,Medium User
1218,KS,131,415,401-5012,no,yes,28,249.6,87,42.43,227.2,138,19.31,239.9,92,10.8,7.6,3,2.05,3,False,724.3,320,74.58999999999999,0,Medium,High User
1219,KS,36,510,368-8835,no,no,0,178.6,83,30.36,213.1,103,18.11,198.0,119,8.91,10.9,5,2.94,1,False,600.6,310,60.31999999999999,0,Low,High User
1220,NV,180,510,351-1382,no,no,0,139.0,96,23.63,224.9,64,19.12,170.8,118,7.69,15.7,5,4.24,2,False,550.4000000000001,283,54.68,0,Medium,Medium User
1221,MT,25,415,359-7694,no,no,0,134.3,98,22.83,202.3,109,17.2,195.9,100,8.82,12.6,5,3.4,2,False,545.1,312,52.25,0,Medium,Medium User
1222,MT,113,415,419-5505,no,no,0,215.9,93,36.7,240.1,85,20.41,156.7,123,7.05,4.9,5,1.32,3,False,617.6,306,65.47999999999999,0,Medium,High User
1223,ID,88,415,341-4570,no,yes,31,181.6,91,30.87,213.2,120,18.12,207.8,104,9.35,11.4,4,3.08,1,False,613.9999999999999,319,61.42,0,Low,High User
1224,AK,120,415,366-6991,no,no,0,178.4,97,30.33,168.3,113,14.31,120.5,93,5.42,9.3,9,2.51,1,False,476.50000000000006,312,52.57,0,Low,Low User
1225,UT,74,415,377-7399,no,no,0,106.4,84,18.09,140.2,104,11.92,90.9,81,4.09,11.4,3,3.08,1,False,348.9,272,37.17999999999999,0,Low,Low User
1226,AR,109,510,377-9092,no,no,0,170.7,101,29.02,240.2,82,20.42,119.0,112,5.36,11.4,4,3.08,2,False,541.3,299,57.879999999999995,0,Medium,Medium User
1227,LA,162,510,373-6681,no,yes,33,184.5,139,31.37,183.2,78,15.57,127.4,106,5.73,12.3,6,3.32,0,False,507.40000000000003,329,55.99,0,Low,Medium User
1228,KS,124,510,417-7736,no,yes,37,161.2,109,27.4,204.2,79,17.36,231.5,87,10.42,8.9,4,2.4,1,False,605.8,279,57.58,0,Low,High User
1229,OR,177,408,393-2812,no,no,0,84.9,77,14.43,257.5,109,21.89,210.5,66,9.47,7.5,5,2.03,2,False,560.4,257,47.82,0,Medium,Medium User
1230,WI,91,510,398-3176,no,no,0,217.9,71,37.04,230.1,116,19.56,232.1,110,10.44,10.6,2,2.86,1,False,690.7,299,69.89999999999999,0,Low,High User
1231,CO,105,408,334-8694,no,no,0,270.9,98,46.05,226.2,110,19.23,178.8,60,8.05,8.8,5,2.38,0,True,684.6999999999999,273,75.71,1,Low,High User
1232,KS,24,510,369-5449,no,no,0,243.0,91,41.31,183.9,77,15.63,184.3,109,8.29,15.3,6,4.13,0,True,626.5,283,69.36,1,Low,High User
1233,IL,48,510,380-5246,no,no,0,128.2,71,21.79,48.1,78,4.09,116.3,80,5.23,8.9,3,2.4,0,False,301.49999999999994,232,33.51,0,Low,Low User
1234,IA,86,408,390-3873,no,no,0,126.3,115,21.47,168.8,112,14.35,154.6,95,6.96,9.8,7,2.65,2,False,459.50000000000006,329,45.43,0,Medium,Low User
1235,AZ,163,510,354-4568,no,no,0,178.7,56,30.38,215.7,79,18.33,152.7,84,6.87,10.6,2,2.86,4,False,557.6999999999999,221,58.43999999999999,0,High,Medium User
1236,NE,91,510,339-6968,no,no,0,159.0,109,27.03,255.1,142,21.68,82.4,73,3.71,10.1,4,2.73,0,False,506.6,328,55.15,0,Low,Medium User
1237,ID,56,510,379-5933,no,no,0,150.9,79,25.65,161.8,87,13.75,167.7,115,7.55,11.7,5,3.16,3,False,492.1,286,50.11,0,Medium,Low User
1238,OH,147,415,365-5682,yes,yes,24,219.9,118,37.38,208.5,116,17.72,352.5,111,15.86,8.1,4,2.19,3,False,789.0,349,73.15,0,Medium,High User
1239,TX,64,415,382-8518,no,no,0,168.0,116,28.56,192.4,94,16.35,166.5,98,7.49,10.1,3,2.73,2,False,537.0,311,55.129999999999995,0,Medium,Medium User
1240,TN,108,510,356-8449,no,yes,34,162.1,83,27.56,171.8,117,14.6,259.8,76,11.69,9.6,3,2.59,4,True,603.3000000000001,279,56.44,1,High,High User
1241,OK,159,510,333-3460,no,no,0,198.8,107,33.8,195.5,91,16.62,213.3,120,9.6,16.5,7,4.46,5,False,624.1,325,64.48,0,High,High User
1242,ND,136,510,375-8596,yes,no,0,256.8,90,43.66,230.1,104,19.56,143.6,82,6.46,9.1,10,2.46,3,False,639.6,286,72.13999999999999,0,Medium,High User
1243,MT,116,415,384-5907,no,yes,35,182.8,122,31.08,212.7,119,18.08,193.8,103,8.72,11.0,2,2.97,1,False,600.3,346,60.849999999999994,0,Low,High User
1244,NC,45,408,373-2903,no,yes,38,196.8,92,33.46,254.2,108,21.61,261.8,85,11.78,7.7,2,2.08,1,False,720.5,287,68.92999999999999,0,Low,High User
1245,MN,122,415,361-7702,no,no,0,140.1,120,23.82,231.4,128,19.67,188.1,127,8.46,11.2,5,3.02,2,False,570.8000000000001,380,54.970000000000006,0,Medium,Medium User
1246,MN,138,415,388-5850,no,no,0,194.3,83,33.03,189.9,97,16.14,232.2,102,10.45,9.0,3,2.43,5,False,625.4000000000001,285,62.050000000000004,0,High,High User
1247,MA,132,415,405-6298,no,no,0,117.6,66,19.99,214.0,108,18.19,239.5,94,10.78,8.8,5,2.38,1,False,579.9,273,51.34,0,Low,Medium User
1248,PA,101,415,368-2074,yes,no,0,193.7,108,32.93,186.6,98,15.86,223.0,100,10.04,11.6,8,3.13,0,False,614.9,314,61.96,0,Low,High User
1249,GA,58,510,328-5050,no,no,0,243.1,105,41.33,231.4,108,19.67,180.9,120,8.14,7.8,4,2.11,2,False,663.1999999999999,337,71.25,0,Medium,High User
1250,NV,81,415,395-5783,no,no,0,145.4,132,24.72,129.3,91,10.99,186.4,109,8.39,5.2,4,1.4,1,False,466.3,336,45.5,0,Low,Low User
1251,TX,87,415,420-7301,no,no,0,169.1,105,28.75,169.9,102,14.44,244.9,106,11.02,9.9,10,2.67,3,False,593.8,323,56.879999999999995,0,Medium,Medium User
1252,ME,116,510,328-2478,no,no,0,229.3,93,38.98,184.5,111,15.68,168.2,91,7.57,8.8,3,2.38,2,False,590.8,298,64.61,0,Medium,Medium User
1253,RI,85,415,381-2460,yes,no,0,197.2,97,33.52,211.7,115,17.99,210.1,133,9.45,8.3,4,2.24,4,False,627.3,349,63.20000000000001,0,High,High User
1254,MN,62,510,390-9811,no,yes,33,186.4,84,31.69,201.0,136,17.09,286.7,103,12.9,11.1,3,3.0,2,True,685.1999999999999,326,64.68,1,Medium,High User
1255,NH,90,415,373-5670,no,no,0,76.1,121,12.94,290.3,73,24.68,236.9,89,10.66,10.8,3,2.92,0,False,614.0999999999999,286,51.2,0,Low,High User
1256,TN,98,415,351-7016,no,no,0,162.8,65,27.68,185.0,109,15.73,219.5,104,9.88,6.0,3,1.62,2,False,573.3,281,54.91,0,Medium,Medium User
1257,UT,73,415,394-9934,no,no,0,182.3,115,30.99,199.2,97,16.93,120.2,113,5.41,18.0,5,4.86,1,False,519.7,330,58.19,0,Low,Medium User
1258,RI,107,510,422-8268,yes,no,0,194.4,83,33.05,247.8,84,21.06,245.4,93,11.04,11.2,7,3.02,2,False,698.8000000000001,267,68.17,0,Medium,High User
1259,NH,55,408,373-7690,no,yes,20,189.3,95,32.18,118.6,113,10.08,250.2,102,11.26,12.5,4,3.38,2,False,570.5999999999999,314,56.9,0,Medium,Medium User
1260,AK,76,415,366-9781,no,yes,22,160.1,107,27.22,168.7,136,14.34,23.2,102,1.04,9.5,4,2.57,3,False,361.49999999999994,349,45.17,0,Medium,Low User
1261,NC,30,510,404-5427,no,no,0,145.0,76,24.65,240.7,112,20.46,197.1,134,8.87,7.1,4,1.92,3,False,589.9,326,55.9,0,Medium,Medium User
1262,AZ,157,415,389-9783,no,no,0,220.7,105,37.52,119.3,127,10.14,165.1,113,7.43,11.5,7,3.11,4,False,516.6,352,58.2,0,High,Medium User
1263,MA,40,408,351-7005,no,yes,31,224.7,69,38.2,134.5,81,11.43,120.3,104,5.41,7.5,5,2.03,1,True,487.0,259,57.07000000000001,1,Low,Low User
1264,TN,72,408,348-2009,no,no,0,147.0,79,24.99,162.3,103,13.8,162.9,80,7.33,10.5,4,2.84,1,False,482.70000000000005,266,48.959999999999994,0,Low,Low User
1265,WY,95,415,340-4236,no,yes,39,260.8,130,44.34,213.4,111,18.14,195.6,97,8.8,10.1,5,2.73,1,False,679.9000000000001,343,74.01,0,Low,High User
1266,IA,42,415,348-1528,no,no,0,155.4,127,26.42,164.1,45,13.95,157.7,128,7.1,9.0,3,2.43,0,False,486.2,303,49.900000000000006,0,Low,Low User
1267,IN,86,415,365-5039,no,no,0,166.2,112,28.25,255.3,81,21.7,228.1,97,10.26,5.4,7,1.46,1,False,655.0,297,61.67,0,Low,High User
1268,NJ,131,415,411-1810,no,no,0,211.8,115,36.01,260.5,102,22.14,144.2,96,6.49,10.8,7,2.92,0,False,627.3,320,67.56,0,Low,High User
1269,FL,55,510,364-7644,no,yes,45,130.5,114,22.19,208.4,94,17.71,141.6,114,6.37,11.0,5,2.97,4,True,491.5,327,49.24,1,High,Low User
1270,MT,74,415,335-9066,no,no,0,162.7,102,27.66,292.0,105,24.82,183.3,80,8.25,8.7,6,2.35,0,False,646.7,293,63.080000000000005,0,Low,High User
1271,ND,81,408,362-7581,yes,yes,37,237.1,76,40.31,264.2,125,22.46,271.3,120,12.21,7.9,3,2.13,1,False,780.4999999999999,324,77.11,0,Low,High User
1272,MI,81,408,346-1095,no,no,0,166.2,102,28.25,217.6,112,18.5,220.2,68,9.91,13.2,2,3.56,4,False,617.2,284,60.22,0,High,High User
1273,MT,28,415,357-9136,no,no,0,121.7,48,20.69,125.8,112,10.69,261.6,122,11.77,8.3,2,2.24,6,True,517.4,284,45.39000000000001,1,High,Medium User
1274,AL,111,510,390-7863,no,no,0,176.4,62,29.99,201.0,124,17.09,150.4,138,6.77,11.2,2,3.02,0,False,539.0,326,56.87,0,Low,Medium User
1275,NV,3,510,344-2416,no,yes,27,67.4,116,11.46,244.0,78,20.74,281.1,93,12.65,11.4,2,3.08,2,False,603.9,289,47.93,0,Medium,High User
1276,MI,51,415,373-1448,no,no,0,229.7,129,39.05,336.0,104,28.56,192.8,128,8.68,9.6,1,2.59,1,True,768.1,362,78.88,1,Low,High User
1277,FL,68,415,360-7076,no,yes,24,176.0,118,29.92,277.9,116,23.62,174.7,71,7.86,14.7,7,3.97,1,False,643.3,312,65.37,0,Low,High User
1278,NY,163,408,413-2241,no,no,0,247.7,77,42.11,269.5,108,22.91,167.3,82,7.53,9.6,7,2.59,0,True,694.1,274,75.14,1,Low,High User
1279,KS,87,510,343-3961,no,no,0,115.4,90,19.62,262.6,68,22.32,245.7,69,11.06,13.1,5,3.54,2,False,636.8000000000001,232,56.54,0,Medium,High User
1280,NC,58,510,375-4107,no,no,0,112.2,95,19.07,209.6,108,17.82,260.9,78,11.74,13.9,1,3.75,0,True,596.6,282,52.38,1,Low,Medium User
1281,MN,109,408,414-7410,no,no,0,162.6,138,27.64,154.0,109,13.09,209.7,118,9.44,11.5,4,3.11,0,False,537.8,369,53.28,0,Low,Medium User
1282,RI,111,415,351-2535,no,no,0,229.4,107,39.0,214.1,99,18.2,289.6,95,13.03,10.4,6,2.81,4,False,743.5,307,73.04,0,High,High User
1283,UT,144,415,416-9615,no,no,0,139.6,96,23.73,124.2,93,10.56,95.6,75,4.3,15.0,4,4.05,2,False,374.4,268,42.63999999999999,0,Medium,Low User
1284,OR,135,415,377-1293,no,no,0,263.8,66,44.85,251.3,116,21.36,200.1,112,9.0,8.4,2,2.27,5,True,723.6,296,77.48,1,High,High User
1285,SC,109,415,388-6479,no,yes,46,217.5,123,36.98,233.7,84,19.86,163.9,99,7.38,9.0,3,2.43,4,False,624.1,309,66.65,0,High,High User
1286,IL,107,415,390-2755,no,yes,14,114.3,132,19.43,199.8,91,16.98,194.7,74,8.76,7.5,8,2.03,1,False,516.3,305,47.199999999999996,0,Low,Medium User
1287,OH,149,408,340-5930,no,no,0,196.3,108,33.37,136.8,96,11.63,154.7,87,6.96,7.7,3,2.08,2,False,495.5,294,54.04,0,Medium,Low User
1288,MA,56,510,401-3622,no,no,0,253.2,95,43.04,188.0,116,15.98,142.0,133,6.39,4.4,4,1.19,1,False,587.6,348,66.6,0,Low,Medium User
1289,OR,129,408,382-1104,no,no,0,98.0,99,16.66,240.7,62,20.46,254.8,123,11.47,10.5,4,2.84,0,False,604.0,288,51.43000000000001,0,Low,High User
1290,CA,92,408,355-9324,no,no,0,249.4,118,42.4,211.5,95,17.98,169.0,116,7.61,9.1,3,2.46,0,False,639.0,332,70.44999999999999,0,Low,High User
1291,WV,67,415,393-4843,no,yes,30,129.6,107,22.03,233.0,104,19.81,297.0,93,13.37,14.5,5,3.92,1,False,674.1,309,59.13,0,Low,High User
1292,VT,120,415,401-4052,no,no,0,221.3,106,37.62,267.6,98,22.75,111.5,80,5.02,9.3,7,2.51,0,False,609.7,291,67.9,0,Low,High User
1293,ID,166,415,385-1830,no,no,0,220.7,106,37.52,177.8,118,15.11,206.1,102,9.27,12.4,9,3.35,1,False,617.0,335,65.25,0,Low,High User
1294,OR,66,408,348-7409,no,no,0,87.6,76,14.89,262.0,111,22.27,184.6,125,8.31,9.2,5,2.48,1,False,543.4000000000001,317,47.949999999999996,0,Low,Medium User
1295,GA,76,408,361-4910,no,no,0,203.6,61,34.61,161.7,127,13.74,175.9,97,7.92,8.4,3,2.27,0,False,549.5999999999999,288,58.540000000000006,0,Low,Medium User
1296,ME,79,415,415-6578,no,no,0,213.6,110,36.31,234.9,121,19.97,229.6,157,10.33,8.8,3,2.38,2,False,686.9,391,68.99,0,Medium,High User
1297,HI,98,415,395-5015,no,yes,31,181.6,112,30.87,220.7,100,18.76,236.3,121,10.63,12.9,4,3.48,2,False,651.4999999999999,337,63.74,0,Medium,High User
1298,AZ,141,510,369-6012,no,yes,22,215.4,123,36.62,328.7,98,27.94,160.5,89,7.22,7.8,6,2.11,1,False,712.4,316,73.89,0,Low,High User
1299,UT,49,415,394-4520,no,no,0,266.3,90,45.27,207.8,117,17.66,205.0,98,9.23,14.0,2,3.78,2,True,693.1,307,75.94000000000001,1,Medium,High User
1300,IA,46,510,380-5873,no,no,0,199.2,111,33.86,175.1,83,14.88,210.6,84,9.48,10.2,2,2.75,3,False,595.1,280,60.97,0,Medium,Medium User
1301,CT,137,415,372-5384,no,no,0,115.0,130,19.55,137.8,83,11.71,224.0,61,10.08,7.3,4,1.97,3,False,484.1,278,43.31,0,Medium,Low User
1302,WA,171,408,419-1863,no,no,0,270.5,69,45.99,230.0,112,19.55,136.0,111,6.12,9.6,5,2.59,1,True,646.1,297,74.25000000000001,1,Low,High User
1303,VA,10,415,352-5697,no,no,0,222.2,127,37.77,153.1,125,13.01,227.4,80,10.23,12.9,4,3.48,1,False,615.5999999999999,336,64.49000000000001,0,Low,High User
1304,CO,88,510,373-4274,no,no,0,61.9,78,10.52,262.6,114,22.32,212.5,110,9.56,8.8,2,2.38,3,False,545.8,304,44.78000000000001,0,Medium,Medium User
1305,LA,89,415,382-4024,no,no,0,141.1,92,23.99,249.1,126,21.17,136.0,73,6.12,10.8,2,2.92,2,False,537.0,293,54.199999999999996,0,Medium,Medium User
1306,TX,82,415,395-9215,no,no,0,189.2,81,32.16,184.4,117,15.67,255.8,83,11.51,10.6,5,2.86,3,True,640.0000000000001,286,62.199999999999996,1,Medium,High User
1307,SD,139,510,331-9149,no,no,0,196.0,135,33.32,186.0,146,15.81,153.0,92,6.89,9.8,1,2.65,3,False,544.8,374,58.67,0,Medium,Medium User
1308,VA,87,415,347-3958,no,no,0,171.6,119,29.17,205.0,107,17.43,170.6,114,7.68,13.8,4,3.73,0,False,561.0,344,58.01,0,Low,Medium User
1309,NY,137,415,389-2540,yes,no,0,174.0,123,29.58,161.3,115,13.71,260.7,98,11.73,11.4,3,3.08,2,False,607.4,339,58.099999999999994,0,Medium,High User
1310,WA,45,510,399-3083,no,no,0,78.6,106,13.36,187.3,110,15.92,184.2,111,8.29,7.4,5,2.0,1,True,457.49999999999994,332,39.57,1,Low,Low User
1311,WI,90,415,420-8308,no,no,0,200.9,92,34.15,164.3,91,13.97,249.0,98,11.21,8.9,7,2.4,1,False,623.1,288,61.73,0,Low,High User
1312,TN,103,415,384-7724,no,no,0,141.3,123,24.02,253.6,87,21.56,215.8,96,9.71,6.4,2,1.73,1,False,617.1,308,57.019999999999996,0,Low,High User
1313,CT,100,415,389-2114,no,no,0,235.8,130,40.09,176.0,69,14.96,63.6,122,2.86,7.3,1,1.97,2,False,482.70000000000005,322,59.88,0,Medium,Low User
1314,WA,110,510,335-4414,no,no,0,185.1,100,31.47,165.1,88,14.03,111.6,104,5.02,6.3,4,1.7,3,False,468.09999999999997,296,52.22,0,Medium,Low User
1315,NH,124,415,370-5361,no,no,0,254.3,113,43.23,78.9,104,6.71,153.2,69,6.89,11.8,2,3.19,2,False,498.20000000000005,288,60.019999999999996,0,Medium,Low User
1316,MT,10,510,374-5965,no,no,0,183.0,103,31.11,214.8,77,18.26,206.4,73,9.29,8.7,6,2.35,2,False,612.9000000000001,259,61.010000000000005,0,Medium,High User
1317,NE,89,415,420-6414,no,yes,29,163.5,80,27.8,274.8,136,23.36,381.9,147,17.19,7.5,5,2.03,2,False,827.7,368,70.38,0,Medium,High User
1318,WA,121,408,392-2708,no,no,0,207.9,98,35.34,210.5,96,17.89,109.6,114,4.93,7.7,2,2.08,2,False,535.7,310,60.24,0,Medium,Medium User
1319,WI,101,415,352-7234,no,no,0,248.6,102,42.26,174.9,93,14.87,207.2,86,9.32,6.1,3,1.65,3,False,636.8000000000001,284,68.1,0,Medium,High User
1320,AR,103,415,337-9878,no,yes,31,185.4,105,31.52,197.6,126,16.8,147.1,110,6.62,14.5,4,3.92,2,False,544.6,345,58.86,0,Medium,Medium User
1321,WI,51,408,350-7288,no,no,0,197.8,60,33.63,221.0,64,18.79,168.6,134,7.59,8.9,5,2.4,1,False,596.3,263,62.410000000000004,0,Low,Medium User
1322,DE,2,415,415-8448,yes,no,0,132.1,42,22.46,138.9,88,11.81,192.6,119,8.67,9.1,1,2.46,2,True,472.70000000000005,250,45.400000000000006,1,Medium,Low User
1323,NH,111,510,392-6331,no,no,0,197.1,117,33.51,227.8,128,19.36,214.0,101,9.63,9.3,11,2.51,0,False,648.1999999999999,357,65.01,0,Low,High User
1324,VA,118,415,392-3315,no,no,0,154.6,112,26.28,184.2,105,15.66,217.4,102,9.78,12.6,5,3.4,2,False,568.8,324,55.12,0,Medium,Medium User
1325,TN,17,510,382-5401,no,yes,31,153.1,115,26.03,185.9,59,15.8,224.3,102,10.09,10.0,1,2.7,6,True,573.3,277,54.620000000000005,1,High,Medium User
1326,VA,130,408,389-7012,no,no,0,211.2,119,35.9,231.1,120,19.64,220.9,80,9.94,6.3,9,1.7,2,False,669.4999999999999,328,67.18,0,Medium,High User
1327,ID,193,415,411-4714,no,no,0,96.8,92,16.46,142.6,103,12.12,210.1,115,9.45,10.9,5,2.94,2,True,460.4,315,40.97,1,Medium,Low User
1328,TN,114,510,343-3846,no,no,0,172.0,145,29.24,276.4,101,23.49,193.7,100,8.72,10.1,9,2.73,1,False,652.1999999999999,355,64.17999999999999,0,Low,High User
1329,AZ,137,415,370-4395,no,no,0,141.1,91,23.99,147.2,100,12.51,254.7,75,11.46,8.0,7,2.16,2,False,551.0,273,50.120000000000005,0,Medium,Medium User
1330,MT,185,408,422-4394,no,yes,29,151.1,121,25.69,244.7,88,20.8,154.4,91,6.95,13.8,2,3.73,2,False,563.9999999999999,302,57.17,0,Medium,Medium User
1331,OK,101,408,405-1780,no,no,0,209.6,107,35.63,228.8,96,19.45,172.4,85,7.76,7.6,2,2.05,3,False,618.4,290,64.89,0,Medium,High User
1332,ID,95,415,393-2220,no,yes,32,247.0,109,41.99,125.6,91,10.68,226.5,90,10.19,10.5,4,2.84,3,False,609.6,294,65.7,0,Medium,High User
1333,NV,7,408,355-8299,no,yes,30,221.4,114,37.64,165.8,116,14.09,247.0,105,11.12,10.8,12,2.92,1,False,645.0,347,65.77,0,Low,High User
1334,KS,126,408,379-8681,no,no,0,321.3,99,54.62,167.9,93,14.27,193.6,106,8.71,8.0,4,2.16,1,True,690.8000000000001,302,79.75999999999999,1,Low,High User
1335,WY,71,415,409-7034,no,no,0,243.7,124,41.43,60.0,90,5.1,189.0,129,8.5,11.3,2,3.05,0,False,504.0,345,58.08,0,Low,Medium User
1336,MS,124,415,358-1922,no,no,0,251.5,85,42.76,214.2,98,18.21,186.1,71,8.37,11.1,6,3.0,3,False,662.9,260,72.34,0,Medium,High User
1337,WY,97,510,346-1629,yes,no,0,236.9,107,40.27,157.6,105,13.4,241.0,120,10.85,7.3,2,1.97,0,True,642.8,334,66.49,1,Low,High User
1338,TX,28,415,347-1870,no,no,0,159.7,79,27.15,216.7,131,18.42,206.7,116,9.3,9.3,3,2.51,2,False,592.3999999999999,329,57.38,0,Medium,Medium User
1339,WA,90,415,374-9576,yes,no,0,148.2,96,25.19,220.4,111,18.73,134.2,97,6.04,9.2,1,2.48,4,True,512.0,305,52.44,1,High,Medium User
1340,HI,190,408,380-1096,no,no,0,150.9,86,25.65,268.6,129,22.83,179.9,73,8.1,14.7,1,3.97,1,False,614.1,289,60.55,0,Low,High User
1341,IL,31,415,396-5790,no,yes,28,210.5,101,35.79,250.5,86,21.29,241.6,125,10.87,11.5,2,3.11,1,False,714.1,314,71.06,0,Low,High User
1342,AK,52,415,356-5244,no,yes,24,170.9,71,29.05,201.4,80,17.12,159.0,124,7.15,4.1,5,1.11,2,False,535.4,280,54.43,0,Medium,Medium User
1343,MD,73,510,341-1412,no,no,0,254.7,80,43.3,90.2,79,7.67,153.4,60,6.9,10.6,8,2.86,0,False,508.9,227,60.73,0,Low,Medium User
1344,MA,111,415,387-7371,no,no,0,284.4,89,48.35,157.0,113,13.35,242.8,91,10.93,8.4,8,2.27,0,True,692.6,301,74.89999999999999,1,Low,High User
1345,SD,98,415,392-2555,no,no,0,0.0,0,0.0,159.6,130,13.57,167.1,88,7.52,6.8,1,1.84,4,True,333.5,219,22.93,1,High,Low User
1346,PA,106,408,403-9167,yes,no,0,133.7,45,22.73,187.8,107,15.96,181.9,89,8.19,10.7,2,2.89,1,True,514.1,243,49.769999999999996,1,Low,Medium User
1347,NC,111,408,338-6550,no,no,0,224.9,117,38.23,191.9,127,16.31,229.9,97,10.35,10.3,3,2.78,0,False,657.0,344,67.66999999999999,0,Low,High User
1348,VT,59,408,357-5801,no,no,0,151.8,98,25.81,209.9,92,17.84,266.9,86,12.01,11.9,5,3.21,1,False,640.5,281,58.87,0,Low,High User
1349,KY,71,510,403-1953,no,yes,22,141.4,107,24.04,163.0,105,13.86,220.0,99,9.9,5.6,3,1.51,2,False,530.0,314,49.309999999999995,0,Medium,Medium User
1350,WA,55,408,357-6039,no,no,0,285.7,124,48.57,230.9,106,19.63,230.7,140,10.38,14.8,7,4.0,0,True,762.0999999999999,377,82.58,1,Low,High User
1351,LA,13,415,388-9653,no,no,0,58.4,121,9.93,262.2,64,22.29,159.0,115,7.15,11.9,5,3.21,1,False,491.49999999999994,305,42.58,0,Low,Low User
1352,WA,136,415,359-2915,no,yes,16,90.4,105,15.37,201.3,109,17.11,227.1,115,10.22,13.1,4,3.54,0,False,531.9000000000001,333,46.239999999999995,0,Low,Medium User
1353,ME,123,408,381-4562,no,no,0,114.4,91,19.45,216.6,123,18.41,250.6,102,11.28,11.0,3,2.97,0,False,592.6,319,52.11,0,Low,Medium User
1354,WI,105,408,406-2213,no,no,0,147.7,103,25.11,222.7,78,18.93,163.5,102,7.36,12.8,3,3.46,2,False,546.6999999999999,286,54.86,0,Medium,Medium User
1355,TX,50,408,330-6436,no,yes,31,302.7,93,51.46,240.5,119,20.44,193.9,103,8.73,13.6,14,3.67,3,False,750.7,329,84.30000000000001,0,Medium,High User
1356,IA,118,415,332-4289,no,no,0,136.1,120,23.14,204.2,103,17.36,228.2,90,10.27,11.3,4,3.05,1,False,579.8,317,53.81999999999999,0,Low,Medium User
1357,AZ,97,408,386-3596,no,no,0,169.7,84,28.85,165.9,86,14.1,191.9,83,8.64,12.8,6,3.46,3,False,540.3,259,55.050000000000004,0,Medium,Medium User
1358,ND,51,510,337-3740,no,no,0,227.2,89,38.62,194.4,106,16.52,243.4,126,10.95,14.9,2,4.02,0,False,679.9,323,70.11,0,Low,High User
1359,VT,73,415,414-1496,no,no,0,217.8,91,37.03,220.6,97,18.75,277.3,89,12.48,10.3,6,2.78,1,True,726.0,283,71.04,1,Low,High User
1360,HI,35,415,349-7291,no,no,0,124.2,102,21.11,123.9,115,10.53,135.7,100,6.11,13.1,8,3.54,2,False,396.90000000000003,325,41.29,0,Medium,Low User
1361,WY,64,415,385-1985,no,no,0,206.2,76,35.05,232.4,76,19.75,251.6,96,11.32,13.6,2,3.67,1,False,703.8000000000001,250,69.79,0,Low,High User
1362,WV,63,510,329-7102,no,no,0,132.9,122,22.59,67.0,62,5.7,160.4,121,7.22,9.9,2,2.67,3,False,370.2,307,38.18,0,Medium,Low User
1363,OK,117,415,394-2553,no,yes,31,104.9,115,17.83,237.6,125,20.2,263.4,104,11.85,7.7,6,2.08,3,False,613.6,350,51.96,0,Medium,High User
1364,CT,115,415,339-1330,no,no,0,245.0,97,41.65,250.7,75,21.31,270.2,124,12.16,13.7,8,3.7,1,True,779.6,304,78.82,1,Low,High User
1365,UT,162,408,398-1959,no,no,0,184.5,118,31.37,224.0,95,19.04,180.5,82,8.12,11.6,3,3.13,1,False,600.6,298,61.66,0,Low,High User
1366,NY,89,415,408-7015,no,no,0,89.5,66,15.22,179.3,104,15.24,225.1,116,10.13,12.3,1,3.32,3,False,506.2,287,43.910000000000004,0,Medium,Medium User
1367,VA,94,415,384-9254,yes,no,0,235.6,131,40.05,194.8,107,16.56,170.6,93,7.68,8.6,4,2.32,1,False,609.6,335,66.60999999999999,0,Low,High User
1368,VT,129,408,355-9475,no,no,0,186.0,127,31.62,262.3,96,22.3,98.9,63,4.45,11.5,6,3.11,4,False,558.7,292,61.480000000000004,0,High,Medium User
1369,SD,86,415,334-1337,no,no,0,223.9,75,38.06,155.7,109,13.23,150.2,143,6.76,7.3,9,1.97,1,False,537.0999999999999,336,60.02,0,Low,Medium User
1370,PA,96,510,359-1441,no,no,0,179.5,125,30.52,162.3,139,13.8,264.5,133,11.9,6.6,2,1.78,1,False,612.9,399,58.0,0,Low,High User
1371,ND,190,415,391-5442,no,no,0,169.4,102,28.8,253.5,113,21.55,197.1,93,8.87,8.9,5,2.4,1,False,628.9,313,61.62,0,Low,High User
1372,CT,80,408,374-1551,no,no,0,118.1,90,20.08,144.3,77,12.27,225.1,86,10.13,8.2,6,2.21,1,False,495.7,259,44.69,0,Low,Low User
1373,SC,108,415,399-6233,no,no,0,112.0,105,19.04,193.7,110,16.46,208.9,93,9.4,4.1,4,1.11,4,True,518.7,312,46.01,1,High,Medium User
1374,MI,97,408,337-4749,no,yes,32,168.4,129,28.63,225.9,97,19.2,191.8,95,8.63,8.5,7,2.3,0,False,594.6,328,58.76,0,Low,Medium User
1375,VT,84,415,403-5552,no,yes,42,214.3,112,36.43,188.2,107,16.0,333.5,117,15.01,11.3,10,3.05,0,False,747.3,346,70.49,0,Low,High User
1376,OH,65,415,405-3097,no,no,0,245.7,139,41.77,241.9,113,20.56,285.3,117,12.84,4.2,5,1.13,4,True,777.1000000000001,374,76.3,1,High,High User
1377,VT,131,415,364-9240,no,yes,34,156.6,134,26.62,71.0,95,6.04,261.7,120,11.78,13.4,10,3.62,1,False,502.69999999999993,359,48.06,0,Low,Medium User
1378,IL,58,415,404-9348,yes,yes,43,142.8,96,24.28,272.3,100,23.15,193.4,105,8.7,8.9,4,2.4,1,False,617.4,305,58.529999999999994,0,Low,High User
1379,MO,36,415,336-1462,no,no,0,202.4,115,34.41,230.7,115,19.61,202.0,127,9.09,10.2,2,2.75,3,False,645.3000000000001,359,65.86,0,Medium,High User
1380,WI,54,415,364-8981,no,no,0,116.8,119,19.86,123.1,123,10.46,217.5,101,9.79,12.0,2,3.24,1,False,469.4,345,43.35,0,Low,Low User
1381,NJ,45,510,412-7606,no,no,0,155.7,110,26.47,260.3,103,22.13,192.2,98,8.65,11.0,1,2.97,1,False,619.2,312,60.21999999999999,0,Low,High User
1382,GA,125,415,380-6342,no,yes,39,236.1,107,40.14,289.2,110,24.58,175.4,107,7.89,9.1,4,2.46,2,False,709.8,328,75.07,0,Medium,High User
1383,VT,72,415,418-3017,no,yes,21,138.1,113,23.48,260.1,83,22.11,135.4,118,6.09,8.2,2,2.21,2,False,541.8000000000001,316,53.89000000000001,0,Medium,Medium User
1384,CT,141,408,367-3648,no,no,0,51.9,108,8.82,162.0,83,13.77,223.5,115,10.06,10.1,3,2.73,3,False,447.5,309,35.379999999999995,0,Medium,Low User
1385,AZ,113,510,341-5892,no,no,0,81.3,116,13.82,220.6,124,18.75,235.7,113,10.61,8.9,3,2.4,0,False,546.4999999999999,356,45.58,0,Low,Medium User
1386,SD,20,415,334-4678,no,yes,35,171.5,98,29.16,153.1,127,13.01,165.6,125,7.45,7.1,3,1.92,0,False,497.30000000000007,353,51.540000000000006,0,Low,Low User
1387,CT,212,415,366-6751,no,no,0,126.0,96,21.42,144.3,80,12.27,302.8,102,13.63,7.6,3,2.05,1,False,580.7,281,49.37,0,Low,Medium User
1388,IN,99,415,397-8512,yes,no,0,197.2,127,33.52,156.0,92,13.26,204.1,99,9.18,9.9,6,2.67,4,False,567.1999999999999,324,58.63,0,High,Medium User
1389,OH,94,510,367-9495,no,no,0,194.1,62,33.0,227.2,54,19.31,190.4,115,8.57,15.3,4,4.13,1,False,626.9999999999999,235,65.01,0,Low,High User
1390,NY,40,510,379-2991,no,no,0,115.7,105,19.67,127.8,113,10.86,107.5,91,4.84,9.3,6,2.51,1,False,360.3,315,37.88,0,Low,Low User
1391,NE,86,510,356-4832,no,yes,29,157.2,118,26.72,196.3,136,16.69,226.7,109,10.2,8.4,5,2.27,3,False,588.6,368,55.88,0,Medium,Medium User
1392,OK,101,415,413-4040,no,no,0,269.7,85,45.85,207.6,86,17.65,214.2,107,9.64,4.5,15,1.22,3,True,696.0,293,74.36,1,Medium,High User
1393,NC,170,415,366-4444,no,no,0,246.4,107,41.89,228.1,124,19.39,166.4,95,7.49,9.1,8,2.46,0,False,650.0,334,71.22999999999999,0,Low,High User
1394,HI,105,510,394-3806,no,no,0,227.4,121,38.66,268.5,89,22.82,143.3,82,6.45,13.0,4,3.51,1,False,652.2,296,71.44,0,Low,High User
1395,UT,103,415,368-5647,no,no,0,189.8,110,32.27,115.5,83,9.82,191.3,103,8.61,12.2,4,3.29,0,False,508.8,300,53.99,0,Low,Medium User
1396,MD,140,415,412-1076,yes,yes,27,188.9,124,32.11,160.9,102,13.68,197.7,100,8.9,11.5,5,3.11,4,False,559.0,331,57.8,0,High,Medium User
1397,VT,101,510,413-7655,no,no,0,0.0,0,0.0,192.1,119,16.33,168.8,95,7.6,7.2,4,1.94,1,False,368.09999999999997,218,25.87,0,Low,Low User
1398,TX,98,408,371-2316,no,yes,19,110.5,87,18.79,227.8,97,19.36,243.6,84,10.96,11.0,4,2.97,1,False,592.9,272,52.08,0,Low,Medium User
1399,AZ,104,408,420-3346,no,no,0,167.6,116,28.49,219.2,112,18.63,215.9,94,9.72,11.7,2,3.16,4,False,614.4,324,60.0,0,High,High User
1400,VA,115,415,367-3971,no,no,0,132.0,90,22.44,197.5,75,16.79,175.8,114,7.91,0.0,0,0.0,3,False,505.3,279,47.14,0,Medium,Medium User
1401,WI,112,408,417-5813,no,no,0,167.8,88,28.53,247.9,81,21.07,155.1,108,6.98,11.9,4,3.21,0,False,582.7,281,59.79,0,Low,Medium User
1402,NE,70,415,421-8535,no,no,0,213.4,86,36.28,204.7,77,17.4,256.6,101,11.55,5.7,4,1.54,1,False,680.4000000000001,268,66.77000000000001,0,Low,High User
1403,KY,126,510,375-1721,no,no,0,175.4,120,29.82,98.3,71,8.36,201.9,93,9.09,10.6,1,2.86,0,False,486.20000000000005,285,50.129999999999995,0,Low,Low User
1404,NV,87,510,331-8484,no,yes,39,82.6,113,14.04,224.4,63,19.07,163.6,88,7.36,9.5,1,2.57,3,False,480.1,265,43.04,0,Medium,Low User
1405,MT,125,510,366-5829,no,no,0,143.2,80,24.34,88.1,94,7.49,233.2,135,10.49,8.8,7,2.38,4,True,473.3,316,44.7,1,High,Low User
1406,MO,86,415,367-7906,no,no,0,125.5,139,21.34,269.8,93,22.93,235.8,110,10.61,8.9,8,2.4,1,False,640.0,350,57.279999999999994,0,Low,High User
1407,MS,73,415,412-2520,no,yes,31,82.3,105,13.99,256.1,91,21.77,229.6,98,10.33,11.8,2,3.19,6,True,579.8,296,49.279999999999994,1,High,Medium User
1408,NM,232,408,386-9177,no,no,0,165.6,104,28.15,195.9,115,16.65,118.3,77,5.32,11.8,3,3.19,1,False,491.6,299,53.309999999999995,0,Low,Low User
1409,NJ,1,415,420-6780,no,yes,30,183.1,95,31.13,232.6,110,19.77,248.3,110,11.17,8.4,2,2.27,0,False,672.4,317,64.34,0,Low,High User
1410,NH,133,408,401-1454,no,no,0,162.1,91,27.56,212.1,94,18.03,260.4,78,11.72,12.2,5,3.29,1,False,646.8,268,60.6,0,Low,High User
1411,NC,103,510,379-2508,no,no,0,166.6,84,28.32,192.4,91,16.35,167.9,115,7.56,7.7,6,2.08,1,False,534.6,296,54.31,0,Low,Medium User
1412,MT,131,415,353-3492,no,yes,24,135.9,60,23.1,233.2,78,19.82,210.6,121,9.48,9.4,4,2.54,1,False,589.1,263,54.940000000000005,0,Low,Medium User
1413,SD,95,408,406-4840,no,yes,20,165.7,78,28.17,215.6,94,18.33,243.3,91,10.95,9.8,6,2.65,0,False,634.3999999999999,269,60.1,0,Low,High User
1414,VA,182,415,391-7982,no,no,0,176.1,90,29.94,174.9,106,14.87,234.7,134,10.56,9.7,4,2.62,1,False,595.4000000000001,334,57.99,0,Low,Medium User
1415,LA,99,510,379-9821,no,no,0,142.3,89,24.19,204.5,95,17.38,203.1,114,9.14,9.1,1,2.46,0,False,559.0,299,53.17,0,Low,Medium User
1416,NV,27,510,398-7414,no,no,0,177.6,121,30.19,296.8,92,25.23,192.9,106,8.68,7.6,3,2.05,3,False,674.9,322,66.14999999999999,0,Medium,High User
1417,AK,141,408,338-8566,no,no,0,83.2,74,14.14,190.6,104,16.2,150.5,79,6.77,10.7,7,2.89,1,False,435.0,264,40.0,0,Low,Low User
1418,OH,29,415,397-3058,yes,yes,37,235.0,101,39.95,183.3,79,15.58,139.8,106,6.29,5.7,7,1.54,2,False,563.8000000000001,293,63.36,0,Medium,Medium User
1419,NM,65,415,389-8096,no,no,0,105.7,95,17.97,141.8,100,12.05,180.5,105,8.12,6.6,12,1.78,2,False,434.6,312,39.92,0,Medium,Low User
1420,MI,81,415,393-6840,yes,no,0,149.4,68,25.4,171.9,98,14.61,214.5,97,9.65,17.9,3,4.83,3,True,553.6999999999999,266,54.489999999999995,1,Medium,Medium User
1421,MN,37,415,360-7404,no,yes,20,264.7,81,45.0,216.5,110,18.4,210.7,102,9.48,10.4,7,2.81,0,False,702.3,300,75.69,0,Low,High User
1422,WY,107,510,411-5740,no,yes,31,160.3,45,27.25,221.5,70,18.83,261.6,109,11.77,5.6,1,1.51,1,False,649.0000000000001,225,59.35999999999999,0,Low,High User
1423,WY,127,415,412-3726,yes,yes,28,95.9,117,16.3,159.5,131,13.56,152.8,132,6.88,10.4,3,2.81,1,False,418.6,383,39.550000000000004,0,Low,Low User
1424,WA,78,408,372-7326,no,no,0,140.7,77,23.92,195.2,114,16.59,252.9,107,11.38,11.7,5,3.16,0,False,600.5,303,55.05000000000001,0,Low,High User
1425,NM,55,510,338-9873,no,no,0,119.7,148,20.35,231.8,96,19.7,222.3,113,10.0,4.6,2,1.24,2,False,578.4,359,51.29,0,Medium,Medium User
1426,VA,86,415,383-4322,no,yes,30,99.9,84,16.98,263.5,125,22.4,254.7,90,11.46,9.8,7,2.65,2,False,627.8999999999999,306,53.489999999999995,0,Medium,High User
1427,RI,176,415,401-7654,no,no,0,250.9,108,42.65,171.4,100,14.57,148.6,85,6.69,9.6,6,2.59,2,False,580.5,299,66.5,0,Medium,Medium User
1428,AL,96,415,410-5455,yes,no,0,200.6,117,34.1,289.5,120,24.61,98.3,95,4.42,11.2,5,3.02,2,False,599.6,337,66.15,0,Medium,Medium User
1429,WV,11,510,419-4310,no,yes,38,209.8,130,35.67,196.6,84,16.71,233.0,79,10.49,7.0,7,1.89,1,False,646.4,300,64.76,0,Low,High User
1430,WV,48,415,367-2056,no,yes,34,198.0,70,33.66,273.7,121,23.26,217.9,71,9.81,7.6,4,2.05,1,False,697.2,266,68.78,0,Low,High User
1431,NJ,127,510,363-6695,no,no,0,239.8,107,40.77,128.9,121,10.96,249.9,110,11.25,11.3,5,3.05,1,False,629.9,343,66.03,0,Low,High User
1432,TN,63,415,374-6217,no,no,0,164.5,75,27.97,147.9,118,12.57,252.7,97,11.37,11.2,2,3.02,0,False,576.3,292,54.93,0,Low,Medium User
1433,MI,79,510,337-9569,no,no,0,220.9,107,37.55,192.2,97,16.34,161.0,74,7.25,12.2,2,3.29,1,False,586.3000000000001,280,64.43,0,Low,Medium User
1434,UT,47,408,350-9720,no,yes,37,112.8,150,19.18,243.9,97,20.73,178.7,112,8.04,13.2,6,3.56,2,False,548.6,365,51.51,0,Medium,Medium User
1435,IL,89,415,380-4080,yes,yes,19,112.6,114,19.14,261.7,132,22.24,123.5,116,5.56,11.1,2,3.0,0,True,508.9,364,49.94,1,Low,Medium User
1436,MI,83,510,333-7460,no,yes,26,226.4,117,38.49,234.7,97,19.95,133.6,82,6.01,10.8,7,2.92,1,False,605.5,303,67.37,0,Low,High User
1437,WI,126,415,378-3722,yes,yes,34,244.9,118,41.63,219.6,105,18.67,210.8,136,9.49,9.7,6,2.62,4,False,685.0,365,72.41000000000001,0,High,High User
1438,ND,60,510,353-9339,no,no,0,203.2,99,34.54,235.8,131,20.04,224.9,112,10.12,15.1,6,4.08,2,False,679.0,348,68.78,0,Medium,High User
1439,VT,122,415,386-6535,no,no,0,136.7,115,23.24,243.1,137,20.66,188.9,110,8.5,8.6,4,2.32,0,False,577.3,366,54.72,0,Low,Medium User
1440,WA,136,408,403-5575,no,no,0,152.6,97,25.94,208.9,85,17.76,119.1,99,5.36,5.0,10,1.35,1,False,485.6,291,50.410000000000004,0,Low,Low User
1441,NC,172,408,331-5962,no,yes,47,274.9,102,46.73,186.6,118,15.86,245.0,123,11.03,8.8,2,2.38,1,False,715.3,345,75.99999999999999,0,Low,High User
1442,ME,102,510,390-9627,no,no,0,195.7,116,33.27,209.1,87,17.77,201.1,73,9.05,8.3,3,2.24,1,True,614.1999999999999,279,62.330000000000005,1,Low,High User
1443,SD,113,415,406-4560,yes,no,0,204.3,82,34.73,188.8,115,16.05,139.4,97,6.27,9.2,7,2.48,1,False,541.7,301,59.529999999999994,0,Low,Medium User
1444,WV,79,415,359-6931,no,no,0,222.3,99,37.79,146.2,82,12.43,275.6,82,12.4,8.9,4,2.4,3,False,653.0,267,65.02,0,Medium,High User
1445,ID,55,510,331-7342,no,yes,8,222.5,104,37.83,171.5,94,14.58,377.5,114,16.99,9.7,2,2.62,1,False,781.2,314,72.02,0,Low,High User
1446,LA,111,415,367-2227,no,yes,28,128.8,104,21.9,157.3,52,13.37,147.4,76,6.63,10.3,2,2.78,2,False,443.8,234,44.68,0,Medium,Low User
1447,GA,160,415,335-8836,no,no,0,174.3,105,29.63,171.3,107,14.56,220.8,131,9.94,8.3,2,2.24,0,False,574.7,345,56.37,0,Low,Medium User
1448,FL,110,415,398-6703,no,no,0,242.5,110,41.23,162.3,140,13.8,184.1,86,8.28,7.8,3,2.11,4,False,596.6999999999999,339,65.42,0,High,Medium User
1449,CO,192,415,370-8379,no,no,0,221.6,101,37.67,285.2,50,24.24,167.4,83,7.53,12.7,6,3.43,4,False,686.9,240,72.87,0,High,High User
1450,NV,93,408,335-3880,no,no,0,114.3,100,19.43,221.1,103,18.79,126.3,88,5.68,10.9,9,2.94,0,False,472.59999999999997,300,46.839999999999996,0,Low,Low User
1451,IN,101,415,375-8761,no,yes,33,219.7,137,37.35,186.8,94,15.88,184.5,113,8.3,9.5,2,2.57,2,False,600.5,346,64.1,0,Medium,High User
1452,VA,77,510,367-1398,no,no,0,144.9,136,24.63,151.3,115,12.86,252.4,73,11.36,12.3,3,3.32,2,False,560.9,327,52.169999999999995,0,Medium,Medium User
1453,UT,105,415,395-7857,no,yes,40,236.5,111,40.21,117.0,110,9.95,221.1,115,9.95,8.1,3,2.19,2,False,582.7,339,62.3,0,Medium,Medium User
1454,UT,133,408,398-8745,no,yes,44,174.0,80,29.58,209.4,113,17.8,224.1,87,10.08,14.1,7,3.81,2,True,621.6,287,61.269999999999996,1,Medium,High User
1455,MO,131,408,386-3717,no,no,0,109.5,95,18.62,332.1,48,28.23,258.6,108,11.64,6.6,7,1.78,1,False,706.8000000000001,258,60.27,0,Low,High User
1456,CT,106,510,330-1175,no,yes,33,81.6,120,13.87,235.6,85,20.03,150.9,113,6.79,9.9,4,2.67,1,False,478.0,322,43.36,0,Low,Low User
1457,HI,118,415,418-6752,no,no,0,133.4,113,22.68,121.0,92,10.29,254.7,129,11.46,5.9,4,1.59,1,False,515.0,338,46.02,0,Low,Medium User
1458,MD,125,408,349-6464,no,no,0,137.1,94,23.31,209.8,83,17.83,238.4,114,10.73,8.6,4,2.32,1,False,593.9,295,54.190000000000005,0,Low,Medium User
1459,VA,95,415,366-7331,no,no,0,197.0,88,33.49,190.4,68,16.18,211.9,104,9.54,16.1,8,4.35,0,False,615.4,268,63.56,0,Low,High User
1460,MT,80,415,361-8288,no,no,0,198.1,160,33.68,156.7,87,13.32,182.1,76,8.19,9.3,3,2.51,3,False,546.1999999999999,326,57.699999999999996,0,Medium,Medium User
1461,SC,145,408,377-6635,no,no,0,39.5,78,6.72,264.3,106,22.47,185.8,90,8.36,10.0,6,2.7,0,False,499.6,280,40.25,0,Low,Low User
1462,CO,37,408,408-1513,no,no,0,199.5,107,33.92,207.5,110,17.64,83.9,123,3.78,8.1,4,2.19,2,False,499.0,344,57.53,0,Medium,Low User
1463,ID,87,415,370-7546,no,no,0,156.8,93,26.66,215.8,68,18.34,223.3,77,10.05,7.6,6,2.05,1,False,603.5000000000001,244,57.099999999999994,0,Low,High User
1464,AL,69,415,389-4278,no,no,0,183.4,85,31.18,237.6,100,20.2,228.0,94,10.26,9.0,5,2.43,3,False,658.0,284,64.07,0,Medium,High User
1465,CO,83,510,379-3012,no,no,0,132.4,120,22.51,121.6,101,10.34,197.7,84,8.9,8.6,2,2.32,1,False,460.3,307,44.07,0,Low,Low User
1466,UT,195,415,355-3620,no,no,0,63.2,108,10.74,220.2,88,18.72,184.0,99,8.28,5.1,3,1.38,0,False,472.5,298,39.120000000000005,0,Low,Low User
1467,DE,67,415,413-7743,yes,yes,35,181.1,59,30.79,215.9,116,18.35,216.3,106,9.73,16.9,4,4.56,0,True,630.1999999999999,285,63.43000000000001,1,Low,High User
1468,OH,75,510,372-2296,no,yes,27,117.5,102,19.98,206.8,127,17.58,194.4,114,8.75,4.2,7,1.13,3,False,522.9000000000001,350,47.440000000000005,0,Medium,Medium User
1469,RI,123,415,333-9728,no,yes,27,218.7,79,37.18,163.4,78,13.89,173.8,116,7.82,15.0,1,4.05,0,False,570.9000000000001,274,62.94,0,Low,Medium User
1470,FL,41,415,415-6110,no,yes,41,207.3,95,35.24,137.3,120,11.67,115.7,74,5.21,5.9,3,1.59,1,False,466.2,292,53.71000000000001,0,Low,Low User
1471,OH,75,415,340-9803,no,no,0,150.6,99,25.6,301.5,83,25.63,158.7,104,7.14,8.1,5,2.19,0,False,618.9,291,60.56,0,Low,High User
1472,MD,76,415,400-7002,yes,no,0,273.3,66,46.46,263.6,121,22.41,165.2,84,7.43,12.0,7,3.24,1,True,714.1000000000001,278,79.54,1,Low,High User
1473,IL,86,415,395-7435,yes,no,0,266.1,120,45.24,182.0,92,15.47,206.5,103,9.29,10.3,4,2.78,1,False,664.9,319,72.78,0,Low,High User
1474,PA,140,408,336-7143,no,no,0,112.8,89,19.18,156.7,65,13.32,249.6,85,11.23,16.3,6,4.4,0,False,535.4,245,48.13,0,Low,Medium User
1475,AZ,70,415,352-2175,no,no,0,104.7,112,17.8,82.2,104,6.99,169.4,110,7.62,15.8,7,4.27,3,False,372.1,333,36.67999999999999,0,Medium,Low User
1476,NH,121,510,346-6352,no,yes,35,193.8,62,32.95,197.6,97,16.8,218.8,95,9.85,5.9,4,1.59,0,False,616.1,258,61.190000000000005,0,Low,High User
1477,RI,112,415,405-7467,no,no,0,168.6,102,28.66,298.0,117,25.33,194.7,110,8.76,9.8,5,2.65,1,False,671.0999999999999,334,65.39999999999999,0,Low,High User
1478,HI,118,415,379-8526,no,no,0,253.2,122,43.04,201.0,78,17.09,195.3,108,8.79,9.7,7,2.62,2,False,659.2,315,71.53999999999999,0,Medium,High User
1479,NJ,66,415,410-5713,no,yes,16,174.7,92,29.7,232.1,105,19.73,305.4,98,13.74,8.9,2,2.4,1,False,721.0999999999999,297,65.57000000000001,0,Low,High User
1480,WI,78,408,408-5916,no,no,0,87.0,102,14.79,193.6,64,16.46,205.8,120,9.26,11.0,5,2.97,0,False,497.40000000000003,291,43.48,0,Low,Low User
1481,MD,129,415,370-5626,no,yes,34,204.5,79,34.77,132.8,113,11.29,190.1,117,8.55,14.8,9,4.0,2,False,542.1999999999999,318,58.61,0,Medium,Medium User
1482,OR,6,408,408-1331,no,no,0,226.5,93,38.51,152.1,122,12.93,164.4,98,7.4,9.4,4,2.54,3,False,552.4,317,61.379999999999995,0,Medium,Medium User
1483,NV,107,510,419-9688,yes,no,0,234.1,91,39.8,163.1,105,13.86,282.5,100,12.71,10.0,3,2.7,1,False,689.7,299,69.07000000000001,0,Low,High User
1484,AR,107,415,343-5219,yes,no,0,133.3,106,22.66,182.9,89,15.55,241.1,123,10.85,12.9,2,3.48,3,True,570.2,320,52.54,1,Medium,Medium User
1485,MT,138,415,401-5586,no,no,0,133.9,87,22.76,166.4,110,14.14,193.5,139,8.71,15.4,3,4.16,1,False,509.2,339,49.77000000000001,0,Low,Medium User
1486,CT,103,510,377-9178,no,no,0,160.2,104,27.23,138.9,70,11.81,312.5,97,14.06,9.7,2,2.62,0,False,621.3000000000001,273,55.72,0,Low,High User
1487,UT,116,415,345-5639,no,yes,44,230.6,94,39.2,224.1,103,19.05,244.0,76,10.98,11.1,2,3.0,0,False,709.8000000000001,275,72.23,0,Low,High User
1488,GA,189,408,336-3488,no,no,0,227.4,84,38.66,176.0,81,14.96,206.1,120,9.27,6.3,4,1.7,2,False,615.8,289,64.59,0,Medium,High User
1489,NV,161,415,414-6426,no,no,0,72.8,120,12.38,267.1,120,22.7,222.5,91,10.01,11.8,2,3.19,2,False,574.2,333,48.279999999999994,0,Medium,Medium User
1490,TN,1,415,335-5591,no,no,0,196.1,107,33.34,296.5,82,25.2,211.5,91,9.52,7.0,2,1.89,1,False,711.1,282,69.95,0,Low,High User
1491,DE,89,408,421-9144,no,no,0,197.1,110,33.51,165.9,115,14.1,227.3,106,10.23,12.8,3,3.46,1,False,603.0999999999999,334,61.300000000000004,0,Low,High User
1492,NY,64,408,422-7728,no,no,0,219.6,126,37.33,303.3,100,25.78,154.5,65,6.95,9.7,5,2.62,1,False,687.1,296,72.68,0,Low,High User
1493,MT,126,415,344-3466,no,yes,30,153.4,90,26.08,151.4,97,12.87,153.8,97,6.92,12.8,4,3.46,4,True,471.40000000000003,288,49.33,1,High,Low User
1494,IA,129,415,398-7978,no,no,0,216.0,85,36.72,186.9,114,15.89,210.7,109,9.48,4.9,10,1.32,2,False,618.4999999999999,318,63.410000000000004,0,Medium,High User
1495,VT,128,510,346-8368,no,yes,32,222.9,136,37.89,262.0,80,22.27,191.4,101,8.61,10.8,4,2.92,0,False,687.0999999999999,321,71.69,0,Low,High User
1496,LA,81,415,392-2722,no,yes,36,115.9,120,19.7,236.6,95,20.11,255.0,90,11.48,11.7,6,3.16,3,False,619.2,311,54.45,0,Medium,High User
1497,MT,114,510,393-3274,no,no,0,189.8,101,32.27,147.7,80,12.55,172.7,121,7.77,10.6,5,2.86,1,False,520.8,307,55.45,0,Low,Medium User
1498,NH,50,408,339-4636,no,no,0,154.7,102,26.3,298.0,108,25.33,210.2,95,9.46,11.1,3,3.0,0,False,674.0,308,64.09,0,Low,High User
1499,WV,86,415,349-7138,no,no,0,136.4,104,23.19,202.5,110,17.21,230.7,86,10.38,11.5,1,3.11,3,False,581.0999999999999,301,53.89000000000001,0,Medium,Medium User
1500,ID,96,408,363-3295,no,no,0,170.5,86,28.99,277.5,88,23.59,162.5,117,7.31,12.2,6,3.29,1,False,622.7,297,63.18,0,Low,High User
1501,AZ,72,510,407-9830,no,no,0,272.4,88,46.31,107.9,125,9.17,185.5,81,8.35,12.7,2,3.43,0,False,578.5,296,67.26,0,Low,Medium User
1502,SC,64,510,333-8822,no,yes,40,210.0,116,35.7,232.7,89,19.78,168.8,94,7.6,5.9,4,1.59,8,False,617.4,303,64.67,0,High,High User
1503,WV,57,415,419-6418,yes,yes,17,236.5,94,40.21,163.1,94,13.86,236.7,117,10.65,12.2,3,3.29,2,False,648.5,308,68.01,0,Medium,High User
1504,OH,65,510,351-8955,no,no,0,153.9,117,26.16,220.1,122,18.71,280.5,147,12.62,8.5,3,2.3,2,False,663.0,389,59.79,0,Medium,High User
1505,MD,163,408,338-1840,no,no,0,223.0,120,37.91,227.0,98,19.3,188.3,125,8.47,8.8,5,2.38,1,False,647.0999999999999,348,68.05999999999999,0,Low,High User
1506,MD,136,415,336-6997,no,no,0,252.4,74,42.91,167.9,81,14.27,248.3,110,11.17,10.7,3,2.89,2,False,679.3000000000001,268,71.24,0,Medium,High User
1507,MN,116,408,408-6266,no,no,0,197.9,84,33.64,168.1,113,14.29,239.8,145,10.79,12.0,6,3.24,1,False,617.8,348,61.96,0,Low,High User
1508,NE,93,408,332-4291,no,no,0,152.4,74,25.91,274.6,88,23.34,252.2,120,11.35,6.6,5,1.78,3,False,685.8000000000001,287,62.38,0,Medium,High User
1509,MN,142,510,355-7895,no,yes,40,237.4,105,40.36,175.9,93,14.95,210.3,110,9.46,9.2,3,2.48,3,False,632.8000000000001,311,67.25000000000001,0,Medium,High User
1510,NY,92,408,348-2916,no,no,0,265.6,82,45.15,180.7,75,15.36,211.1,113,9.5,8.6,2,2.32,1,False,666.0,272,72.32999999999998,0,Low,High User
1511,HI,70,415,339-8132,no,no,0,197.3,91,33.54,305.8,81,25.99,171.0,105,7.69,6.7,6,1.81,1,False,680.8000000000001,283,69.03,0,Low,High User
1512,MO,22,408,374-1684,no,yes,14,199.1,100,33.85,221.8,103,18.85,65.7,91,2.96,4.2,1,1.13,1,False,490.79999999999995,295,56.790000000000006,0,Low,Low User
1513,NV,37,415,362-7604,no,no,0,233.7,114,39.73,207.9,109,17.67,212.7,101,9.57,12.0,2,3.24,2,False,666.3,326,70.21,0,Medium,High User
1514,MA,51,415,389-3206,no,no,0,183.1,99,31.13,160.1,107,13.61,311.8,121,14.03,7.0,3,1.89,1,False,662.0,330,60.66,0,Low,High User
1515,NH,174,408,336-2829,no,no,0,139.4,96,23.7,143.4,108,12.19,225.2,107,10.13,10.0,5,2.7,2,False,518.0,316,48.720000000000006,0,Medium,Medium User
1516,UT,68,415,403-8916,no,no,0,213.9,112,36.36,260.5,100,22.14,233.8,97,10.52,8.4,3,2.27,1,True,716.6,312,71.28999999999999,1,Low,High User
1517,FL,130,415,384-1135,no,no,0,207.1,70,35.21,200.1,115,17.01,194.2,100,8.74,12.4,2,3.35,1,False,613.8,287,64.31,0,Low,High User
1518,WA,104,415,390-2320,no,no,0,139.7,78,23.75,202.6,119,17.22,203.6,102,9.16,11.3,5,3.05,2,False,557.1999999999999,304,53.17999999999999,0,Medium,Medium User
1519,CT,134,408,398-8578,no,no,0,177.2,91,30.12,228.7,105,19.44,194.3,113,8.74,8.9,3,2.4,2,False,609.1,312,60.7,0,Medium,High User
1520,KY,108,415,393-9424,no,yes,35,169.8,136,28.87,173.7,101,14.76,214.6,105,9.66,9.5,7,2.57,2,False,567.6,349,55.86000000000001,0,Medium,Medium User
1521,NM,103,415,417-6330,no,no,0,173.5,83,29.5,244.3,65,20.77,221.6,66,9.97,9.7,2,2.62,3,False,649.1,216,62.85999999999999,0,Medium,High User
1522,ND,62,510,340-6339,no,no,0,159.9,100,27.18,172.2,99,14.64,263.2,109,11.84,5.6,4,1.51,1,False,600.9,312,55.169999999999995,0,Low,High User
1523,NV,162,415,380-6571,no,no,0,115.1,89,19.57,196.8,111,16.73,212.4,98,9.56,11.4,3,3.08,2,False,535.6999999999999,301,48.94,0,Medium,Medium User
1524,CA,93,510,368-6488,no,yes,19,136.8,113,23.26,179.5,105,15.26,71.1,95,3.2,12.5,3,3.38,2,False,399.9,316,45.10000000000001,0,Medium,Low User
1525,ID,42,415,363-2193,no,no,0,92.2,108,15.67,211.2,120,17.95,129.1,73,5.81,13.1,6,3.54,1,False,445.6,307,42.97,0,Low,Low User
1526,OK,155,415,328-1206,no,yes,23,243.9,112,41.46,133.0,106,11.31,213.7,123,9.62,13.4,11,3.62,2,False,603.9999999999999,352,66.01,0,Medium,High User
1527,IA,36,510,385-3540,no,no,0,117.1,94,19.91,235.4,117,20.01,221.3,108,9.96,9.0,2,2.43,0,False,582.8,321,52.31,0,Low,Medium User
1528,OH,143,415,337-7167,no,no,0,223.3,99,37.96,167.1,128,14.2,203.0,84,9.14,4.5,4,1.22,0,True,597.9,315,62.519999999999996,1,Low,Medium User
1529,NJ,197,510,372-8405,no,no,0,154.8,111,26.32,171.5,102,14.58,227.3,86,10.23,10.6,2,2.86,3,False,564.2,301,53.989999999999995,0,Medium,Medium User
1530,IA,81,510,377-1273,no,no,0,261.4,141,44.44,215.7,102,18.33,271.8,96,12.23,8.0,6,2.16,1,True,756.9,345,77.16,1,Low,High User
1531,DE,138,510,380-7816,yes,no,0,46.5,104,7.91,186.0,114,15.81,167.5,95,7.54,9.6,4,2.59,4,True,409.6,317,33.849999999999994,1,High,Low User
1532,CA,103,415,402-6744,no,yes,18,149.9,84,25.48,170.9,84,14.53,171.5,112,7.72,11.5,7,3.11,0,True,503.8,287,50.839999999999996,1,Low,Medium User
1533,WY,127,510,400-2181,yes,no,0,242.2,102,41.17,226.1,80,19.22,252.0,96,11.34,13.9,5,3.75,2,True,734.1999999999999,283,75.48,1,Medium,High User
1534,OR,136,510,366-1613,no,no,0,259.4,99,44.1,172.7,125,14.68,293.7,78,13.22,10.7,6,2.89,1,True,736.5,308,74.89,1,Low,High User
1535,ME,99,415,347-8205,no,no,0,222.4,102,37.81,185.8,89,15.79,237.7,81,10.7,12.0,8,3.24,2,False,657.9000000000001,280,67.53999999999999,0,Medium,High User
1536,AR,95,415,328-2982,no,no,0,69.4,79,11.8,190.8,109,16.22,219.9,102,9.9,8.9,5,2.4,0,False,489.0,295,40.32,0,Low,Low User
1537,ME,118,408,384-8723,yes,yes,21,156.5,122,26.61,209.2,125,17.78,158.7,81,7.14,11.1,3,3.0,4,True,535.5,331,54.53,1,High,Medium User
1538,WV,113,415,341-7686,no,no,0,61.2,111,10.4,92.3,88,7.85,197.4,114,8.88,13.7,3,3.7,5,True,364.59999999999997,316,30.830000000000002,1,High,Low User
1539,PA,128,408,353-6038,yes,no,0,245.2,112,41.68,101.5,101,8.63,152.3,116,6.85,10.7,5,2.89,0,False,509.7,334,60.050000000000004,0,Low,Medium User
1540,HI,117,408,416-8827,no,no,0,102.3,100,17.39,135.2,104,11.49,199.7,93,8.99,15.7,10,4.24,3,False,452.9,307,42.11000000000001,0,Medium,Low User
1541,MT,48,415,418-8450,no,yes,36,230.9,92,39.25,167.6,121,14.25,270.0,87,12.15,7.6,4,2.05,3,False,676.1,304,67.7,0,Medium,High User
1542,DC,81,510,385-7861,yes,no,0,227.4,105,38.66,211.5,120,17.98,258.2,113,11.62,11.9,3,3.21,0,False,708.9999999999999,341,71.47,0,Low,High User
1543,AR,57,510,393-3507,no,no,0,192.8,68,32.78,158.0,86,13.43,235.5,105,10.6,12.7,6,3.43,1,False,599.0,265,60.24,0,Low,Medium User
1544,MS,140,408,372-5262,no,no,0,162.6,98,27.64,206.2,109,17.53,141.6,66,6.37,8.2,2,2.21,1,False,518.6,275,53.75,0,Low,Medium User
1545,OH,107,510,411-3095,no,yes,38,219.4,92,37.3,180.5,73,15.34,104.1,91,4.68,11.0,1,2.97,2,False,515.0,257,60.29,0,Medium,Medium User
1546,MO,56,415,331-5919,no,no,0,137.2,111,23.32,165.9,119,14.1,182.3,72,8.2,14.3,4,3.86,1,False,499.70000000000005,306,49.480000000000004,0,Low,Low User
1547,TX,159,415,402-1556,no,no,0,87.7,103,14.91,278.2,97,23.65,170.6,93,7.68,10.5,10,2.84,1,False,547.0,303,49.08,0,Low,Medium User
1548,MD,102,415,349-7362,no,no,0,271.1,80,46.09,172.0,133,14.62,169.2,105,7.61,10.3,5,2.78,1,False,622.5999999999999,323,71.10000000000001,0,Low,High User
1549,CT,107,408,339-2734,no,no,0,103.4,94,17.58,189.3,125,16.09,227.2,125,10.22,14.4,3,3.89,1,False,534.3000000000001,347,47.78,0,Low,Medium User
1550,SC,106,408,330-4914,no,no,0,52.2,106,8.87,220.1,113,18.71,112.3,95,5.05,11.4,2,3.08,2,False,396.0,316,35.709999999999994,0,Medium,Low User
1551,MI,225,415,371-2500,no,no,0,165.4,106,28.12,273.7,109,23.26,210.0,93,9.45,8.7,3,2.35,0,True,657.8000000000001,311,63.18,1,Low,High User
1552,SD,75,408,335-3681,no,no,0,147.5,110,25.08,191.7,97,16.29,135.0,68,6.08,16.4,3,4.43,2,False,490.59999999999997,278,51.879999999999995,0,Medium,Low User
1553,CO,86,415,405-1132,no,no,0,217.8,93,37.03,214.7,95,18.25,228.7,70,10.29,11.3,7,3.05,0,False,672.5,265,68.61999999999999,0,Low,High User
1554,ID,169,415,399-9239,no,no,0,235.7,79,40.07,136.9,85,11.64,220.9,97,9.94,13.3,10,3.59,1,False,606.8,271,65.24,0,Low,High User
1555,AZ,122,510,350-7227,no,yes,22,204.5,92,34.77,139.6,121,11.87,205.0,103,9.23,8.6,5,2.32,2,False,557.7,321,58.190000000000005,0,Medium,Medium User
1556,FL,106,408,384-6654,no,no,0,178.4,143,30.33,247.0,123,21.0,259.9,105,11.7,9.6,2,2.59,0,False,694.9,373,65.62,0,Low,High User
1557,MN,52,415,376-4271,no,yes,32,130.1,68,22.12,247.2,77,21.01,289.4,87,13.02,13.5,5,3.65,2,False,680.1999999999999,237,59.800000000000004,0,Medium,High User
1558,DE,79,415,391-8124,no,yes,34,103.7,100,17.63,236.3,78,20.09,256.6,102,11.55,14.8,4,4.0,2,False,611.4,284,53.269999999999996,0,Medium,High User
1559,MI,135,415,393-2524,no,no,0,239.9,91,40.78,177.1,104,15.05,217.2,118,9.77,5.9,3,1.59,2,False,640.1,316,67.19,0,Medium,High User
1560,MS,70,408,384-4385,no,no,0,148.4,110,25.23,267.1,90,22.7,151.5,101,6.82,8.9,4,2.4,0,False,575.9,305,57.15,0,Low,Medium User
1561,MA,80,408,377-8266,no,no,0,148.6,106,25.26,210.8,65,17.92,203.7,86,9.17,10.0,2,2.7,2,False,573.0999999999999,259,55.05000000000001,0,Medium,Medium User
1562,CA,37,415,345-1243,no,no,0,191.1,69,32.49,129.2,113,10.98,207.5,117,9.34,12.9,1,3.48,0,False,540.6999999999999,300,56.29,0,Low,Medium User
1563,MN,161,415,394-8086,no,yes,39,218.5,76,37.15,112.7,94,9.58,205.1,121,9.23,7.3,4,1.97,1,False,543.5999999999999,295,57.92999999999999,0,Low,Medium User
1564,VT,137,510,348-9145,no,no,0,97.5,95,16.58,195.8,82,16.64,288.8,78,13.0,0.0,0,0.0,1,False,582.1,255,46.22,0,Low,Medium User
1565,CT,123,415,376-5201,no,no,0,128.7,126,21.88,117.6,94,10.0,198.4,132,8.93,10.8,5,2.92,0,False,455.5,357,43.730000000000004,0,Low,Low User
1566,WV,80,415,356-2093,no,yes,38,236.6,69,40.22,197.5,68,16.79,209.5,102,9.43,9.5,10,2.57,2,False,653.1,249,69.00999999999999,0,Medium,High User
1567,WV,94,415,353-2080,no,no,0,85.9,113,14.6,226.7,91,19.27,279.6,110,12.58,15.6,16,4.21,0,False,607.8000000000001,330,50.66,0,Low,High User
1568,NE,105,415,397-7500,no,yes,27,141.2,96,24.0,167.7,94,14.25,274.4,101,12.35,11.4,2,3.08,1,False,594.6999999999999,293,53.68,0,Low,Medium User
1569,NC,73,415,414-5786,no,yes,31,194.4,104,33.05,176.0,84,14.96,230.1,110,10.35,11.5,3,3.11,0,False,612.0,301,61.47,0,Low,High User
1570,NE,112,415,388-4282,no,no,0,167.6,100,28.49,154.5,90,13.13,281.4,107,12.66,17.3,3,4.67,2,False,620.8,300,58.95,0,Medium,High User
1571,IL,179,408,415-5132,no,no,0,234.5,134,39.87,164.2,94,13.96,191.4,72,8.61,6.1,4,1.65,1,False,596.2,304,64.09,0,Low,Medium User
1572,MA,57,510,352-4541,no,no,0,154.2,78,26.21,196.7,85,16.72,253.5,97,11.41,10.1,9,2.73,1,False,614.5,269,57.07,0,Low,High User
1573,AZ,127,415,373-5928,no,yes,14,143.2,99,24.34,169.9,91,14.44,221.6,77,9.97,11.6,1,3.13,1,False,546.3000000000001,268,51.88,0,Low,Medium User
1574,SD,122,415,406-7737,yes,yes,40,216.4,80,36.79,249.7,90,21.22,185.9,99,8.37,12.7,4,3.43,1,False,664.7,273,69.81,0,Low,High User
1575,MT,33,510,332-7607,no,yes,35,161.9,85,27.52,151.2,82,12.85,191.0,131,8.59,8.5,2,2.3,1,False,512.6,300,51.25999999999999,0,Low,Medium User
1576,VT,94,408,359-7788,no,no,0,118.7,90,20.18,205.1,57,17.43,172.2,100,7.75,10.4,6,2.81,3,False,506.4,253,48.17,0,Medium,Medium User
1577,UT,100,408,384-1549,no,no,0,179.1,123,30.45,196.6,132,16.71,186.7,116,8.4,10.2,10,2.75,1,False,572.6,381,58.309999999999995,0,Low,Medium User
1578,HI,106,415,352-8508,no,no,0,147.9,97,25.14,209.3,99,17.79,162.1,80,7.29,8.8,5,2.38,2,False,528.1,281,52.6,0,Medium,Medium User
1579,DC,148,415,404-1002,no,yes,38,209.2,110,35.56,116.6,73,9.91,109.6,105,4.93,16.5,4,4.46,2,False,451.9,292,54.86,0,Medium,Low User
1580,WI,120,415,414-2905,no,yes,29,244.3,140,41.53,322.3,89,27.4,166.8,83,7.51,10.6,6,2.86,0,False,744.0000000000001,318,79.30000000000001,0,Low,High User
1581,UT,91,415,380-9849,no,yes,34,175.3,96,29.8,262.3,122,22.3,143.9,76,6.48,5.6,11,1.51,1,False,587.1,305,60.089999999999996,0,Low,Medium User
1582,WA,86,510,387-6498,no,no,0,150.5,92,25.59,120.3,95,10.23,271.2,96,12.2,9.0,2,2.43,1,False,551.0,285,50.449999999999996,0,Low,Medium User
1583,SD,78,415,360-6024,no,yes,25,197.4,73,33.56,295.7,113,25.13,211.7,73,9.53,13.2,2,3.56,0,False,718.0,261,71.78,0,Low,High User
1584,MT,94,510,352-5815,no,no,0,163.5,136,27.8,143.7,111,12.21,253.4,82,11.4,12.6,5,3.4,1,False,573.2,334,54.81,0,Low,Medium User
1585,NJ,85,415,366-2273,no,no,0,236.9,93,40.27,197.7,113,16.8,309.1,78,13.91,11.4,7,3.08,2,True,755.1,291,74.06,1,Medium,High User
1586,CT,89,415,414-9119,no,no,0,82.3,77,13.99,167.2,80,14.21,194.7,70,8.76,7.2,4,1.94,1,False,451.4,231,38.9,0,Low,Low User
1587,VA,128,415,409-8796,no,no,0,216.0,111,36.72,153.7,115,13.06,227.0,74,10.22,12.7,4,3.43,1,False,609.4000000000001,304,63.43,0,Low,High User
1588,NC,115,415,337-2442,yes,no,0,180.0,119,30.6,198.8,126,16.9,217.1,70,9.77,12.4,3,3.35,1,False,608.3,318,60.62,0,Low,High User
1589,AK,76,415,404-1931,no,no,0,143.7,55,24.43,173.1,108,14.71,239.1,95,10.76,5.8,6,1.57,1,False,561.6999999999999,264,51.47,0,Low,Medium User
1590,MD,75,415,367-9765,no,yes,39,198.2,107,33.69,280.4,132,23.83,129.6,73,5.83,11.3,7,3.05,1,False,619.4999999999999,319,66.39999999999999,0,Low,High User
1591,IL,90,415,378-7299,no,yes,29,185.6,106,31.55,219.7,113,18.67,152.1,120,6.84,11.1,5,3.0,2,False,568.5,344,60.06,0,Medium,Medium User
1592,CT,30,408,410-5192,no,no,0,137.6,108,23.39,162.0,80,13.77,187.7,126,8.45,5.8,10,1.57,3,False,493.1,324,47.18,0,Medium,Low User
1593,KS,105,415,405-1108,yes,no,0,273.9,119,46.56,278.6,103,23.68,255.3,90,11.49,10.9,7,2.94,1,True,818.6999999999999,319,84.67,1,Low,High User
1594,MA,102,415,392-1734,no,yes,31,125.3,92,21.3,141.2,108,12.0,168.2,68,7.57,6.3,2,1.7,3,False,441.0,270,42.57,0,Medium,Low User
1595,NJ,83,415,395-6030,no,no,0,178.8,102,30.4,167.9,84,14.27,178.9,65,8.05,8.6,4,2.32,3,False,534.2,255,55.04,0,Medium,Medium User
1596,AR,63,510,330-5168,no,yes,49,214.9,86,36.53,198.2,89,16.85,170.8,139,7.69,8.2,5,2.21,0,False,592.1000000000001,319,63.28,0,Low,Medium User
1597,MS,155,408,334-3142,no,no,0,163.0,93,27.71,203.9,102,17.33,159.0,109,7.15,15.1,4,4.08,2,False,541.0,308,56.269999999999996,0,Medium,Medium User
1598,ND,82,415,362-9983,no,yes,29,163.8,77,27.85,134.9,112,11.47,79.3,95,3.57,8.8,2,2.38,2,False,386.80000000000007,286,45.27,0,Medium,Low User
1599,IN,87,510,414-2606,no,no,0,189.5,113,32.22,204.9,100,17.42,221.7,93,9.98,13.4,3,3.62,1,False,629.4999999999999,309,63.24,0,Low,High User
1600,MI,115,415,402-4501,no,yes,26,155.2,110,26.38,230.9,133,19.63,261.6,100,11.77,4.5,4,1.22,0,False,652.2,347,59.0,0,Low,High User
1601,AR,99,510,387-2604,yes,no,0,242.3,102,41.19,350.9,102,29.83,163.1,93,7.34,11.3,3,3.05,0,True,767.6,300,81.41,1,Low,High User
1602,VT,121,415,400-3343,yes,yes,44,254.1,127,43.2,180.2,108,15.32,196.2,129,8.83,8.7,4,2.35,3,False,639.2,368,69.7,0,Medium,High User
1603,WV,54,510,353-2450,no,yes,33,112.0,90,19.04,208.0,112,17.68,150.3,83,6.76,11.3,4,3.05,2,False,481.6,289,46.529999999999994,0,Medium,Low User
1604,ME,105,408,406-2032,no,no,0,115.5,73,19.64,267.3,83,22.72,114.2,90,5.14,13.3,5,3.59,3,False,510.3,251,51.09,0,Medium,Medium User
1605,IA,73,415,409-4462,no,no,0,137.1,102,23.31,210.8,114,17.92,191.4,120,8.61,11.1,4,3.0,1,False,550.4,340,52.84,0,Low,Medium User
1606,CT,95,415,392-5941,no,no,0,198.4,113,33.73,235.9,144,20.05,325.6,99,14.65,10.1,3,2.73,0,False,770.0000000000001,359,71.16000000000001,0,Low,High User
1607,NM,21,415,334-9182,no,yes,19,132.7,94,22.56,204.6,101,17.39,154.7,78,6.96,12.9,7,3.48,3,False,504.8999999999999,280,50.39,0,Medium,Medium User
1608,OR,163,408,346-3445,no,yes,25,219.6,99,37.33,210.4,99,17.88,242.7,88,10.92,13.8,8,3.73,2,False,686.5,294,69.86,0,Medium,High User
1609,VT,57,415,368-9507,no,no,0,169.6,96,28.83,234.7,112,19.95,285.4,83,12.84,11.2,4,3.02,0,False,700.9,295,64.64,0,Low,High User
1610,RI,104,408,382-3966,yes,no,0,160.4,73,27.27,293.9,103,24.98,306.6,90,13.8,12.6,5,3.4,4,False,773.5,271,69.45,0,High,High User
1611,RI,83,415,334-5844,no,yes,20,95.0,89,16.15,167.9,92,14.27,200.6,79,9.03,11.2,2,3.02,0,False,474.7,262,42.47,0,Low,Low User
1612,NM,141,415,362-9411,no,no,0,160.1,87,27.22,256.7,120,21.82,270.0,107,12.15,7.0,1,1.89,2,False,693.8,315,63.08,0,Medium,High User
1613,AL,95,415,390-3565,no,no,0,194.6,114,33.08,232.8,106,19.79,173.4,92,7.8,3.8,2,1.03,3,False,604.5999999999999,314,61.699999999999996,0,Medium,High User
1614,MT,184,415,417-4810,no,no,0,236.4,73,40.19,287.3,120,24.42,192.0,94,8.64,13.8,4,3.73,1,True,729.5,291,76.98,1,Low,High User
1615,CT,74,408,384-3389,no,no,0,157.1,95,26.71,213.1,36,18.11,280.4,77,12.62,7.6,3,2.05,2,False,658.1999999999999,211,59.489999999999995,0,Medium,High User
1616,TN,67,415,414-9717,no,no,0,179.8,125,30.57,173.2,86,14.72,272.8,97,12.28,10.9,4,2.94,0,False,636.6999999999999,312,60.51,0,Low,High User
1617,ID,104,415,357-1700,yes,no,0,148.2,108,25.19,161.8,113,13.75,259.3,103,11.67,11.0,4,2.97,0,False,580.3,328,53.58,0,Low,Medium User
1618,TX,71,415,376-7207,no,yes,39,183.2,103,31.14,209.4,111,17.8,172.4,109,7.76,11.9,6,3.21,1,False,576.9,329,59.91,0,Low,Medium User
1619,NH,149,415,368-7706,no,no,0,119.2,88,20.26,168.3,110,14.31,204.7,119,9.21,12.2,6,3.29,4,True,504.4,323,47.07,1,High,Medium User
1620,ND,154,408,346-4216,no,yes,35,224.0,102,38.08,192.0,99,16.32,163.1,100,7.34,9.6,2,2.59,0,False,588.7,303,64.33,0,Low,Medium User
1621,SC,138,510,370-9533,no,yes,21,19.5,149,3.32,140.9,109,11.98,179.7,111,8.09,7.9,1,2.13,0,False,348.0,370,25.52,0,Low,Low User
1622,KS,117,415,372-1493,no,no,0,184.8,83,31.42,248.6,101,21.13,133.1,113,5.99,9.6,8,2.59,1,False,576.1,305,61.129999999999995,0,Low,Medium User
1623,ME,130,408,387-6031,no,no,0,176.3,140,29.97,201.0,104,17.09,161.9,123,7.29,11.3,5,3.05,1,False,550.5,372,57.4,0,Low,Medium User
1624,RI,73,415,366-6248,no,no,0,241.7,115,41.09,168.5,133,14.32,169.8,122,7.64,11.1,2,3.0,2,False,591.1,372,66.05000000000001,0,Medium,Medium User
1625,WI,100,510,369-3756,no,yes,38,224.7,121,38.2,294.0,131,24.99,290.0,61,13.05,9.8,6,2.65,0,False,818.5,319,78.89,0,Low,High User
1626,NC,149,510,363-1719,no,no,0,207.3,115,35.24,198.4,82,16.86,114.1,83,5.13,8.6,4,2.32,1,False,528.4000000000001,284,59.550000000000004,0,Low,Medium User
1627,OH,29,408,402-6666,no,no,0,196.8,81,33.46,168.0,110,14.28,132.6,98,5.97,12.7,7,3.43,2,False,510.09999999999997,296,57.14,0,Medium,Medium User
1628,WY,131,510,408-9779,no,no,0,110.9,74,18.85,115.6,90,9.83,190.5,114,8.57,15.8,9,4.27,1,False,432.8,287,41.519999999999996,0,Low,Low User
1629,NJ,153,510,407-2441,no,no,0,122.5,145,20.83,273.3,103,23.23,197.8,71,8.9,8.0,3,2.16,2,False,601.6,322,55.120000000000005,0,Medium,High User
1630,ND,84,510,384-5027,no,no,0,226.9,144,38.57,201.6,122,17.14,130.2,121,5.86,13.2,5,3.56,2,False,571.9000000000001,392,65.13,0,Medium,Medium User
1631,WI,133,510,380-3161,no,no,0,187.0,65,31.79,141.4,128,12.02,238.2,108,10.72,10.0,8,2.7,2,False,576.5999999999999,309,57.230000000000004,0,Medium,Medium User
1632,KY,112,415,360-8135,no,no,0,170.5,113,28.99,193.2,129,16.42,188.0,91,8.46,11.2,6,3.02,0,False,562.9000000000001,339,56.89,0,Low,Medium User
1633,NY,87,415,399-5426,no,no,0,204.8,101,34.82,161.0,80,13.69,285.7,89,12.86,9.5,3,2.57,0,False,661.0,273,63.94,0,Low,High User
1634,MO,72,415,385-2564,no,no,0,165.9,114,28.2,235.9,97,20.05,210.1,120,9.45,12.0,5,3.24,2,False,623.9,336,60.940000000000005,0,Medium,High User
1635,AZ,66,510,337-8618,no,no,0,154.0,133,26.18,198.9,121,16.91,151.9,100,6.84,9.5,3,2.57,4,True,514.3,357,52.50000000000001,1,High,Medium User
1636,MN,65,510,354-8491,no,yes,29,158.1,104,26.88,322.2,81,27.39,210.0,96,9.45,8.9,6,2.4,1,False,699.1999999999999,287,66.12,0,Low,High User
1637,CO,74,415,394-6278,no,no,0,225.2,93,38.28,215.1,120,18.28,241.8,95,10.88,9.1,2,2.46,2,False,691.1999999999999,310,69.89999999999999,0,Medium,High User
1638,MD,116,408,405-2276,no,no,0,159.4,79,27.1,179.5,88,15.26,167.8,71,7.55,9.7,2,2.62,6,True,516.4,240,52.529999999999994,1,High,Medium User
1639,AR,68,510,376-1000,no,no,0,172.7,95,29.36,139.1,90,11.82,174.3,99,7.84,11.7,1,3.16,2,False,497.79999999999995,285,52.17999999999999,0,Medium,Low User
1640,TN,68,415,397-1659,no,no,0,222.8,99,37.88,175.8,85,14.94,202.0,111,9.09,11.0,3,2.97,3,False,611.6,298,64.88,0,Medium,High User
1641,DE,54,415,379-3953,yes,no,0,214.1,77,36.4,240.5,94,20.44,188.9,75,8.5,10.1,3,2.73,1,False,653.6,249,68.07000000000001,0,Low,High User
1642,TN,99,408,418-6512,no,no,0,54.8,92,9.32,173.0,103,14.71,195.1,125,8.78,7.5,3,2.03,1,False,430.4,323,34.84,0,Low,Low User
1643,WI,107,408,392-5296,no,no,0,134.0,104,22.78,174.5,94,14.83,311.1,79,14.0,7.3,3,1.97,3,False,626.9,280,53.58,0,Medium,High User
1644,WV,124,510,355-3814,no,no,0,184.8,74,31.42,175.1,84,14.88,158.2,95,7.12,10.5,6,2.84,1,False,528.5999999999999,259,56.260000000000005,0,Low,Medium User
1645,CT,95,415,375-2098,no,yes,36,283.1,112,48.13,286.2,86,24.33,261.7,129,11.78,11.3,3,3.05,3,False,842.3,330,87.29,0,Medium,High User
1646,MN,173,510,372-7990,no,no,0,291.8,143,49.61,214.3,134,18.22,151.2,119,6.8,9.9,2,2.67,0,True,667.1999999999999,398,77.3,1,Low,High User
1647,MO,110,408,356-4558,no,no,0,222.7,94,37.86,105.8,98,8.99,214.8,78,9.67,13.5,4,3.65,1,False,556.8,274,60.17,0,Low,Medium User
1648,VA,102,510,398-5788,no,no,0,174.5,79,29.67,236.8,136,20.13,270.4,110,12.17,8.5,5,2.3,0,False,690.2,330,64.27,0,Low,High User
1649,NH,130,408,390-4003,no,no,0,68.4,86,11.63,193.3,110,16.43,171.5,139,7.72,10.4,4,2.81,0,False,443.6,339,38.59,0,Low,Low User
1650,OK,91,408,332-8103,no,yes,31,273.0,78,46.41,215.5,98,18.32,104.7,114,4.71,9.6,2,2.59,1,False,602.8000000000001,292,72.02999999999999,0,Low,High User
1651,CT,64,415,406-9926,yes,no,0,225.3,134,38.3,108.2,87,9.2,139.6,132,6.28,17.3,9,4.67,1,True,490.40000000000003,362,58.45,1,Low,Low User
1652,TN,176,415,418-2402,no,yes,23,283.2,130,48.14,162.6,74,13.82,177.7,104,8.0,7.2,6,1.94,1,False,630.7,314,71.9,0,Low,High User
1653,MD,93,510,384-3299,yes,no,0,131.4,78,22.34,219.7,106,18.67,155.7,103,7.01,11.1,2,3.0,1,True,517.9,289,51.02,1,Low,Medium User
1654,WI,84,510,378-9090,no,yes,12,89.7,87,15.25,138.6,73,11.78,165.8,114,7.46,10.7,2,2.89,1,False,404.8,276,37.38,0,Low,Low User
1655,SD,138,510,350-6473,no,no,0,127.1,102,21.61,247.7,106,21.05,207.7,75,9.35,5.0,3,1.35,3,False,587.5,286,53.36,0,Medium,Medium User
1656,ND,101,415,379-4583,no,yes,28,105.9,132,18.0,231.7,107,19.69,281.3,120,12.66,10.7,5,2.89,1,False,629.6000000000001,364,53.239999999999995,0,Low,High User
1657,VA,136,408,411-5078,no,no,0,142.3,79,24.19,158.0,113,13.43,177.5,75,7.99,6.0,11,1.62,2,False,483.8,278,47.230000000000004,0,Medium,Low User
1658,UT,111,510,347-4982,no,no,0,191.3,80,32.52,138.5,94,11.77,246.0,107,11.07,6.4,3,1.73,2,False,582.1999999999999,284,57.09,0,Medium,Medium User
1659,MA,132,408,341-9274,no,yes,36,201.9,93,34.32,156.3,75,13.29,131.3,92,5.91,13.7,5,3.7,0,False,503.20000000000005,265,57.22,0,Low,Medium User
1660,SD,128,415,353-7461,no,no,0,247.3,91,42.04,182.7,60,15.53,143.2,112,6.44,14.7,2,3.97,3,False,587.9000000000001,265,67.98,0,Medium,Medium User
1661,AL,92,408,371-7366,no,yes,38,242.2,96,41.17,159.7,144,13.57,210.0,108,9.45,8.9,1,2.4,1,False,620.8,349,66.59,0,Low,High User
1662,AL,197,415,395-7923,yes,no,0,127.3,80,21.64,222.3,115,18.9,173.9,95,7.83,13.7,5,3.7,5,True,537.2,295,52.07,1,High,Medium User
1663,WV,191,408,351-8398,no,no,0,162.0,104,27.54,241.2,120,20.5,210.4,83,9.47,10.9,7,2.94,1,False,624.5,314,60.449999999999996,0,Low,High User
1664,SC,99,415,329-2204,no,yes,33,179.1,93,30.45,238.3,102,20.26,165.7,96,7.46,10.6,1,2.86,2,False,593.6999999999999,292,61.03,0,Medium,Medium User
1665,FL,106,415,407-7507,no,yes,31,197.4,125,33.56,123.4,110,10.49,115.6,101,5.2,12.3,4,3.32,3,False,448.7,340,52.57000000000001,0,Medium,Low User
1666,KY,88,415,405-8075,no,no,0,148.2,82,25.19,308.7,67,26.24,235.4,79,10.59,6.4,4,1.73,2,False,698.6999999999999,232,63.74999999999999,0,Medium,High User
1667,UT,78,415,390-9698,no,no,0,193.1,85,32.83,172.1,105,14.63,129.6,119,5.83,10.2,1,2.75,0,False,504.99999999999994,310,56.04,0,Low,Medium User
1668,NY,98,408,403-4917,no,no,0,171.7,99,29.19,174.8,87,14.86,189.6,130,8.53,7.8,6,2.11,1,False,543.9,322,54.69,0,Low,Medium User
1669,MS,17,408,391-6709,no,yes,35,198.5,123,33.75,270.6,74,23.0,209.9,130,9.45,8.1,10,2.19,1,False,687.1,337,68.39,0,Low,High User
1670,NH,56,415,389-5988,no,yes,24,121.7,87,20.69,184.0,76,15.64,266.6,98,12.0,12.7,3,3.43,1,False,585.0,264,51.76,0,Low,Medium User
1671,VA,84,415,372-1534,no,no,0,130.2,105,22.13,278.0,60,23.63,305.4,74,13.74,14.0,6,3.78,2,False,727.5999999999999,245,63.28,0,Medium,High User
1672,VT,95,510,395-6369,no,no,0,203.4,96,34.58,168.6,61,14.33,173.0,105,7.79,13.7,3,3.7,2,False,558.7,265,60.4,0,Medium,Medium User
1673,WY,16,415,400-3197,no,no,0,174.7,83,29.7,280.8,122,23.87,171.7,80,7.73,10.5,8,2.84,5,False,637.7,293,64.14,0,High,High User
1674,NV,76,510,377-4169,yes,no,0,241.0,120,40.97,231.8,96,19.7,220.2,67,9.91,9.9,1,2.67,1,True,702.9,284,73.25,1,Low,High User
1675,WV,93,415,384-5343,no,no,0,141.7,95,24.09,221.0,100,18.79,227.1,71,10.22,10.2,3,2.75,0,False,600.0,269,55.849999999999994,0,Low,Medium User
1676,WA,83,408,338-4472,no,no,0,134.8,96,22.92,167.2,78,14.21,161.5,123,7.27,7.7,5,2.08,2,False,471.2,302,46.480000000000004,0,Medium,Low User
1677,KS,123,415,332-2126,no,no,0,163.1,119,27.73,249.4,51,21.2,168.2,77,7.57,9.0,10,2.43,1,False,589.7,257,58.93,0,Low,Medium User
1678,VT,64,408,349-2157,no,no,0,145.5,116,24.74,228.4,110,19.41,273.4,91,12.3,8.9,8,2.4,1,False,656.1999999999999,325,58.85,0,Low,High User
1679,OK,82,510,393-4823,no,no,0,329.8,73,56.07,208.3,120,17.71,267.1,102,12.02,10.6,6,2.86,0,True,815.8000000000001,301,88.66,1,Low,High User
1680,GA,107,510,385-2683,no,no,0,194.5,97,33.07,186.3,131,15.84,178.3,106,8.02,12.7,1,3.43,2,False,571.8000000000001,335,60.35999999999999,0,Medium,Medium User
1681,CO,110,510,345-8350,no,no,0,131.9,93,22.42,272.7,106,23.18,192.8,105,8.68,7.1,4,1.92,1,False,604.5000000000001,308,56.2,0,Low,High User
1682,AK,96,408,334-4506,no,yes,29,150.0,91,25.5,159.4,75,13.55,228.1,55,10.26,8.5,3,2.3,1,False,546.0,224,51.60999999999999,0,Low,Medium User
1683,TN,47,415,332-3544,no,yes,30,196.6,93,33.42,241.4,140,20.52,226.0,118,10.17,12.9,4,3.48,2,False,676.9,355,67.59,0,Medium,High User
1684,KY,115,510,380-5102,no,no,0,99.7,107,16.95,145.1,96,12.33,149.4,99,6.72,14.1,4,3.81,2,False,408.30000000000007,306,39.81,0,Medium,Low User
1685,PA,69,415,395-6149,no,no,0,143.6,88,24.41,141.8,86,12.05,194.0,83,8.73,10.8,5,2.92,3,False,490.2,262,48.11,0,Medium,Low User
1686,CT,163,408,398-8122,no,yes,40,231.9,56,39.42,211.8,91,18.0,268.5,74,12.08,12.3,3,3.32,2,False,724.5,224,72.82,0,Medium,High User
1687,CT,90,415,334-4438,no,no,0,37.8,80,6.43,155.3,105,13.2,175.0,111,7.88,14.2,5,3.83,3,False,382.3,301,31.339999999999996,0,Medium,Low User
1688,MN,98,415,384-7459,no,no,0,72.8,107,12.38,186.4,103,15.84,175.3,110,7.89,10.5,4,2.84,3,False,445.0,324,38.95,0,Medium,Low User
1689,WY,90,408,368-3931,no,yes,39,94.8,89,16.12,219.1,91,18.62,197.4,65,8.88,11.4,5,3.08,1,False,522.6999999999999,250,46.7,0,Low,Medium User
1690,PA,174,415,353-1352,no,yes,15,221.8,143,37.71,210.6,115,17.9,221.8,109,9.98,12.4,9,3.35,1,False,666.6,376,68.94,0,Low,High User
1691,OR,95,415,348-5725,no,no,0,269.0,120,45.73,233.7,120,19.86,179.3,61,8.07,7.3,4,1.97,2,True,689.3,305,75.63,1,Medium,High User
1692,PA,79,415,365-2008,no,no,0,268.3,114,45.61,185.5,111,15.77,264.6,88,11.91,6.3,7,1.7,1,True,724.7,320,74.99,1,Low,High User
1693,OK,123,415,393-3635,no,yes,27,198.7,127,33.78,249.0,105,21.17,173.2,124,7.79,12.5,5,3.38,1,False,633.4,361,66.12,0,Low,High User
1694,VT,99,415,380-8727,no,no,0,115.5,75,19.64,218.1,111,18.54,254.9,98,11.47,11.5,7,3.11,7,True,600.0,291,52.76,1,High,Medium User
1695,ID,114,415,381-2376,no,no,0,202.1,100,34.36,195.7,102,16.63,291.8,120,13.13,13.3,5,3.59,2,False,702.8999999999999,327,67.71,0,Medium,High User
1696,PA,141,510,365-8114,no,no,0,215.6,113,36.65,200.6,81,17.05,153.8,107,6.92,12.4,6,3.35,1,False,582.4,307,63.970000000000006,0,Low,Medium User
1697,NM,132,408,415-5008,no,no,0,169.9,107,28.88,209.4,121,17.8,206.1,79,9.27,11.5,2,3.11,1,False,596.9,309,59.06,0,Low,Medium User
1698,FL,133,510,392-8318,no,no,0,201.7,85,34.29,169.4,116,14.4,286.3,80,12.88,6.0,4,1.62,0,False,663.4000000000001,285,63.19,0,Low,High User
1699,TX,133,408,401-4007,no,no,0,221.1,133,37.59,160.2,140,13.62,161.8,84,7.28,8.4,3,2.27,4,False,551.4999999999999,360,60.760000000000005,0,High,Medium User
1700,VT,93,510,338-7709,no,yes,32,218.7,117,37.18,115.0,61,9.78,192.7,85,8.67,9.4,5,2.54,2,False,535.8,268,58.17,0,Medium,Medium User
1701,MA,34,415,374-1981,no,no,0,293.7,89,49.93,272.5,71,23.16,178.2,76,8.02,11.0,10,2.97,2,True,755.4000000000001,246,84.08,1,Medium,High User
1702,OR,140,415,333-5101,no,no,0,120.3,108,20.45,240.4,84,20.43,216.4,74,9.74,7.7,3,2.08,4,True,584.8000000000001,269,52.699999999999996,1,High,Medium User
1703,DE,96,415,345-3734,no,yes,26,175.8,96,29.89,206.6,84,17.56,178.0,105,8.01,11.1,2,3.0,2,False,571.5,287,58.46,0,Medium,Medium User
1704,FL,144,510,384-5004,no,no,0,278.5,95,47.35,240.7,90,20.46,120.0,90,5.4,11.6,5,3.13,1,True,650.8000000000001,280,76.34,1,Low,High User
1705,ID,24,408,341-9396,no,yes,29,236.3,105,40.17,190.8,114,16.22,129.0,105,5.81,7.2,2,1.94,3,False,563.3000000000001,326,64.14,0,Medium,Medium User
1706,MD,54,415,408-6302,no,no,0,273.8,113,46.55,119.6,156,10.17,267.6,117,12.04,11.7,3,3.16,1,False,672.7,389,71.91999999999999,0,Low,High User
1707,WV,50,408,348-7193,no,no,0,131.1,129,22.29,160.5,94,13.64,206.9,88,9.31,5.6,9,1.51,5,True,504.1,320,46.75,1,High,Medium User
1708,ID,92,415,417-4063,no,yes,23,167.4,83,28.46,258.6,129,21.98,116.4,110,5.24,11.2,3,3.02,4,False,553.6,325,58.7,0,High,Medium User
1709,NV,96,408,375-6911,no,no,0,197.7,68,33.61,250.5,53,21.29,181.2,67,8.15,10.5,3,2.84,3,False,639.9,191,65.89,0,Medium,High User
1710,OH,146,415,358-3604,no,no,0,169.5,93,28.82,230.9,71,19.63,269.8,115,12.14,9.0,7,2.43,2,False,679.2,286,63.02,0,Medium,High User
1711,ID,138,415,339-7485,yes,yes,17,225.2,116,38.28,173.4,88,14.74,145.8,99,6.56,11.7,4,3.16,0,False,556.1000000000001,307,62.74000000000001,0,Low,Medium User
1712,SC,102,408,368-3078,no,no,0,174.5,73,29.67,213.7,114,18.16,164.7,116,7.41,10.3,5,2.78,4,False,563.1999999999999,308,58.019999999999996,0,High,Medium User
1713,MO,76,510,418-7055,no,no,0,129.7,84,22.05,177.5,80,15.09,228.9,87,10.3,7.5,3,2.03,5,True,543.6,254,49.47,1,High,Medium User
1714,NE,99,415,386-9981,no,no,0,200.0,66,34.0,107.9,104,9.17,233.7,82,10.52,11.4,2,3.08,3,False,552.9999999999999,254,56.769999999999996,0,Medium,Medium User
1715,NC,83,510,366-2541,no,yes,36,95.9,87,16.3,261.6,105,22.24,228.6,109,10.29,13.3,4,3.59,0,False,599.4,305,52.42,0,Low,Medium User
1716,ME,36,510,335-3110,no,yes,25,152.8,110,25.98,242.8,67,20.64,147.4,74,6.63,9.1,2,2.46,1,False,552.1,253,55.71000000000001,0,Low,Medium User
1717,MI,70,510,400-7809,no,no,0,129.9,102,22.08,208.7,133,17.74,231.4,93,10.41,14.3,3,3.86,1,False,584.3,331,54.08999999999999,0,Low,Medium User
1718,AZ,109,415,404-3106,yes,no,0,268.4,85,45.63,150.6,131,12.8,297.9,84,13.41,9.7,8,2.62,2,True,726.6,308,74.46000000000001,1,Medium,High User
1719,AZ,100,415,333-2337,no,no,0,188.5,152,32.05,148.3,115,12.61,179.8,88,8.09,15.2,5,4.1,2,False,531.8000000000001,360,56.85,0,Medium,Medium User
1720,HI,104,408,353-6482,no,no,0,170.6,97,29.0,162.1,111,13.78,210.7,131,9.48,6.1,1,1.65,1,False,549.5,340,53.910000000000004,0,Low,Medium User
1721,NJ,106,415,397-8162,no,no,0,191.4,124,32.54,200.7,116,17.06,230.1,76,10.35,8.2,3,2.21,1,False,630.4000000000001,319,62.16,0,Low,High User
1722,MS,84,510,380-6722,no,no,0,75.3,96,12.8,179.9,113,15.29,193.8,134,8.72,12.3,1,3.32,1,False,461.3,344,40.13,0,Low,Low User
1723,MA,80,510,329-2918,no,no,0,149.8,123,25.47,276.3,75,23.49,241.4,75,10.86,10.9,7,2.94,2,False,678.4,280,62.75999999999999,0,Medium,High User
1724,SC,100,510,348-8022,no,no,0,115.9,87,19.7,111.3,56,9.46,170.2,77,7.66,7.1,4,1.92,1,False,404.5,224,38.74,0,Low,Low User
1725,MN,99,408,388-4459,no,no,0,128.8,86,21.9,203.9,105,17.33,282.6,131,12.72,14.1,4,3.81,2,False,629.4000000000001,326,55.76,0,Medium,High User
1726,WV,50,510,358-3114,no,no,0,131.7,108,22.39,216.5,103,18.4,196.1,126,8.82,11.0,5,2.97,1,False,555.3,342,52.58,0,Low,Medium User
1727,MS,105,415,343-9654,no,no,0,101.4,48,17.24,159.1,119,13.52,259.2,53,11.66,12.2,2,3.29,1,False,531.9000000000001,222,45.71,0,Low,Medium User
1728,VA,113,415,401-9909,no,yes,23,149.0,104,25.33,235.8,67,20.04,201.8,76,9.08,9.5,5,2.57,4,False,596.1,252,57.019999999999996,0,High,Medium User
1729,MS,111,415,404-9978,no,yes,36,96.8,123,16.46,170.6,105,14.5,166.0,85,7.47,13.4,4,3.62,2,False,446.79999999999995,317,42.05,0,Medium,Low User
1730,NM,161,408,397-8011,no,no,0,107.5,121,18.28,256.4,46,21.79,247.2,131,11.12,12.6,3,3.4,2,False,623.6999999999999,301,54.589999999999996,0,Medium,High User
1731,TX,70,415,341-8719,no,no,0,232.8,95,39.58,303.4,111,25.79,255.6,104,11.5,12.9,7,3.48,0,True,804.7,317,80.35000000000001,1,Low,High User
1732,HI,97,415,408-1242,no,yes,43,121.1,105,20.59,260.2,115,22.12,222.4,100,10.01,8.3,5,2.24,3,False,611.9999999999999,325,54.96,0,Medium,High User
1733,WA,130,510,406-7726,no,no,0,124.3,70,21.13,270.7,99,23.01,239.5,83,10.78,3.5,6,0.95,0,False,638.0,258,55.870000000000005,0,Low,High User
1734,WI,92,415,351-2773,no,no,0,157.7,101,26.81,298.6,100,25.38,216.9,99,9.76,13.8,3,3.73,1,False,687.0,303,65.67999999999999,0,Low,High User
1735,CO,119,408,368-6174,no,no,0,124.3,68,21.13,207.1,88,17.6,157.4,93,7.08,14.8,1,4.0,0,False,503.59999999999997,250,49.81,0,Low,Medium User
1736,NV,115,415,334-5029,no,no,0,286.4,125,48.69,205.7,74,17.48,191.4,141,8.61,6.9,6,1.86,1,True,690.4,346,76.64,1,Low,High User
1737,RI,134,415,413-1789,no,no,0,141.7,95,24.09,205.6,101,17.48,218.5,60,9.83,8.8,6,2.38,0,False,574.5999999999999,262,53.78,0,Low,Medium User
1738,VA,127,408,414-1246,no,yes,25,173.0,91,29.41,245.8,64,20.89,300.0,99,13.5,4.8,3,1.3,0,False,723.5999999999999,257,65.1,0,Low,High User
1739,NJ,80,415,330-4978,no,no,0,268.7,120,45.68,301.0,147,25.59,167.0,140,7.52,5.8,1,1.57,2,True,742.5,408,80.35999999999999,1,Medium,High User
1740,ND,153,415,386-1631,no,yes,31,218.5,130,37.15,134.2,103,11.41,118.9,105,5.35,9.4,6,2.54,0,False,481.0,344,56.45,0,Low,Low User
1741,MN,85,415,363-1208,no,no,0,255.3,114,43.4,194.6,83,16.54,276.6,78,12.45,3.7,5,1.0,3,False,730.2,280,73.39,0,Medium,High User
1742,HI,79,415,334-5263,no,no,0,41.9,124,7.12,211.0,95,17.94,237.9,55,10.71,11.4,5,3.08,1,False,502.2,279,38.85,0,Low,Medium User
1743,ND,35,415,361-4137,no,no,0,260.8,87,44.34,258.1,78,21.94,131.3,123,5.91,5.8,2,1.57,1,False,656.0,290,73.75999999999999,0,Low,High User
1744,WI,120,408,374-8187,no,yes,26,239.4,94,40.7,259.4,88,22.05,238.0,132,10.71,7.7,3,2.08,0,False,744.5,317,75.54,0,Low,High User
1745,MN,68,510,370-1525,no,no,0,226.7,94,38.54,168.4,129,14.31,188.7,117,8.49,10.2,1,2.75,0,False,594.0,341,64.09,0,Low,Medium User
1746,DC,60,408,355-3801,no,no,0,179.3,147,30.48,208.9,89,17.76,248.2,98,11.17,13.5,6,3.65,1,True,649.9000000000001,340,63.06,1,Low,High User
1747,KS,120,510,392-5605,no,no,0,158.0,110,26.86,197.0,103,16.75,154.9,132,6.97,10.0,5,2.7,1,False,519.9,350,53.28,0,Low,Medium User
1748,MT,71,510,363-1366,no,yes,23,175.7,82,29.87,258.9,136,22.01,268.4,154,12.08,14.1,7,3.81,1,False,717.1,379,67.77,0,Low,High User
1749,WV,124,415,358-5274,no,no,0,157.4,107,26.76,167.8,112,14.26,188.8,102,8.5,8.8,3,2.38,3,False,522.8,324,51.900000000000006,0,Medium,Medium User
1750,ME,23,510,376-9607,no,no,0,113.1,74,19.23,168.8,95,14.35,262.9,126,11.83,6.9,2,1.86,1,True,551.6999999999999,297,47.269999999999996,1,Low,Medium User
1751,WY,225,415,374-1213,no,no,0,182.7,142,31.06,246.5,63,20.95,218.0,103,9.81,8.8,2,2.38,1,False,656.0,310,64.2,0,Low,High User
1752,NY,181,415,421-8537,yes,no,0,161.3,83,27.42,124.4,83,10.57,262.0,98,11.79,14.1,3,3.81,0,True,561.8000000000001,267,53.59,1,Low,Medium User
1753,VT,63,415,351-5576,no,no,0,142.5,92,24.23,208.3,102,17.71,228.9,120,10.3,7.5,2,2.03,2,False,587.2,316,54.269999999999996,0,Medium,Medium User
1754,NC,54,415,407-7258,yes,no,0,190.5,108,32.39,259.7,108,22.07,141.5,111,6.37,9.7,2,2.62,2,True,601.4000000000001,329,63.449999999999996,1,Medium,High User
1755,MO,80,408,405-4420,yes,yes,15,159.3,110,27.08,170.6,120,14.5,141.2,82,6.35,11.9,5,3.21,1,False,482.99999999999994,317,51.14,0,Low,Low User
1756,NC,118,408,340-2855,yes,yes,39,153.8,106,26.15,123.3,111,10.48,117.8,103,5.3,9.2,6,2.48,1,False,404.1,326,44.40999999999999,0,Low,Low User
1757,NJ,42,408,342-8002,yes,no,0,180.7,127,30.72,174.6,94,14.84,165.3,114,7.44,12.0,6,3.24,2,False,532.5999999999999,341,56.24,0,Medium,Medium User
1758,OH,134,408,355-6826,no,no,0,202.7,105,34.46,224.9,90,19.12,253.9,108,11.43,12.1,7,3.27,0,False,693.6,310,68.27999999999999,0,Low,High User
1759,TX,66,415,402-3886,no,yes,35,190.8,100,32.44,261.3,93,22.21,209.5,108,9.43,8.9,6,2.4,0,False,670.5,307,66.48,0,Low,High User
1760,WA,66,415,336-5900,no,no,0,205.1,102,34.87,232.7,109,19.78,259.9,95,11.7,9.2,6,2.48,2,False,706.9,312,68.83,0,Medium,High User
1761,TN,127,415,339-7684,no,yes,28,235.6,124,40.05,236.8,113,20.13,241.2,127,10.85,7.7,2,2.08,1,False,721.3,366,73.10999999999999,0,Low,High User
1762,HI,146,510,390-2433,no,no,0,189.3,77,32.18,155.9,128,13.25,186.0,83,8.37,7.4,3,2.0,0,False,538.6,291,55.8,0,Low,Medium User
1763,WY,93,408,360-7246,no,yes,42,166.9,101,28.37,273.2,84,23.22,171.0,106,7.69,11.5,1,3.11,1,False,622.6,292,62.39,0,Low,High User
1764,CT,77,415,335-6508,no,no,0,245.2,87,41.68,254.1,83,21.6,239.4,91,10.77,7.5,4,2.03,0,True,746.1999999999999,265,76.08,1,Low,High User
1765,NM,111,415,348-6720,no,no,0,132.6,125,22.54,221.1,67,18.79,127.9,101,5.76,12.7,2,3.43,4,True,494.3,295,50.519999999999996,1,High,Low User
1766,NJ,125,415,406-6400,no,no,0,182.3,64,30.99,139.8,121,11.88,171.6,96,7.72,11.6,7,3.13,2,False,505.30000000000007,288,53.72,0,Medium,Medium User
1767,AL,115,510,390-7370,no,yes,14,192.3,86,32.69,88.7,90,7.54,229.4,120,10.32,10.5,3,2.84,2,False,520.9,299,53.39,0,Medium,Medium User
1768,MN,115,510,390-5055,yes,no,0,122.0,110,20.74,220.2,100,18.72,179.7,124,8.09,10.8,2,2.92,2,True,532.6999999999999,336,50.47,1,Medium,Medium User
1769,NC,114,408,405-7542,no,no,0,193.0,101,32.81,250.0,81,21.25,133.3,79,6.0,9.6,2,2.59,2,False,585.9,263,62.650000000000006,0,Medium,Medium User
1770,OH,106,415,364-4927,no,no,0,158.6,112,26.96,220.0,114,18.7,252.9,106,11.38,9.1,3,2.46,0,False,640.6,335,59.5,0,Low,High User
1771,ND,118,415,329-3458,no,yes,39,91.5,125,15.56,219.9,113,18.69,229.0,99,10.31,12.7,8,3.43,2,False,553.1,345,47.99,0,Medium,Medium User
1772,CO,59,510,331-3842,no,no,0,153.6,92,26.11,205.5,88,17.47,114.5,89,5.15,12.5,10,3.38,1,False,486.1,279,52.11,0,Low,Low User
1773,ND,87,415,343-4147,yes,yes,40,221.6,79,37.67,157.1,74,13.35,222.4,124,10.01,11.5,3,3.11,1,False,612.6,280,64.14,0,Low,High User
1774,NY,21,415,335-2274,no,no,0,244.7,81,41.6,168.0,117,14.28,281.5,87,12.67,6.6,1,1.78,1,False,700.8000000000001,286,70.33,0,Low,High User
1775,WI,142,408,343-3227,no,yes,24,239.8,103,40.77,285.9,65,24.3,256.7,106,11.55,9.5,4,2.57,0,False,791.9000000000001,278,79.19,0,Low,High User
1776,WY,62,415,336-6907,no,no,0,172.4,132,29.31,230.5,100,19.59,228.2,109,10.27,11.0,5,2.97,0,False,642.0999999999999,346,62.14,0,Low,High User
1777,OR,149,415,331-1391,no,no,0,242.5,83,41.23,245.4,97,20.86,219.6,80,9.88,10.0,3,2.7,3,True,717.5,263,74.67,1,Medium,High User
1778,CO,54,510,360-1643,no,yes,39,117.6,82,19.99,159.2,60,13.53,236.4,113,10.64,11.3,10,3.05,2,False,524.4999999999999,265,47.209999999999994,0,Medium,Medium User
1779,LA,112,510,410-2518,no,no,0,174.5,127,29.67,259.3,71,22.04,170.5,120,7.67,11.3,7,3.05,1,False,615.5999999999999,325,62.43,0,Low,High User
1780,AL,68,510,344-4970,no,no,0,157.3,83,26.74,220.9,85,18.78,218.9,129,9.85,12.0,7,3.24,1,False,609.1,304,58.61,0,Low,High User
1781,TX,201,415,408-1486,no,yes,21,192.0,97,32.64,239.1,81,20.32,116.1,125,5.22,15.1,3,4.08,1,False,562.3000000000001,306,62.26,0,Low,Medium User
1782,PA,88,510,396-1648,no,no,0,218.2,76,37.09,169.3,60,14.39,141.1,99,6.35,8.0,1,2.16,1,False,536.6,236,59.99000000000001,0,Low,Medium User
1783,IL,85,415,391-2022,no,yes,29,144.6,97,24.58,140.0,102,11.9,165.4,148,7.44,10.9,3,2.94,1,False,460.9,350,46.85999999999999,0,Low,Low User
1784,DE,51,415,420-6465,yes,no,0,153.6,108,26.11,232.9,85,19.8,214.2,92,9.64,14.1,4,3.81,0,True,614.8000000000001,289,59.36,1,Low,High User
1785,MO,45,510,398-2628,no,yes,29,135.8,104,23.09,222.5,101,18.91,235.6,92,10.6,7.9,6,2.13,2,False,601.8,303,54.730000000000004,0,Medium,High User
1786,AR,116,510,409-5519,no,no,0,160.7,69,27.32,146.8,106,12.48,287.8,144,12.95,8.2,5,2.21,0,False,603.5,324,54.96,0,Low,High User
1787,OH,146,408,391-8554,no,yes,31,202.5,91,34.43,241.4,108,20.52,169.6,77,7.63,7.8,2,2.11,1,False,621.3,278,64.69000000000001,0,Low,High User
1788,WI,63,510,395-1693,no,yes,34,152.2,119,25.87,227.1,91,19.3,195.7,103,8.81,12.3,5,3.32,1,False,587.3,318,57.300000000000004,0,Low,Medium User
1789,GA,133,510,393-3194,no,no,0,227.4,90,38.66,73.2,135,6.22,114.3,99,5.14,4.7,7,1.27,0,False,419.6,331,51.29,0,Low,Low User
1790,KY,125,408,328-3402,no,no,0,191.6,115,32.57,205.6,108,17.48,210.2,123,9.46,9.2,3,2.48,2,False,616.6,349,61.989999999999995,0,Medium,High User
1791,OH,72,510,411-4781,no,no,0,138.9,111,23.61,211.6,102,17.99,179.5,91,8.08,10.8,3,2.92,1,False,540.8,307,52.599999999999994,0,Low,Medium User
1792,TN,130,408,401-2581,no,no,0,127.0,102,21.59,206.9,107,17.59,231.7,99,10.43,6.1,6,1.65,0,False,571.6999999999999,314,51.26,0,Low,Medium User
1793,SD,97,415,385-1214,no,no,0,168.6,87,28.66,259.2,105,22.03,279.8,123,12.59,7.3,4,1.97,1,False,714.8999999999999,319,65.25,0,Low,High User
1794,NY,54,415,348-6853,no,no,0,286.6,73,48.72,223.2,108,18.97,203.7,107,9.17,11.5,5,3.11,1,True,725.0,293,79.97,1,Low,High User
1795,GA,160,415,341-8412,no,yes,29,164.6,121,27.98,262.8,108,22.34,123.8,131,5.57,15.2,4,4.1,1,False,566.4,364,59.99,0,Low,Medium User
1796,TX,79,415,330-8142,no,no,0,144.0,90,24.48,135.8,91,11.54,212.4,129,9.56,13.0,4,3.51,1,False,505.20000000000005,314,49.089999999999996,0,Low,Medium User
1797,WV,92,415,361-1404,no,yes,47,141.6,95,24.07,207.9,130,17.67,203.6,95,9.16,10.2,11,2.75,0,False,563.3000000000001,331,53.650000000000006,0,Low,Medium User
1798,MI,59,415,375-9671,no,no,0,204.3,65,34.73,247.3,123,21.02,214.7,94,9.66,12.0,4,3.24,1,False,678.3,286,68.64999999999999,0,Low,High User
1799,ND,132,510,372-1824,no,no,0,163.2,80,27.74,167.6,90,14.25,87.5,90,3.94,6.2,10,1.67,1,False,424.49999999999994,270,47.599999999999994,0,Low,Low User
1800,NE,21,510,408-3606,no,no,0,225.0,110,38.25,244.2,111,20.76,221.2,93,9.95,10.7,4,2.89,0,False,701.1,318,71.85000000000001,0,Low,High User
1801,SD,93,415,333-3595,no,no,0,176.1,103,29.94,199.7,130,16.97,263.9,96,11.88,8.5,6,2.3,2,False,648.1999999999999,335,61.089999999999996,0,Medium,High User
1802,NJ,147,415,379-7009,no,yes,36,254.2,78,43.21,228.1,105,19.39,98.0,125,4.41,13.8,7,3.73,5,False,594.0999999999999,315,70.74000000000001,0,High,Medium User
1803,AK,101,510,411-4940,no,no,0,174.9,105,29.73,262.0,75,22.27,210.0,93,9.45,8.5,5,2.3,1,False,655.4,278,63.75,0,Low,High User
1804,CT,125,415,409-7523,yes,no,0,187.3,118,31.84,160.7,111,13.66,263.8,112,11.87,9.6,2,2.59,0,True,621.4,343,59.959999999999994,1,Low,High User
1805,CO,63,415,408-6725,no,no,0,211.8,84,36.01,230.9,137,19.63,217.1,99,9.77,10.7,9,2.89,3,False,670.5000000000001,329,68.3,0,Medium,High User
1806,MD,107,415,350-2384,no,no,0,241.9,102,41.12,126.9,117,10.79,185.6,92,8.35,11.7,6,3.16,0,False,566.1,317,63.42,0,Low,Medium User
1807,ND,110,408,348-1706,no,no,0,196.1,103,33.34,199.7,123,16.97,135.9,71,6.12,12.9,1,3.48,3,False,544.5999999999999,298,59.91,0,Medium,Medium User
1808,NH,83,415,415-6145,no,no,0,231.3,100,39.32,210.4,84,17.88,217.4,106,9.78,12.4,2,3.35,3,False,671.5,292,70.33,0,Medium,High User
1809,MN,117,408,373-3731,no,no,0,161.6,104,27.47,196.3,119,16.69,294.8,111,13.27,13.8,2,3.73,1,False,666.5,336,61.15999999999999,0,Low,High User
1810,KY,124,415,341-3349,no,no,0,194.0,103,32.98,241.0,116,20.49,227.5,153,10.24,11.9,5,3.21,0,False,674.4,377,66.92,0,Low,High User
1811,NH,115,510,399-8859,no,no,0,109.7,148,18.65,223.8,87,19.02,240.3,96,10.81,15.4,8,4.16,3,False,589.1999999999999,339,52.64,0,Medium,Medium User
1812,CO,156,408,377-4518,yes,no,0,277.0,119,47.09,238.3,106,20.26,94.4,96,4.25,8.3,3,2.24,1,False,617.9999999999999,324,73.84,0,Low,High User
1813,KY,89,408,341-1594,no,no,0,192.1,83,32.66,163.6,88,13.91,169.7,138,7.64,6.1,3,1.65,0,False,531.5,312,55.85999999999999,0,Low,Medium User
1814,KY,72,415,418-8770,no,no,0,198.4,147,33.73,216.9,121,18.44,112.8,125,5.08,13.1,4,3.54,0,False,541.2,397,60.79,0,Low,Medium User
1815,IN,101,415,332-9118,no,yes,42,209.2,82,35.56,159.7,74,13.57,181.6,100,8.17,9.5,3,2.57,0,False,560.0,259,59.870000000000005,0,Low,Medium User
1816,OR,53,415,386-1418,no,no,0,184.8,98,31.42,216.4,125,18.39,141.1,116,6.35,18.4,3,4.97,2,False,560.7,342,61.13,0,Medium,Medium User
1817,SD,116,408,393-3535,no,no,0,167.8,119,28.53,142.0,123,12.07,190.7,128,8.58,7.3,4,1.97,2,False,507.8,374,51.15,0,Medium,Medium User
1818,DE,78,408,328-9006,no,no,0,139.2,140,23.66,191.4,113,16.27,286.5,125,12.89,11.8,3,3.19,3,False,628.9,381,56.01,0,Medium,High User
1819,OR,117,415,402-2482,no,yes,17,221.3,82,37.62,167.6,100,14.25,262.7,87,11.82,4.4,4,1.19,0,False,655.9999999999999,273,64.88,0,Low,High User
1820,NE,56,510,408-4865,no,no,0,121.6,84,20.67,165.3,115,14.05,243.9,95,10.98,8.9,2,2.4,1,False,539.6999999999999,296,48.1,0,Low,Medium User
1821,OH,123,408,396-6247,no,yes,39,270.4,99,45.97,245.1,110,20.83,108.9,113,4.9,15.4,7,4.16,1,False,639.8,329,75.86,0,Low,High User
1822,OH,127,408,396-9462,no,no,0,139.6,94,23.73,240.9,112,20.48,127.1,88,5.72,8.8,4,2.38,2,False,516.4,298,52.31,0,Medium,Medium User
1823,AR,116,415,396-9279,no,yes,23,253.0,78,43.01,138.9,121,11.81,277.8,104,12.5,11.8,3,3.19,2,False,681.5,306,70.50999999999999,0,Medium,High User
1824,KS,138,510,363-8715,no,yes,26,183.9,83,31.26,240.7,93,20.46,185.7,125,8.36,15.0,3,4.05,1,False,625.3,304,64.13,0,Low,High User
1825,TX,120,415,356-1358,no,no,0,203.3,108,34.56,259.9,66,22.09,115.9,103,5.22,7.8,2,2.11,3,False,586.9,279,63.980000000000004,0,Medium,Medium User
1826,WI,102,408,360-7839,no,no,0,200.6,106,34.1,152.5,127,12.96,199.4,128,8.97,7.7,2,2.08,3,False,560.2,363,58.11,0,Medium,Medium User
1827,OR,95,415,364-8774,no,no,0,167.6,96,28.49,176.0,89,14.96,250.9,113,11.29,13.4,6,3.62,2,False,607.9,304,58.36,0,Medium,High User
1828,VA,102,408,348-5038,no,no,0,156.5,67,26.61,204.3,103,17.37,141.9,72,6.39,9.9,2,2.67,2,False,512.6,244,53.040000000000006,0,Medium,Medium User
1829,AR,89,415,365-4728,no,yes,25,215.1,140,36.57,197.4,69,16.78,162.1,117,7.29,10.6,10,2.86,1,False,585.2,336,63.5,0,Low,Medium User
1830,CT,50,408,351-9037,no,no,0,301.7,82,51.29,167.1,118,14.2,72.2,89,3.25,10.5,6,2.84,1,False,551.5,295,71.58,0,Low,Medium User
1831,OH,93,415,397-9184,no,yes,42,152.3,90,25.89,267.5,102,22.74,266.9,130,12.01,11.3,5,3.05,7,False,698.0,327,63.68999999999999,0,High,High User
1832,WY,68,510,398-4538,no,no,0,195.4,116,33.22,212.1,101,18.03,138.4,134,6.23,15.1,11,4.08,1,False,561.0,362,61.56,0,Low,Medium User
1833,IL,70,408,382-6827,no,no,0,208.7,97,35.48,275.5,83,23.42,182.5,122,8.21,8.0,3,2.16,2,False,674.7,305,69.27,0,Medium,High User
1834,MO,138,415,408-1340,no,yes,29,190.1,87,32.32,223.2,123,18.97,256.2,130,11.53,14.2,6,3.83,0,False,683.7,346,66.65,0,Low,High User
1835,DC,141,415,333-9511,no,yes,37,185.4,87,31.52,178.5,128,15.17,218.3,107,9.82,8.0,3,2.16,4,False,590.2,325,58.67,0,High,Medium User
1836,MA,112,415,358-7379,no,yes,17,183.2,95,31.14,252.8,125,21.49,156.7,95,7.05,9.7,3,2.62,0,False,602.4000000000001,318,62.29999999999999,0,Low,High User
1837,NH,117,510,397-1766,yes,no,0,54.2,100,9.21,303.2,84,25.77,171.8,84,7.73,8.6,2,2.32,1,True,537.8000000000001,270,45.03000000000001,1,Low,Medium User
1838,IA,1,408,331-2144,no,yes,26,208.0,115,35.36,185.0,113,15.73,177.7,144,8.0,8.1,9,2.19,1,False,578.8000000000001,381,61.28,0,Low,Medium User
1839,AL,70,415,345-7014,no,no,0,230.3,110,39.15,77.9,87,6.62,247.1,105,11.12,13.2,4,3.56,1,False,568.5000000000001,306,60.449999999999996,0,Low,Medium User
1840,OR,87,510,395-1898,no,yes,22,240.8,102,40.94,75.9,106,6.45,224.6,115,10.11,7.1,3,1.92,2,False,548.4000000000001,326,59.42,0,Medium,Medium User
1841,WV,52,510,373-8920,no,yes,21,195.7,119,33.27,106.2,95,9.03,157.4,94,7.08,5.3,3,1.43,2,False,464.59999999999997,311,50.81,0,Medium,Low User
1842,WA,97,408,373-8908,no,no,0,276.1,82,46.94,201.1,106,17.09,231.3,73,10.41,8.9,4,2.4,0,True,717.4,265,76.84,1,Low,High User
1843,NV,105,408,415-1203,no,no,0,166.1,93,28.24,175.9,106,14.95,243.5,55,10.96,16.2,3,4.37,2,False,601.7,257,58.519999999999996,0,Medium,High User
1844,SC,77,510,369-7017,no,yes,28,135.9,117,23.1,244.5,102,20.78,207.5,74,9.34,11.5,3,3.11,4,True,599.4,296,56.33,1,High,Medium User
1845,NC,80,415,420-8435,yes,no,0,189.1,122,32.15,223.2,92,18.97,269.0,116,12.11,13.9,3,3.75,2,True,695.1999999999999,333,66.97999999999999,1,Medium,High User
1846,NH,120,510,395-2579,no,yes,43,177.9,117,30.24,175.1,70,14.88,161.3,117,7.26,11.5,4,3.11,1,False,525.8,308,55.489999999999995,0,Low,Medium User
1847,WY,54,408,405-7850,no,yes,39,143.9,73,24.46,210.3,117,17.88,129.2,117,5.81,12.5,8,3.38,2,False,495.90000000000003,315,51.53000000000001,0,Medium,Low User
1848,FL,148,510,394-7710,yes,no,0,148.2,138,25.19,159.6,123,13.57,197.4,62,8.88,8.6,3,2.32,2,False,513.8,326,49.96000000000001,0,Medium,Medium User
1849,PA,119,408,342-4122,no,no,0,287.1,115,48.81,159.3,99,13.54,216.8,86,9.76,13.9,1,3.75,2,True,677.1,301,75.86,1,Medium,High User
1850,NC,162,408,340-1876,no,yes,26,179.7,144,30.55,218.1,129,18.54,212.3,105,9.55,9.3,8,2.51,1,True,619.3999999999999,386,61.15,1,Low,High User
1851,MO,85,510,383-6095,no,no,0,165.8,96,28.19,190.0,141,16.15,144.0,116,6.48,10.9,3,2.94,5,True,510.7,356,53.760000000000005,1,High,Medium User
1852,KS,101,510,413-1061,no,yes,25,144.1,144,24.5,167.6,105,14.25,240.0,107,10.8,14.5,3,3.92,1,False,566.2,359,53.47,0,Low,Medium User
1853,KY,172,415,343-5347,no,no,0,172.5,85,29.33,253.1,71,21.51,221.6,113,9.97,5.9,6,1.59,0,False,653.1,275,62.400000000000006,0,Low,High User
1854,DE,80,415,376-4861,no,no,0,199.8,138,33.97,167.1,91,14.2,271.8,94,12.23,5.5,4,1.49,1,False,644.2,327,61.89000000000001,0,Low,High User
1855,WI,67,510,417-2265,no,no,0,109.1,134,18.55,142.3,76,12.1,91.2,86,4.1,10.9,5,2.94,2,False,353.5,301,37.69,0,Medium,Low User
1856,CO,86,408,419-7415,no,no,0,171.8,106,29.21,301.7,44,25.64,139.4,108,6.27,9.7,5,2.62,1,False,622.6,263,63.74,0,Low,High User
1857,NM,107,415,407-2259,no,no,0,222.3,101,37.79,286.0,111,24.31,249.4,117,11.22,12.1,4,3.27,1,True,769.8000000000001,333,76.58999999999999,1,Low,High User
1858,DE,133,510,333-2906,no,no,0,245.8,102,41.79,264.7,90,22.5,111.7,103,5.03,11.2,7,3.02,0,False,633.4000000000001,302,72.33999999999999,0,Low,High User
1859,IL,116,510,360-7477,no,no,0,164.6,110,27.98,270.6,103,23.0,230.4,109,10.37,8.0,3,2.16,0,False,673.6,325,63.510000000000005,0,Low,High User
1860,WA,63,408,342-5243,no,no,0,211.7,107,35.99,271.7,77,23.09,203.3,108,9.15,7.4,7,2.0,0,False,694.1,299,70.23,0,Low,High User
1861,MA,119,408,417-3999,yes,yes,16,147.2,103,25.02,160.1,96,13.61,184.0,120,8.28,7.7,2,2.08,0,True,498.99999999999994,321,48.989999999999995,1,Low,Low User
1862,OH,133,408,379-1720,yes,no,0,254.7,103,43.3,252.2,80,21.44,178.1,103,8.01,8.0,3,2.16,0,True,693.0,289,74.91,1,Low,High User
1863,TN,94,408,368-3117,yes,no,0,170.1,113,28.92,271.8,94,23.1,110.7,78,4.98,8.7,4,2.35,1,False,561.3000000000001,289,59.35,0,Low,Medium User
1864,MA,69,510,352-5000,no,no,0,195.1,91,33.17,261.5,57,22.23,203.8,90,9.17,11.4,5,3.08,0,False,671.8000000000001,243,67.65,0,Low,High User
1865,MI,146,408,405-7676,no,no,0,149.3,83,25.38,187.1,130,15.9,149.8,100,6.74,7.9,4,2.13,7,True,494.09999999999997,317,50.150000000000006,1,High,Low User
1866,TX,119,510,361-2349,no,no,0,81.9,75,13.92,253.8,114,21.57,213.1,125,9.59,8.9,1,2.4,2,True,557.7,315,47.48,1,Medium,Medium User
1867,NH,142,408,383-2901,yes,yes,25,191.1,109,32.49,149.6,120,12.72,227.8,60,10.25,9.8,3,2.65,0,False,578.3,292,58.11,0,Low,Medium User
1868,MD,123,408,369-7049,no,no,0,206.9,115,35.17,224.4,86,19.07,197.4,60,8.88,8.3,2,2.24,3,False,637.0,263,65.36,0,Medium,High User
1869,MS,101,408,387-5533,no,no,0,239.0,156,40.63,273.0,106,23.21,278.2,93,12.52,13.5,8,3.65,1,True,803.7,363,80.01,1,Low,High User
1870,AZ,43,415,362-3660,no,no,0,179.3,97,30.48,252.7,126,21.48,227.5,114,10.24,8.0,5,2.16,0,False,667.5,342,64.36,0,Low,High User
1871,IN,69,408,357-3577,no,no,0,185.3,91,31.5,219.1,88,18.62,243.6,107,10.96,5.5,5,1.49,0,False,653.5,291,62.57000000000001,0,Low,High User
1872,NY,15,510,394-3312,yes,no,0,141.4,80,24.04,123.9,76,10.53,323.5,88,14.56,8.1,3,2.19,2,False,596.9,247,51.32,0,Medium,Medium User
1873,WI,107,510,395-8330,no,yes,25,248.6,91,42.26,119.3,115,10.14,194.3,83,8.74,12.0,1,3.24,1,False,574.2,290,64.38,0,Low,Medium User
1874,WV,67,510,373-8895,no,no,0,152.5,131,25.93,252.4,107,21.45,185.4,104,8.34,4.9,3,1.32,2,False,595.1999999999999,345,57.04,0,Medium,Medium User
1875,NY,99,415,386-4581,no,no,0,145.6,102,24.75,230.9,87,19.63,181.5,86,8.17,11.4,7,3.08,1,False,569.4,282,55.629999999999995,0,Low,Medium User
1876,OK,46,415,354-8191,no,no,0,164.2,116,27.91,196.2,153,16.68,236.1,119,10.62,8.1,1,2.19,1,False,604.6,389,57.4,0,Low,High User
1877,NC,55,408,359-7562,yes,no,0,221.0,115,37.57,165.4,97,14.06,235.4,117,10.59,9.7,4,2.62,1,False,631.5,333,64.84,0,Low,High User
1878,KY,39,415,359-4336,no,no,0,295.4,126,50.22,232.1,117,19.73,204.4,123,9.2,11.5,2,3.11,1,True,743.4,368,82.26,1,Low,High User
1879,TX,92,510,336-9901,no,no,0,139.8,98,23.77,174.9,143,14.87,201.6,135,9.07,9.4,7,2.54,2,False,525.7,383,50.25,0,Medium,Medium User
1880,CT,56,415,406-3069,no,no,0,162.3,99,27.59,149.1,78,12.67,255.5,115,11.5,14.8,1,4.0,4,True,581.6999999999999,293,55.76,1,High,Medium User
1881,NE,76,415,334-6519,no,no,0,272.7,97,46.36,236.4,95,20.09,235.5,105,10.6,7.7,2,2.08,0,True,752.3000000000001,299,79.13,1,Low,High User
1882,HI,132,408,361-8113,yes,yes,33,200.3,75,34.05,226.6,67,19.26,198.8,91,8.95,12.9,3,3.48,2,False,638.6,236,65.74000000000001,0,Medium,High User
1883,SC,140,510,347-9769,no,yes,28,157.1,77,26.71,172.4,97,14.65,184.5,94,8.3,11.1,9,3.0,1,False,525.1,277,52.66,0,Low,Medium User
1884,AK,51,510,352-9130,yes,yes,12,135.8,60,23.09,200.6,134,17.05,192.4,98,8.66,12.3,7,3.32,2,False,541.0999999999999,299,52.12,0,Medium,Medium User
1885,SD,27,408,378-4557,no,no,0,236.7,110,40.24,231.9,92,19.71,164.7,85,7.41,12.7,6,3.43,1,False,646.0,293,70.79,0,Low,High User
1886,ID,224,510,360-8919,no,no,0,111.4,133,18.94,175.0,66,14.88,217.2,106,9.77,5.5,6,1.49,3,False,509.09999999999997,311,45.080000000000005,0,Medium,Medium User
1887,OK,105,510,405-4109,yes,yes,28,156.1,89,26.54,107.1,114,9.1,167.7,95,7.55,14.7,3,3.97,0,True,445.59999999999997,301,47.16,1,Low,Low User
1888,WA,117,408,381-2498,no,no,0,191.1,93,32.49,282.8,56,24.04,84.8,118,3.82,12.0,4,3.24,2,False,570.6999999999999,271,63.59,0,Medium,Medium User
1889,SD,91,415,357-5696,no,no,0,153.0,123,26.01,141.1,127,11.99,171.5,76,7.72,10.3,15,2.78,1,True,475.90000000000003,341,48.5,1,Low,Low User
1890,OH,135,415,412-2947,no,no,0,218.8,123,37.2,242.8,64,20.64,85.8,80,3.86,10.3,3,2.78,4,False,557.6999999999999,270,64.48,0,High,Medium User
1891,VA,146,415,363-3571,no,no,0,205.4,101,34.92,134.9,77,11.47,310.5,83,13.97,10.3,2,2.78,3,False,661.0999999999999,263,63.14,0,Medium,High User
1892,WI,147,415,405-5403,yes,no,0,225.2,111,38.28,184.9,98,15.72,143.2,146,6.44,9.9,1,2.67,0,True,563.1999999999999,356,63.11,1,Low,Medium User
1893,IN,68,510,330-9354,no,no,0,249.9,127,42.48,254.5,118,21.63,273.2,98,12.29,8.9,6,2.4,2,True,786.4999999999999,349,78.80000000000001,1,Medium,High User
1894,NM,68,408,396-7091,no,no,0,131.6,89,22.37,137.0,109,11.65,256.3,107,11.53,10.2,5,2.75,3,False,535.1000000000001,310,48.300000000000004,0,Medium,Medium User
1895,HI,86,408,398-3004,no,yes,21,197.9,99,33.64,165.6,100,14.08,208.0,120,9.36,10.1,9,2.73,0,False,581.6,328,59.809999999999995,0,Low,Medium User
1896,KY,131,415,400-4020,no,no,0,166.5,129,28.31,210.2,107,17.87,257.2,93,11.57,9.9,5,2.67,1,False,643.8,334,60.42,0,Low,High User
1897,OH,86,415,356-3448,no,yes,29,225.4,79,38.32,187.1,112,15.9,281.1,112,12.65,12.9,3,3.48,1,False,706.5,306,70.35000000000001,0,Low,High User
1898,VT,159,415,335-2019,no,no,0,275.8,103,46.89,189.5,108,16.11,223.9,93,10.08,7.4,5,2.0,2,True,696.6,309,75.08,1,Medium,High User
1899,AZ,134,415,332-6633,no,yes,40,142.9,105,24.29,88.6,61,7.53,290.0,96,13.05,10.8,6,2.92,1,False,532.3,268,47.790000000000006,0,Low,Medium User
1900,VT,113,510,359-7648,no,no,0,207.2,113,35.22,256.0,80,21.76,211.0,87,9.49,9.9,1,2.67,1,False,684.1,281,69.14,0,Low,High User
1901,MO,132,408,412-9190,no,no,0,206.2,100,35.05,211.2,118,17.95,196.2,122,8.83,10.2,6,2.75,1,False,623.8,346,64.58,0,Low,High User
1902,AL,85,415,368-9007,no,no,0,210.3,66,35.75,195.8,76,16.64,221.6,82,9.97,11.2,7,3.02,1,False,638.9000000000001,231,65.38,0,Low,High User
1903,NJ,93,510,384-5632,yes,yes,38,225.7,117,38.37,119.6,122,10.17,193.2,125,8.69,14.0,7,3.78,1,True,552.5,371,61.01,1,Low,Medium User
1904,WA,174,408,352-6068,no,yes,33,167.8,91,28.53,205.3,91,17.45,130.0,132,5.85,14.5,4,3.92,4,True,517.6,318,55.75000000000001,1,High,Medium User
1905,NY,61,415,343-9645,no,no,0,197.7,118,33.61,152.2,96,12.94,221.0,93,9.95,7.0,3,1.89,2,False,577.9,310,58.39,0,Medium,Medium User
1906,DC,91,415,384-7873,no,yes,39,169.8,105,28.87,65.2,116,5.54,144.4,92,6.5,10.9,4,2.94,1,False,390.29999999999995,317,43.85,0,Low,Low User
1907,NE,88,408,396-2187,no,yes,28,190.6,104,32.4,237.3,105,20.17,211.6,116,9.52,9.8,1,2.65,2,False,649.3,326,64.74000000000001,0,Medium,High User
1908,MA,88,408,383-5109,no,yes,45,80.3,140,13.65,153.3,101,13.03,309.2,123,13.91,12.8,3,3.46,2,False,555.5999999999999,367,44.050000000000004,0,Medium,Medium User
1909,VT,195,415,377-7843,no,yes,36,231.7,110,39.39,225.1,88,19.13,201.7,89,9.08,12.1,2,3.27,0,False,670.6,289,70.86999999999999,0,Low,High User
1910,NM,182,415,382-7999,no,no,0,69.1,114,11.75,230.3,109,19.58,256.7,96,11.55,6.5,4,1.76,0,False,562.5999999999999,323,44.63999999999999,0,Low,Medium User
1911,CO,118,408,328-1222,no,no,0,188.8,60,32.1,217.4,64,18.48,220.1,100,9.9,8.2,7,2.21,4,False,634.5000000000001,231,62.69,0,High,High User
1912,NH,103,408,371-1727,no,no,0,150.6,125,25.6,169.1,126,14.37,221.2,104,9.95,10.4,8,2.81,8,True,551.3,363,52.730000000000004,1,High,Medium User
1913,IL,65,510,369-8871,no,no,0,192.0,89,32.64,139.5,88,11.86,187.4,102,8.43,5.5,4,1.49,2,False,524.4,283,54.42,0,Medium,Medium User
1914,UT,61,408,335-9726,no,yes,25,163.7,78,27.83,113.2,112,9.62,134.1,118,6.03,9.9,3,2.67,3,False,420.9,311,46.15,0,Medium,Low User
1915,WV,172,415,357-3709,no,no,0,211.7,100,35.99,198.7,101,16.89,301.7,136,13.58,6.5,9,1.76,1,False,718.5999999999999,346,68.22000000000001,0,Low,High User
1916,NJ,72,415,422-9964,no,no,0,175.5,103,29.84,132.3,120,11.25,242.9,96,10.93,11.8,3,3.19,1,False,562.5,322,55.21,0,Low,Medium User
1917,NM,113,510,366-9211,no,no,0,150.1,120,25.52,200.1,85,17.01,266.7,105,12.0,11.0,3,2.97,2,False,627.9,313,57.5,0,Medium,High User
1918,ND,177,408,384-9033,no,no,0,189.5,99,32.22,176.3,117,14.99,225.9,112,10.17,14.2,2,3.83,1,False,605.9000000000001,330,61.21,0,Low,High User
1919,WA,100,408,382-4932,no,no,0,70.8,94,12.04,215.6,102,18.33,230.8,125,10.39,9.5,1,2.57,6,True,526.7,322,43.33,1,High,Medium User
1920,NM,67,415,404-7518,no,no,0,215.5,102,36.64,190.7,95,16.21,214.5,106,9.65,8.6,6,2.32,1,False,629.3000000000001,309,64.82,0,Low,High User
1921,DE,136,415,353-1954,no,no,0,101.7,105,17.29,202.8,99,17.24,136.2,119,6.13,9.4,6,2.54,3,False,450.09999999999997,329,43.2,0,Medium,Low User
1922,GA,71,415,391-7166,no,no,0,258.4,132,43.93,126.8,119,10.78,182.4,87,8.21,9.7,8,2.62,4,False,577.3000000000001,346,65.54,0,High,Medium User
1923,HI,134,408,370-9000,no,no,0,242.4,126,41.21,152.9,115,13.0,318.3,115,14.32,11.8,6,3.19,1,False,725.4,362,71.72,0,Low,High User
1924,CT,124,415,332-3642,no,no,0,131.8,82,22.41,284.3,119,24.17,305.5,101,13.75,11.3,2,3.05,1,False,732.9,304,63.379999999999995,0,Low,High User
1925,NJ,84,415,412-3898,no,no,0,190.2,102,32.33,197.7,141,16.8,247.5,102,11.14,9.8,6,2.65,2,False,645.1999999999999,351,62.919999999999995,0,Medium,High User
1926,ME,39,408,366-5640,no,no,0,154.1,104,26.2,204.2,112,17.36,196.2,92,8.83,9.8,4,2.65,2,False,564.3,312,55.04,0,Medium,Medium User
1927,OK,110,510,356-2302,no,no,0,188.0,127,31.96,90.5,118,7.69,150.3,64,6.76,15.3,3,4.13,3,False,444.1,312,50.54,0,Medium,Low User
1928,TN,102,510,345-9018,no,no,0,103.1,70,17.53,275.0,129,23.38,141.1,92,6.35,11.2,5,3.02,1,False,530.4000000000001,296,50.28,0,Low,Medium User
1929,WY,70,415,365-6205,no,no,0,175.4,130,29.82,159.5,130,13.56,260.6,96,11.73,11.6,4,3.13,0,False,607.1,360,58.24,0,Low,High User
1930,NY,142,415,337-1151,no,no,0,145.4,93,24.72,209.1,98,17.77,214.0,96,9.63,10.9,1,2.94,1,False,579.4,288,55.059999999999995,0,Low,Medium User
1931,DE,81,510,374-4664,yes,no,0,250.6,85,42.6,187.9,50,15.97,120.3,131,5.41,7.8,5,2.11,1,False,566.5999999999999,271,66.09,0,Low,Medium User
1932,RI,17,415,396-9656,no,no,0,161.5,123,27.46,214.2,81,18.21,315.0,106,14.18,8.6,5,2.32,1,False,699.3000000000001,315,62.17,0,Low,High User
1933,PA,119,408,377-5043,no,no,0,260.1,101,44.22,256.5,68,21.8,229.1,89,10.31,10.0,2,2.7,1,True,755.7,260,79.03,1,Low,High User
1934,HI,105,415,401-7359,no,no,0,281.3,124,47.82,301.5,96,25.63,202.8,109,9.13,8.7,3,2.35,0,True,794.3,332,84.92999999999999,1,Low,High User
1935,MD,108,415,375-2184,yes,yes,42,130.1,90,22.12,167.0,128,14.2,244.7,80,11.01,13.6,5,3.67,3,True,555.4,303,51.0,1,Medium,Medium User
1936,VA,90,415,367-6005,no,no,0,102.0,118,17.34,113.3,134,9.63,188.6,105,8.49,11.4,3,3.08,2,False,415.29999999999995,360,38.54,0,Medium,Low User
1937,IN,100,415,364-2166,no,yes,33,218.7,104,37.18,155.0,144,13.18,99.0,117,4.46,12.1,4,3.27,1,False,484.8,369,58.09,0,Low,Low User
1938,OR,155,408,414-4741,no,yes,30,128.5,86,21.85,188.4,91,16.01,254.4,85,11.45,6.8,6,1.84,1,False,578.0999999999999,268,51.150000000000006,0,Low,Medium User
1939,AZ,113,510,403-9719,no,no,0,128.7,100,21.88,227.1,67,19.3,178.1,135,8.01,9.2,4,2.48,2,True,543.1,306,51.669999999999995,1,Medium,Medium User
1940,WI,123,415,371-8452,no,no,0,172.2,92,29.27,162.6,76,13.82,250.3,101,11.26,8.7,4,2.35,1,False,593.8,273,56.7,0,Low,Medium User
1941,VA,145,408,392-6239,no,no,0,199.2,124,33.86,126.0,86,10.71,289.2,135,13.01,7.6,3,2.05,1,False,622.0,348,59.629999999999995,0,Low,High User
1942,MO,42,415,410-5250,no,no,0,184.5,98,31.37,200.5,93,17.04,279.2,91,12.56,8.8,3,2.38,2,False,673.0,285,63.35,0,Medium,High User
1943,NV,125,510,336-1574,no,no,0,168.6,99,28.66,175.6,107,14.93,243.3,92,10.95,10.9,7,2.94,0,False,598.4,305,57.480000000000004,0,Low,Medium User
1944,HI,131,415,406-8324,no,yes,30,174.0,118,29.58,205.3,81,17.45,218.2,90,9.82,6.7,3,1.81,1,False,604.2,292,58.660000000000004,0,Low,High User
1945,WA,107,415,411-7110,no,no,0,230.4,65,39.17,257.4,80,21.88,107.3,88,4.83,8.5,3,2.3,1,False,603.5999999999999,236,68.17999999999999,0,Low,High User
1946,IL,48,408,341-9907,no,no,0,198.2,73,33.69,202.8,115,17.24,146.4,73,6.59,5.1,5,1.38,1,False,552.5,266,58.9,0,Low,Medium User
1947,IL,76,510,400-8952,no,no,0,186.1,96,31.64,211.6,100,17.99,230.6,100,10.38,8.0,4,2.16,0,False,636.3,300,62.17,0,Low,High User
1948,LA,128,415,333-9266,no,no,0,148.5,105,25.25,243.0,106,20.66,255.2,114,11.48,6.8,2,1.84,1,False,653.5,327,59.230000000000004,0,Low,High User
1949,WI,73,415,419-4894,no,no,0,157.1,109,26.71,268.8,83,22.85,181.5,91,8.17,10.0,8,2.7,0,False,617.4,291,60.43000000000001,0,Low,High User
1950,TX,52,415,364-9904,no,no,0,155.0,110,26.35,133.4,104,11.34,176.1,84,7.92,7.0,4,1.89,4,True,471.5,302,47.5,1,High,Low User
1951,MI,126,415,394-3048,yes,yes,26,129.3,123,21.98,176.5,114,15.0,154.5,102,6.95,9.6,7,2.59,1,False,469.90000000000003,346,46.52000000000001,0,Low,Low User
1952,NC,124,415,352-6265,no,no,0,188.5,77,32.05,182.0,123,15.47,218.2,127,9.82,6.1,6,1.65,1,False,594.8000000000001,333,58.989999999999995,0,Low,Medium User
1953,WA,137,408,357-3187,no,no,0,208.8,120,35.5,225.3,100,19.15,221.6,130,9.97,11.1,5,3.0,0,False,666.8000000000001,355,67.62,0,Low,High User
1954,ND,71,510,373-8483,no,no,0,238.0,82,40.46,278.5,94,23.67,193.1,134,8.69,11.8,10,3.19,0,True,721.4,320,76.00999999999999,1,Low,High User
1955,NE,139,415,375-9930,no,no,0,211.1,103,35.89,206.9,108,17.59,193.9,70,8.73,5.6,4,1.51,0,False,617.5,285,63.720000000000006,0,Low,High User
1956,MS,107,510,352-6282,no,yes,30,198.9,87,33.81,207.0,90,17.6,159.8,76,7.19,12.6,4,3.4,3,False,578.3000000000001,257,62.0,0,Medium,Medium User
1957,KY,147,408,396-2945,no,no,0,212.8,79,36.18,204.1,91,17.35,156.2,113,7.03,10.2,2,2.75,1,False,583.3,285,63.31,0,Low,Medium User
1958,RI,116,510,412-3527,no,no,0,137.4,126,23.36,120.0,94,10.2,130.3,64,5.86,12.4,2,3.35,3,False,400.09999999999997,286,42.77,0,Medium,Low User
1959,NY,60,510,328-4231,no,yes,31,191.8,75,32.61,267.8,135,22.76,200.5,62,9.02,12.8,3,3.46,2,False,672.9,275,67.85,0,Medium,High User
1960,TX,38,510,413-9055,no,no,0,149.0,92,25.33,49.2,78,4.18,163.3,93,7.35,13.9,11,3.75,0,False,375.4,274,40.61,0,Low,Low User
1961,DE,63,408,363-8755,no,no,0,117.1,118,19.91,249.6,90,21.22,162.2,84,7.3,11.1,4,3.0,3,False,540.0,296,51.42999999999999,0,Medium,Medium User
1962,NM,94,415,388-8891,no,no,0,108.0,79,18.36,241.9,152,20.56,252.1,92,11.34,10.4,3,2.81,3,False,612.4,326,53.07000000000001,0,Medium,High User
1963,RI,131,415,360-1776,no,no,0,112.8,133,19.18,199.4,116,16.95,142.7,105,6.42,10.1,5,2.73,0,False,465.0,359,45.279999999999994,0,Low,Low User
1964,MS,158,510,411-3578,no,no,0,175.9,105,29.9,188.3,88,16.01,188.3,98,8.47,11.0,6,2.97,1,False,563.5,297,57.349999999999994,0,Low,Medium User
1965,NY,139,510,399-7268,no,no,0,236.6,109,40.22,169.9,107,14.44,212.3,118,9.55,11.1,2,3.0,1,True,629.9,336,67.21,1,Low,High User
1966,NE,77,415,350-1532,no,no,0,169.4,102,28.8,184.9,144,15.72,234.3,89,10.54,2.0,7,0.54,1,False,590.6,342,55.6,0,Low,Medium User
1967,WI,140,415,359-2197,no,no,0,129.6,79,22.03,246.2,99,20.93,172.1,124,7.74,9.4,10,2.54,3,False,557.3,312,53.24,0,Medium,Medium User
1968,KY,72,408,407-9290,no,no,0,177.1,97,30.11,184.7,105,15.7,174.1,94,7.83,8.0,6,2.16,1,False,543.9,302,55.8,0,Low,Medium User
1969,SD,52,510,358-6672,no,yes,20,133.3,63,22.66,184.1,123,15.65,272.9,107,12.28,13.5,2,3.65,1,False,603.8,295,54.24,0,Low,High User
1970,VA,103,510,393-4621,no,no,0,167.8,121,28.53,212.9,123,18.1,208.2,73,9.37,13.0,3,3.51,5,False,601.9000000000001,320,59.51,0,High,High User
1971,KS,74,415,336-7357,no,yes,32,174.6,107,29.68,310.6,115,26.4,234.7,92,10.56,9.0,4,2.43,1,False,728.9000000000001,318,69.07000000000001,0,Low,High User
1972,ND,124,415,351-1466,no,no,0,150.3,101,25.55,255.9,112,21.75,136.7,62,6.15,12.5,4,3.38,2,False,555.4000000000001,279,56.83,0,Medium,Medium User
1973,CO,85,510,394-6668,no,yes,21,283.2,110,48.14,239.7,108,20.37,149.5,80,6.73,6.3,1,1.7,5,False,678.6999999999999,299,76.94000000000001,0,High,High User
1974,KY,113,408,403-2673,no,yes,20,157.8,83,26.83,161.5,56,13.73,271.5,100,12.22,8.7,2,2.35,5,True,599.5,241,55.13,1,High,Medium User
1975,WA,71,408,355-1735,no,no,0,141.2,132,24.0,149.1,90,12.67,171.4,72,7.71,7.0,2,1.89,2,False,468.69999999999993,296,46.27,0,Medium,Low User
1976,NV,177,415,416-7679,no,yes,27,230.2,106,39.13,196.1,78,16.67,215.4,108,9.69,10.4,2,2.81,1,False,652.0999999999999,294,68.30000000000001,0,Low,High User
1977,SC,49,415,340-4972,yes,no,0,237.8,92,40.43,208.9,119,17.76,167.8,86,7.55,15.6,6,4.21,2,True,630.1,303,69.94999999999999,1,Medium,High User
1978,RI,106,510,417-4826,yes,no,0,204.0,84,34.68,168.5,61,14.32,164.0,102,7.38,13.3,3,3.59,3,True,549.8,250,59.97,1,Medium,Medium User
1979,ID,60,510,408-6676,no,no,0,221.1,106,37.59,178.6,48,15.18,202.7,90,9.12,7.4,3,2.0,1,False,609.8,247,63.89,0,Low,High User
1980,KY,43,408,417-6683,no,no,0,177.2,93,30.12,142.6,60,12.12,314.1,144,14.13,12.7,2,3.43,4,False,646.6,299,59.800000000000004,0,High,High User
1981,ME,66,510,331-6270,no,no,0,118.0,133,20.06,248.1,99,21.09,214.4,122,9.65,5.3,5,1.43,1,False,585.8,359,52.23,0,Low,Medium User
1982,SD,125,415,404-9754,no,no,0,163.8,73,27.85,255.6,85,21.73,192.9,95,8.68,15.7,4,4.24,0,False,628.0,257,62.5,0,Low,High User
1983,SC,114,510,364-9425,no,yes,4,141.3,96,24.02,230.4,88,19.58,223.7,85,10.07,9.4,3,2.54,3,False,604.8000000000001,272,56.209999999999994,0,Medium,High User
1984,TN,112,415,339-6477,no,no,0,272.5,119,46.33,226.1,94,19.22,159.1,94,7.16,16.4,5,4.43,3,True,674.1,312,77.13999999999999,1,Medium,High User
1985,MT,101,408,362-2787,no,yes,16,118.9,112,20.21,228.3,97,19.41,180.1,111,8.1,8.2,5,2.21,2,False,535.5000000000001,325,49.93000000000001,0,Medium,Medium User
1986,WI,70,415,405-9233,no,no,0,7.9,100,1.34,136.4,83,11.59,156.6,89,7.05,12.1,1,3.27,0,False,313.0,273,23.25,0,Low,Low User
1987,AK,59,408,416-1845,no,no,0,159.5,96,27.12,167.2,123,14.21,138.6,106,6.24,10.2,4,2.75,0,False,475.49999999999994,329,50.32,0,Low,Low User
1988,AZ,59,408,385-9657,no,no,0,150.2,70,25.53,185.7,98,15.78,212.5,128,9.56,12.1,2,3.27,1,False,560.5,298,54.14000000000001,0,Low,Medium User
1989,MT,124,415,420-5652,no,yes,30,144.5,35,24.57,262.3,101,22.3,226.5,82,10.19,12.0,7,3.24,2,False,645.3,225,60.300000000000004,0,Medium,High User
1990,DE,99,415,415-1141,no,no,0,140.7,88,23.92,210.9,98,17.93,229.9,125,10.35,12.4,4,3.35,2,False,593.9,315,55.550000000000004,0,Medium,Medium User
1991,VA,150,510,334-5634,no,no,0,169.2,123,28.76,216.8,83,18.43,179.4,107,8.07,12.6,3,3.4,1,False,578.0,316,58.66,0,Low,Medium User
1992,MA,81,510,403-4200,no,no,0,220.8,77,37.54,148.5,87,12.62,183.9,100,8.28,7.6,3,2.05,2,False,560.8000000000001,267,60.489999999999995,0,Medium,Medium User
1993,IN,86,510,357-7893,no,no,0,216.3,96,36.77,266.3,77,22.64,214.0,110,9.63,4.5,3,1.22,0,False,701.1,286,70.26,0,Low,High User
1994,MD,84,510,369-2899,no,no,0,169.5,96,28.82,157.6,94,13.4,98.2,70,4.42,10.6,7,2.86,0,False,435.90000000000003,267,49.5,0,Low,Low User
1995,NV,118,510,381-1026,no,yes,35,256.3,119,43.57,258.1,91,21.94,215.5,130,9.7,11.7,1,3.16,1,False,741.6000000000001,341,78.37,0,Low,High User
1996,CO,89,415,388-8722,no,no,0,179.7,128,30.55,299.8,92,25.48,185.3,120,8.34,7.6,3,2.05,1,False,672.4,343,66.42,0,Low,High User
1997,KS,93,415,418-3135,no,no,0,266.0,120,45.22,130.1,84,11.06,165.8,63,7.46,13.1,6,3.54,3,False,575.0000000000001,273,67.28,0,Medium,Medium User
1998,AR,85,415,380-3974,no,no,0,96.7,97,16.44,193.8,95,16.47,171.7,88,7.73,9.7,3,2.62,2,False,471.9,283,43.26,0,Medium,Low User
1999,WY,160,408,338-7232,no,no,0,82.7,116,14.06,194.6,95,16.54,159.0,54,7.15,10.9,9,2.94,0,False,447.2,274,40.69,0,Low,Low User
2000,PA,28,415,334-5223,no,no,0,168.2,87,28.59,161.7,92,13.74,192.4,112,8.66,10.1,3,2.73,3,False,532.4,294,53.71999999999999,0,Medium,Medium User
2001,TX,73,408,340-8323,no,no,0,286.4,109,48.69,178.2,67,15.15,214.2,152,9.64,10.7,14,2.89,1,True,689.5,342,76.36999999999999,1,Low,High User
2002,NY,156,408,337-6851,no,no,0,174.3,95,29.63,186.6,128,15.86,258.2,105,11.62,12.9,5,3.48,3,False,631.9999999999999,333,60.58999999999999,0,Medium,High User
2003,OR,33,415,344-5973,yes,no,0,190.6,100,32.4,161.7,104,13.74,189.9,136,8.55,13.0,6,3.51,1,False,555.1999999999999,346,58.199999999999996,0,Low,Medium User
2004,CA,77,510,335-2261,no,no,0,175.5,86,29.84,205.1,78,17.43,245.2,100,11.03,17.8,3,4.81,4,False,643.5999999999999,267,63.11,0,High,High User
2005,NY,119,415,343-1458,no,no,0,133.4,102,22.68,204.6,71,17.39,196.9,103,8.86,11.1,7,3.0,1,False,546.0,283,51.93,0,Low,Medium User
2006,AR,91,510,415-4875,no,yes,27,204.6,96,34.78,136.0,93,11.56,210.5,82,9.47,6.6,2,1.78,3,False,557.7,273,57.59,0,Medium,Medium User
2007,MI,102,510,381-2726,no,no,0,242.2,88,41.17,233.2,89,19.82,188.5,121,8.48,6.2,6,1.67,3,False,670.1,304,71.14,0,Medium,High User
2008,OK,86,415,395-3852,no,yes,33,253.1,112,43.03,210.1,94,17.86,95.0,98,4.27,11.9,4,3.21,3,False,570.1,308,68.36999999999999,0,Medium,Medium User
2009,TX,82,415,358-7914,no,no,0,130.0,110,22.1,185.3,88,15.75,178.7,105,8.04,8.3,4,2.24,0,False,502.3,307,48.13,0,Low,Medium User
2010,NC,89,408,332-6958,no,no,0,105.9,151,18.0,189.6,142,16.12,170.9,67,7.69,12.7,7,3.43,0,False,479.09999999999997,367,45.24,0,Low,Low User
2011,ID,86,415,355-1019,no,no,0,194.2,98,33.01,193.8,95,16.47,192.0,123,8.64,9.3,7,2.51,3,False,589.3,323,60.629999999999995,0,Medium,Medium User
2012,IL,134,408,382-9447,no,no,0,183.8,111,31.25,123.5,92,10.5,160.7,105,7.23,6.1,2,1.65,1,False,474.1,310,50.63,0,Low,Low User
2013,OR,92,415,386-8536,no,no,0,196.5,82,33.41,190.0,89,16.15,163.2,99,7.34,10.8,2,2.92,2,False,560.5,272,59.81999999999999,0,Medium,Medium User
2014,SD,87,510,363-3818,no,no,0,184.5,81,31.37,172.0,103,14.62,183.4,96,8.25,13.7,3,3.7,3,False,553.6,283,57.940000000000005,0,Medium,Medium User
2015,NE,64,408,360-6416,no,no,0,261.9,113,44.52,148.1,99,12.59,145.2,74,6.53,13.8,4,3.73,0,False,569.0,290,67.37,0,Low,Medium User
2016,RI,80,510,332-8764,no,no,0,202.4,118,34.41,260.2,67,22.12,177.4,112,7.98,9.2,5,2.48,3,False,649.2,302,66.99000000000001,0,Medium,High User
2017,MD,165,415,398-4814,no,yes,39,167.4,113,28.46,172.7,94,14.68,192.6,113,8.67,9.5,4,2.57,3,False,542.2,324,54.38,0,Medium,Medium User
2018,ID,153,415,410-5963,no,yes,22,167.7,104,28.51,246.8,91,20.98,203.9,117,9.18,7.5,11,2.03,1,False,625.9,323,60.7,0,Low,High User
2019,ME,41,415,399-6642,no,yes,30,191.7,109,32.59,193.0,86,16.41,149.4,93,6.72,11.1,4,3.0,1,False,545.2,292,58.72,0,Low,Medium User
2020,SD,108,415,390-9986,no,no,0,240.2,78,40.83,230.3,109,19.58,217.0,83,9.76,5.2,1,1.4,2,False,692.7,271,71.57000000000001,0,Medium,High User
2021,NY,104,415,391-1793,no,yes,26,189.1,112,32.15,178.2,97,15.15,199.3,104,8.97,11.1,4,3.0,1,False,577.6999999999999,317,59.269999999999996,0,Low,Medium User
2022,DE,115,408,352-5542,no,no,0,127.7,67,21.71,182.9,90,15.55,172.9,92,7.78,10.6,7,2.86,1,False,494.1,256,47.900000000000006,0,Low,Low User
2023,OK,87,415,386-8118,no,no,0,205.2,106,34.88,99.5,122,8.46,189.5,75,8.53,13.4,3,3.62,1,False,507.59999999999997,306,55.49,0,Low,Medium User
2024,SC,159,415,394-9825,no,yes,23,153.6,93,26.11,216.9,88,18.44,161.3,91,7.26,12.6,3,3.4,2,False,544.4,275,55.209999999999994,0,Medium,Medium User
2025,IN,119,510,382-4952,no,no,0,154.5,129,26.27,193.6,87,16.46,180.9,145,8.14,13.4,3,3.62,2,False,542.4,364,54.49,0,Medium,Medium User
2026,NV,69,415,387-2698,no,no,0,153.7,109,26.13,194.0,105,16.49,256.1,114,11.52,14.1,6,3.81,1,False,617.9,334,57.95,0,Low,High User
2027,IL,87,408,417-1360,yes,yes,36,171.2,138,29.1,185.8,102,15.79,227.6,97,10.24,10.8,3,2.92,1,False,595.4,340,58.050000000000004,0,Low,Medium User
2028,SD,93,510,408-4836,no,no,0,328.1,106,55.78,151.7,89,12.89,303.5,114,13.66,8.7,3,2.35,1,True,792.0,312,84.67999999999999,1,Low,High User
2029,OK,154,415,374-8329,yes,no,0,145.9,69,24.8,208.2,141,17.7,180.9,106,8.14,14.4,10,3.89,0,True,549.4,326,54.53,1,Low,Medium User
2030,KS,57,415,363-8424,no,yes,37,201.2,76,34.2,280.1,122,23.81,154.2,110,6.94,11.8,1,3.19,1,False,647.3,309,68.14,0,Low,High User
2031,IA,130,510,408-8910,no,no,0,139.1,72,23.65,246.0,112,20.91,207.2,121,9.32,11.4,9,3.08,5,False,603.6999999999999,314,56.96,0,High,High User
2032,NJ,151,415,399-3840,no,no,0,118.9,128,20.21,278.3,65,23.66,194.8,61,8.77,13.2,10,3.56,2,False,605.2,264,56.2,0,Medium,High User
2033,NJ,162,408,367-8692,no,no,0,217.6,87,36.99,279.0,71,23.72,250.7,65,11.28,10.4,4,2.81,2,True,757.6999999999999,227,74.8,1,Medium,High User
2034,MT,60,415,387-4504,no,no,0,145.0,133,24.65,209.1,92,17.77,328.5,112,14.78,14.6,2,3.94,1,False,697.2,339,61.14,0,Low,High User
2035,IA,81,510,328-2647,no,no,0,203.5,89,34.6,289.6,69,24.62,212.9,71,9.58,8.7,3,2.35,3,False,714.7,232,71.14999999999999,0,Medium,High User
2036,WA,132,415,369-7903,no,no,0,240.1,115,40.82,180.4,91,15.33,133.4,122,6.0,8.0,6,2.16,3,False,561.9,334,64.31,0,Medium,Medium User
2037,NE,86,408,399-6852,no,no,0,83.8,121,14.25,240.2,96,20.42,158.6,108,7.14,6.7,8,1.81,1,False,489.3,333,43.620000000000005,0,Low,Low User
2038,TX,136,408,335-4888,no,no,0,269.8,106,45.87,228.8,101,19.45,257.5,106,11.59,10.1,8,2.73,1,True,766.2,321,79.64,1,Low,High User
2039,MS,121,415,344-2260,no,yes,21,126.3,84,21.47,209.6,102,17.82,192.5,129,8.66,10.6,2,2.86,1,False,539.0,317,50.81,0,Low,Medium User
2040,IA,105,510,349-4070,no,yes,15,88.1,125,14.98,175.9,142,14.95,269.9,85,12.15,9.7,1,2.62,2,False,543.6,353,44.699999999999996,0,Medium,Medium User
2041,WI,105,415,394-6505,no,yes,34,218.5,61,37.15,196.7,74,16.72,151.1,103,6.8,9.9,4,2.67,2,False,576.1999999999999,242,63.339999999999996,0,Medium,Medium User
2042,MT,51,415,419-3612,no,yes,26,236.8,61,40.26,263.4,97,22.39,181.1,91,8.15,11.2,8,3.02,1,False,692.5,257,73.82,0,Low,High User
2043,GA,64,408,356-1952,no,no,0,124.1,117,21.1,192.8,108,16.39,162.9,84,7.33,6.4,5,1.73,3,False,486.19999999999993,314,46.55,0,Medium,Low User
2044,MT,80,510,416-7866,yes,yes,30,184.2,132,31.31,167.5,109,14.24,212.8,114,9.58,10.0,10,2.7,0,False,574.5,365,57.83,0,Low,Medium User
2045,ND,56,415,398-1759,no,no,0,222.7,133,37.86,277.0,89,23.55,101.8,94,4.58,13.6,4,3.67,4,False,615.1,320,69.66,0,High,High User
2046,VT,120,415,338-9950,no,no,0,149.2,98,25.36,193.6,88,16.46,248.9,119,11.2,11.1,5,3.0,1,False,602.8,310,56.019999999999996,0,Low,High User
2047,SD,103,510,412-7278,no,no,0,206.5,125,35.11,180.2,113,15.32,220.6,95,9.93,12.2,4,3.29,3,False,619.5,337,63.65,0,Medium,High User
2048,OH,164,510,347-1263,no,yes,27,159.7,102,27.15,168.8,113,14.35,244.1,127,10.98,9.6,9,2.59,3,False,582.2,351,55.07000000000001,0,Medium,Medium User
2049,OH,116,415,386-5684,no,yes,27,204.7,118,34.8,209.4,91,17.8,212.9,67,9.58,7.0,2,1.89,2,False,634.0,278,64.07,0,Medium,High User
2050,MT,121,408,334-4354,no,no,0,213.2,79,36.24,120.7,116,10.26,244.4,102,11.0,7.5,4,2.03,1,False,585.8,301,59.53,0,Low,Medium User
2051,IL,55,415,398-5970,yes,no,0,269.6,121,45.83,171.7,91,14.59,219.0,98,9.86,8.2,6,2.21,1,False,668.5,316,72.49,0,Low,High User
2052,NV,183,415,330-3429,no,no,0,116.7,92,19.84,213.8,112,18.17,214.3,112,9.64,9.7,6,2.62,2,False,554.5,322,50.27,0,Medium,Medium User
2053,UT,104,408,418-4637,no,no,0,263.4,101,44.78,235.5,117,20.02,102.0,146,4.59,13.0,4,3.51,0,False,613.9,368,72.9,0,Low,High User
2054,NH,90,408,393-7322,no,no,0,140.2,97,23.83,213.9,102,18.18,120.0,126,5.4,7.1,2,1.92,1,False,481.20000000000005,327,49.33,0,Low,Low User
2055,LA,82,415,353-5557,no,no,0,197.7,101,33.61,127.6,83,10.85,142.1,103,6.39,13.5,3,3.65,1,False,480.9,290,54.5,0,Low,Low User
2056,VT,101,415,411-5334,no,no,0,136.2,92,23.15,220.9,110,18.78,196.9,116,8.86,13.3,7,3.59,3,False,567.3,325,54.379999999999995,0,Medium,Medium User
2057,NY,9,415,398-8588,no,yes,16,88.5,87,15.05,178.8,108,15.2,228.7,96,10.29,11.5,3,3.11,2,False,507.5,294,43.65,0,Medium,Medium User
2058,CT,97,415,374-7285,no,no,0,215.3,58,36.6,242.4,91,20.6,279.8,105,12.59,12.1,9,3.27,0,False,749.6,263,73.06,0,Low,High User
2059,KS,94,408,379-7215,no,no,0,269.2,104,45.76,193.8,144,16.47,257.6,61,11.59,8.9,2,2.4,3,True,729.5,311,76.22,1,Medium,High User
2060,MI,127,510,357-7875,no,yes,25,203.8,118,34.65,267.1,48,22.7,225.1,105,10.13,7.3,5,1.97,0,False,703.3,276,69.44999999999999,0,Low,High User
2061,SD,125,510,393-9677,no,yes,34,268.4,112,45.63,222.2,108,18.89,117.6,102,5.29,10.3,3,2.78,0,False,618.4999999999999,325,72.59000000000002,0,Low,High User
2062,ME,140,415,345-9598,no,no,0,159.1,104,27.05,269.8,106,22.93,220.4,116,9.92,10.3,4,2.78,1,False,659.5999999999999,330,62.68000000000001,0,Low,High User
2063,MD,90,415,353-3203,no,no,0,114.4,122,19.45,127.7,154,10.85,253.1,109,11.39,10.1,5,2.73,2,False,505.30000000000007,390,44.419999999999995,0,Medium,Medium User
2064,VA,67,415,330-7486,no,no,0,138.9,65,23.61,208.9,109,17.76,232.4,82,10.46,9.2,3,2.48,2,False,589.4000000000001,259,54.31,0,Medium,Medium User
2065,NJ,113,415,397-6425,no,no,0,186.0,55,31.62,237.4,105,20.18,148.1,83,6.66,12.2,6,3.29,1,False,583.7,249,61.74999999999999,0,Low,Medium User
2066,TN,121,510,338-1815,no,yes,26,170.4,91,28.97,254.5,90,21.63,219.6,122,9.88,15.1,5,4.08,0,False,659.6,308,64.56,0,Low,High User
2067,DC,93,408,406-5023,no,no,0,164.5,95,27.97,230.9,87,19.63,149.9,91,6.75,9.9,3,2.67,4,False,555.1999999999999,276,57.019999999999996,0,High,Medium User
2068,DC,121,408,368-2458,no,no,0,168.6,121,28.66,168.6,94,14.33,95.3,59,4.29,12.3,4,3.32,1,False,444.8,278,50.6,0,Low,Low User
2069,OR,53,408,400-8375,no,no,0,261.2,119,44.4,250.8,105,21.32,176.0,112,7.92,9.8,2,2.65,0,True,697.8,338,76.29,1,Low,High User
2070,RI,75,415,387-8201,no,no,0,190.5,91,32.39,178.4,75,15.16,162.4,113,7.31,13.1,5,3.54,1,False,544.4,284,58.4,0,Low,Medium User
2071,AK,132,510,346-4360,no,no,0,181.1,121,30.79,314.4,109,26.72,246.7,81,11.1,4.2,9,1.13,2,False,746.4000000000001,320,69.74,0,Medium,High User
2072,WI,162,408,412-8811,no,no,0,177.1,131,30.11,114.7,122,9.75,153.6,88,6.91,6.5,6,1.76,3,False,451.9,347,48.529999999999994,0,Medium,Low User
2073,IN,140,415,413-3990,no,no,0,160.5,114,27.29,240.5,103,20.44,233.5,121,10.51,11.3,4,3.05,1,False,645.8,342,61.29,0,Low,High User
2074,MI,91,408,345-2448,no,no,0,134.7,116,22.9,295.3,98,25.1,195.5,121,8.8,6.6,5,1.78,2,False,632.1,340,58.58,0,Medium,High User
2075,ID,73,510,394-4512,no,yes,28,198.2,107,33.69,139.1,123,11.82,199.1,139,8.96,8.8,1,2.38,2,False,545.1999999999999,370,56.85,0,Medium,Medium User
2076,NH,95,408,400-8538,yes,no,0,228.9,134,38.91,255.7,71,21.73,208.0,120,9.36,10.1,2,2.73,4,True,702.7,327,72.73,1,High,High User
2077,MN,145,408,412-8769,no,no,0,241.7,137,41.09,135.8,100,11.54,277.6,123,12.49,13.1,3,3.54,0,False,668.2,363,68.66000000000001,0,Low,High User
2078,AZ,100,415,390-1552,no,no,0,131.1,108,22.29,176.2,81,14.98,89.7,81,4.04,4.3,4,1.16,1,False,401.29999999999995,274,42.46999999999999,0,Low,Low User
2079,MN,122,415,389-2477,no,no,0,234.1,101,39.8,200.2,121,17.02,237.4,89,10.68,13.1,9,3.54,2,False,684.8,320,71.04,0,Medium,High User
2080,MO,109,415,389-4695,no,no,0,200.1,72,34.02,300.9,120,25.58,236.0,68,10.62,11.9,5,3.21,0,False,748.9,265,73.42999999999999,0,Low,High User
2081,AL,82,408,406-8037,no,no,0,154.0,107,26.18,94.4,114,8.02,287.6,95,12.94,10.1,7,2.73,1,False,546.1,323,49.87,0,Low,Medium User
2082,PA,65,415,382-9138,no,yes,23,224.2,106,38.11,189.6,100,16.12,222.8,75,10.03,9.8,4,2.65,0,False,646.3999999999999,285,66.91000000000001,0,Low,High User
2083,AK,52,510,414-7942,no,no,0,148.3,83,25.21,181.6,79,15.44,155.6,104,7.0,8.3,6,2.24,3,False,493.8,272,49.89,0,Medium,Low User
2084,MS,136,415,348-7071,no,yes,24,174.6,76,29.68,176.6,114,15.01,214.4,91,9.65,8.8,5,2.38,2,False,574.4,286,56.72,0,Medium,Medium User
2085,IA,75,415,404-2942,no,no,0,138.5,110,23.55,153.2,86,13.02,215.6,103,9.7,11.1,7,3.0,1,False,518.4,306,49.269999999999996,0,Low,Medium User
2086,WY,146,408,348-3581,no,no,0,109.0,69,18.53,265.8,98,22.59,228.3,80,10.27,12.6,2,3.4,1,False,615.7,249,54.79,0,Low,High User
2087,NE,105,408,327-6764,no,no,0,162.3,99,27.59,212.5,95,18.06,214.7,114,9.66,11.1,8,3.0,4,False,600.6,316,58.31,0,High,High User
2088,ND,48,415,405-2831,no,no,0,210.8,84,35.84,189.6,98,16.12,157.6,99,7.09,16.4,3,4.43,2,False,574.4,284,63.48000000000001,0,Medium,Medium User
2089,CT,45,415,416-4351,no,no,0,142.4,107,24.21,318.7,78,27.09,224.1,108,10.08,11.1,7,3.0,1,False,696.3000000000001,300,64.38,0,Low,High User
2090,NC,106,415,419-3196,no,yes,37,223.5,104,38.0,235.1,99,19.98,140.1,90,6.3,10.6,5,2.86,2,False,609.3000000000001,298,67.14,0,Medium,High User
2091,CT,33,510,411-6211,no,no,0,182.5,65,31.03,232.1,96,19.73,149.2,82,6.71,7.5,2,2.03,2,False,571.3,245,59.50000000000001,0,Medium,Medium User
2092,ND,68,408,391-8369,no,no,0,219.6,97,37.33,141.1,144,11.99,205.7,101,9.26,10.8,4,2.92,2,False,577.1999999999999,346,61.5,0,Medium,Medium User
2093,WA,106,408,416-4464,no,no,0,193.6,66,32.91,238.2,82,20.25,176.4,107,7.94,12.9,3,3.48,0,False,621.0999999999999,258,64.58,0,Low,High User
2094,NV,141,415,347-1814,no,no,0,192.4,111,32.71,156.9,87,13.34,175.8,82,7.91,11.0,6,2.97,0,False,536.1,286,56.92999999999999,0,Low,Medium User
2095,CO,98,408,386-7337,no,no,0,236.2,122,40.15,189.4,110,16.1,153.6,104,6.91,13.3,4,3.59,0,False,592.5,340,66.75,0,Low,Medium User
2096,KS,94,510,375-8505,no,yes,28,233.2,88,39.64,113.3,102,9.63,118.0,71,5.31,16.1,4,4.35,0,False,480.6,265,58.93000000000001,0,Low,Low User
2097,CO,65,510,407-5056,no,no,0,158.8,53,27.0,188.5,132,16.02,189.3,87,8.52,9.8,4,2.65,2,False,546.4,276,54.18999999999999,0,Medium,Medium User
2098,MO,85,415,367-8924,no,no,0,126.1,112,21.44,274.7,126,23.35,184.4,95,8.3,9.8,4,2.65,1,False,594.9999999999999,337,55.74,0,Low,Medium User
2099,MA,71,510,419-5171,no,no,0,290.4,108,49.37,253.9,92,21.58,263.3,126,11.85,10.1,5,2.73,3,True,817.6999999999999,331,85.52999999999999,1,Medium,High User
2100,NY,112,408,396-7687,no,yes,30,60.6,113,10.3,165.9,96,14.1,132.8,99,5.98,13.3,7,3.59,0,False,372.6,315,33.97,0,Low,Low User
2101,AK,110,415,394-4548,no,no,0,148.4,95,25.23,193.8,98,16.47,206.0,106,9.27,6.9,6,1.86,0,False,555.1,305,52.83,0,Low,Medium User
2102,WI,111,415,382-6438,no,no,0,246.5,108,41.91,216.3,89,18.39,179.6,99,8.08,12.7,3,3.43,2,False,655.1,299,71.81,0,Medium,High User
2103,NH,74,408,413-2194,no,no,0,298.1,112,50.68,201.3,100,17.11,214.7,88,9.66,9.7,4,2.62,2,True,723.8000000000001,304,80.07,1,Medium,High User
2104,TN,105,510,366-2622,no,no,0,119.3,82,20.28,185.1,111,15.73,157.0,74,7.07,10.9,4,2.94,2,False,472.29999999999995,271,46.02,0,Medium,Low User
2105,NY,40,408,416-7591,no,no,0,242.5,82,41.23,232.9,97,19.8,154.0,86,6.93,9.6,7,2.59,0,False,639.0,272,70.55000000000001,0,Low,High User
2106,GA,128,408,355-2634,yes,yes,18,222.1,89,37.76,160.6,109,13.65,218.8,102,9.85,13.6,2,3.67,0,True,615.1,302,64.92999999999999,1,Low,High User
2107,MN,123,408,422-5350,no,no,0,236.2,135,40.15,273.9,88,23.28,227.0,77,10.22,10.1,6,2.73,2,True,747.1999999999999,306,76.38000000000001,1,Medium,High User
2108,MI,122,510,329-2388,no,no,0,144.2,87,24.51,212.2,74,18.04,169.3,87,7.62,9.5,4,2.57,0,False,535.2,252,52.739999999999995,0,Low,Medium User
2109,ID,114,408,381-5273,no,yes,19,154.6,100,26.28,241.6,109,20.54,160.0,112,7.2,12.6,1,3.4,3,False,568.8000000000001,322,57.42,0,Medium,Medium User
2110,CT,102,415,421-6694,no,yes,25,137.4,100,23.36,176.7,83,15.02,188.2,93,8.47,10.2,6,2.75,2,False,512.5,282,49.599999999999994,0,Medium,Medium User
2111,NC,126,415,342-1702,no,no,0,103.7,93,17.63,127.0,107,10.8,329.3,66,14.82,14.4,1,3.89,0,False,574.4,267,47.14,0,Low,Medium User
2112,LA,150,415,381-4029,no,no,0,136.6,112,23.22,209.4,81,17.8,161.1,78,7.25,12.2,2,3.29,4,True,519.3000000000001,273,51.559999999999995,1,High,Medium User
2113,NJ,60,408,335-2967,no,no,0,289.8,101,49.27,255.6,115,21.73,242.8,76,10.93,11.7,4,3.16,2,True,799.9000000000001,296,85.09,1,Medium,High User
2114,TX,123,408,416-6594,no,no,0,260.9,85,44.35,168.5,103,14.32,178.3,91,8.02,13.3,5,3.59,3,False,621.0,284,70.28,0,Medium,High User
2115,CA,138,510,388-6026,yes,no,0,196.2,129,33.35,176.5,86,15.0,232.4,108,10.46,15.2,1,4.1,0,True,620.3000000000001,324,62.910000000000004,1,Low,High User
2116,MD,29,510,367-1024,no,no,0,195.6,71,33.25,126.4,74,10.74,148.6,87,6.69,14.2,4,3.83,1,False,484.8,236,54.51,0,Low,Low User
2117,WY,111,415,386-7118,no,no,0,222.2,96,37.77,162.5,111,13.81,184.9,120,8.32,11.9,7,3.21,4,False,581.5,334,63.11000000000001,0,High,Medium User
2118,TX,37,510,346-2020,yes,no,0,172.9,119,29.39,183.0,86,15.56,226.4,100,10.19,9.8,1,2.65,0,True,592.0999999999999,306,57.79,1,Low,Medium User
2119,CA,111,408,329-9067,no,no,0,249.8,109,42.47,242.4,106,20.6,231.8,78,10.43,11.6,4,3.13,0,True,735.6,297,76.63,1,Low,High User
2120,UT,81,510,329-6144,no,no,0,154.5,84,26.27,216.2,91,18.38,229.8,82,10.34,13.7,3,3.7,1,False,614.2,260,58.69,0,Low,High User
2121,WA,46,510,332-1502,no,no,0,90.4,108,15.37,276.2,77,23.48,146.5,111,6.59,12.7,2,3.43,1,False,525.8000000000001,298,48.87,0,Low,Medium User
2122,MS,69,510,342-8320,no,yes,27,268.8,78,45.7,246.6,89,20.96,271.9,102,12.24,16.4,3,4.43,0,False,803.6999999999999,272,83.32999999999998,0,Low,High User
2123,OH,125,408,411-5748,no,no,0,106.1,95,18.04,157.6,113,13.4,192.5,69,8.66,8.1,3,2.19,1,False,464.3,280,42.28999999999999,0,Low,Low User
2124,KS,43,415,381-9367,no,no,0,27.0,117,4.59,160.9,97,13.68,279.5,96,12.58,10.7,3,2.89,3,False,478.09999999999997,313,33.74,0,Medium,Low User
2125,RI,127,415,400-1280,no,yes,27,140.1,59,23.82,223.4,111,18.99,257.9,73,11.61,3.8,10,1.03,1,False,625.1999999999999,253,55.45,0,Low,High User
2126,IN,94,510,360-5794,no,no,0,245.0,112,41.65,180.4,91,15.33,262.9,105,11.83,9.7,6,2.62,1,False,698.0,314,71.43,0,Low,High User
2127,VT,46,408,373-3538,no,no,0,196.7,85,33.44,205.9,74,17.5,216.6,112,9.75,11.2,5,3.02,3,False,630.4000000000001,276,63.71,0,Medium,High User
2128,MT,73,408,394-9942,no,yes,26,131.2,98,22.3,106.5,97,9.05,221.7,96,9.98,10.2,6,2.75,2,False,469.59999999999997,297,44.08,0,Medium,Low User
2129,CT,146,408,380-3329,no,yes,23,149.6,96,25.43,239.8,124,20.38,293.5,135,13.21,7.4,4,2.0,2,False,690.3,359,61.02,0,Medium,High User
2130,NM,93,415,334-7618,no,no,0,239.8,70,40.77,251.8,99,21.4,168.6,112,7.59,10.9,10,2.94,1,False,671.1,291,72.7,0,Low,High User
2131,OH,52,408,327-9289,no,yes,31,142.1,77,24.16,193.0,97,16.41,253.4,88,11.4,11.0,4,2.97,1,False,599.5,266,54.94,0,Low,Medium User
2132,GA,202,510,351-2589,no,no,0,115.4,137,19.62,178.7,70,15.19,185.7,113,8.36,6.0,3,1.62,3,False,485.8,323,44.79,0,Medium,Low User
2133,MN,129,510,368-6892,no,yes,31,193.0,99,32.81,224.8,87,19.11,197.6,91,8.89,10.3,8,2.78,2,False,625.6999999999999,285,63.59,0,Medium,High User
2134,CT,94,415,337-9303,no,no,0,206.1,49,35.04,224.6,115,19.09,256.7,74,11.55,13.0,1,3.51,1,False,700.4,239,69.19,0,Low,High User
2135,AL,100,415,377-5258,no,no,0,160.3,138,27.25,221.3,92,18.81,150.4,120,6.77,11.2,2,3.02,0,False,543.2,352,55.85,0,Low,Medium User
2136,WV,43,415,348-5767,no,no,0,199.9,108,33.98,288.4,80,24.51,180.6,103,8.13,11.3,7,3.05,1,False,680.1999999999999,298,69.66999999999999,0,Low,High User
2137,NH,130,415,373-3549,no,no,0,213.1,105,36.23,206.2,108,17.53,163.4,93,7.35,8.9,3,2.4,0,False,591.5999999999999,309,63.51,0,Low,Medium User
2138,WY,124,415,422-8344,no,no,0,178.3,102,30.31,235.0,120,19.98,239.7,119,10.79,10.9,1,2.94,3,False,663.9,342,64.02,0,Medium,High User
2139,VA,92,510,411-2958,yes,no,0,252.3,120,42.89,207.0,112,17.6,284.6,95,12.81,12.0,5,3.24,3,True,755.9000000000001,332,76.53999999999999,1,Medium,High User
2140,VT,48,415,384-2908,no,no,0,197.7,64,33.61,136.7,126,11.62,244.4,81,11.0,13.2,5,3.56,4,False,592.0,276,59.79,0,High,Medium User
2141,OH,98,510,347-6393,no,yes,29,111.1,105,18.89,217.9,101,18.52,248.1,108,11.16,6.6,3,1.78,2,False,583.7,317,50.349999999999994,0,Medium,Medium User
2142,MT,100,415,385-7148,no,no,0,96.5,86,16.41,210.2,133,17.87,146.4,106,6.59,12.5,3,3.38,1,True,465.6,328,44.25000000000001,1,Low,Low User
2143,MA,79,415,419-2767,no,no,0,156.9,109,26.67,122.2,87,10.39,189.1,103,8.51,11.3,5,3.05,3,False,479.50000000000006,304,48.62,0,Medium,Low User
2144,VA,164,415,375-1746,no,no,0,123.3,78,20.96,170.0,85,14.45,165.9,78,7.47,12.7,2,3.43,1,False,471.90000000000003,243,46.309999999999995,0,Low,Low User
2145,NM,105,415,362-7870,no,no,0,193.7,108,32.93,183.2,124,15.57,293.7,72,13.22,10.8,5,2.92,1,False,681.3999999999999,309,64.64,0,Low,High User
2146,AR,89,408,410-3725,yes,no,0,206.9,134,35.17,167.7,105,14.25,155.7,86,7.01,10.9,4,2.94,0,False,541.1999999999999,329,59.37,0,Low,Medium User
2147,NE,126,415,387-1535,no,no,0,249.8,96,42.47,261.9,92,22.26,166.8,108,7.51,12.7,4,3.43,3,True,691.2,300,75.67000000000002,1,Medium,High User
2148,WY,96,408,329-2045,no,no,0,144.0,102,24.48,224.7,73,19.1,227.7,91,10.25,10.0,7,2.7,1,False,606.4,273,56.53,0,Low,High User
2149,IA,120,415,341-6743,no,yes,33,299.5,83,50.92,163.4,84,13.89,146.7,88,6.6,11.6,5,3.13,0,False,621.1999999999999,260,74.53999999999999,0,Low,High User
2150,SC,212,415,336-8343,no,no,0,226.0,127,38.42,304.6,83,25.89,181.2,132,8.15,12.6,4,3.4,2,True,724.4,346,75.86000000000001,1,Medium,High User
2151,NC,72,415,368-5758,no,no,0,137.6,106,23.39,143.5,94,12.2,273.7,110,12.32,9.6,6,2.59,2,False,564.4,316,50.5,0,Medium,Medium User
2152,HI,155,415,346-8362,yes,yes,26,211.7,121,35.99,139.2,123,11.83,146.7,89,6.6,11.1,3,3.0,1,False,508.7,336,57.42,0,Low,Medium User
2153,UT,89,415,345-9690,no,no,0,89.7,80,15.25,179.8,81,15.28,145.7,120,6.56,9.5,4,2.57,2,False,424.7,285,39.660000000000004,0,Medium,Low User
2154,WY,126,408,339-9798,yes,no,0,197.6,126,33.59,246.5,112,20.95,285.3,104,12.84,12.5,8,3.38,2,False,741.9000000000001,350,70.76,0,Medium,High User
2155,AL,172,408,359-5731,no,no,0,270.0,102,45.9,256.6,111,21.81,168.5,104,7.58,12.0,5,3.24,2,True,707.1,322,78.52999999999999,1,Medium,High User
2156,VA,75,415,373-2091,no,no,0,224.7,116,38.2,192.0,79,16.32,212.2,98,9.55,11.3,11,3.05,3,False,640.1999999999999,304,67.12,0,Medium,High User
2157,WI,143,510,367-3439,no,no,0,194.3,99,33.03,123.6,133,10.51,229.5,99,10.33,10.2,2,2.75,2,False,557.6,333,56.62,0,Medium,Medium User
2158,FL,166,510,367-1681,yes,no,0,47.7,89,8.11,264.4,95,22.47,235.2,97,10.58,13.2,3,3.56,0,True,560.5,284,44.72,1,Low,Medium User
2159,KS,132,415,420-9973,no,no,0,190.1,105,32.32,182.2,116,15.49,279.8,105,12.59,13.0,2,3.51,1,False,665.0999999999999,328,63.910000000000004,0,Low,High User
2160,NV,94,408,351-4025,yes,no,0,89.5,94,15.22,339.9,106,28.89,172.9,76,7.78,7.9,1,2.13,1,True,610.1999999999999,277,54.02,1,Low,High User
2161,NY,99,415,393-5897,no,no,0,182.6,83,31.04,154.5,111,13.13,196.0,57,8.82,12.1,5,3.27,0,False,545.2,256,56.260000000000005,0,Low,Medium User
2162,VA,136,415,384-7216,no,yes,35,205.5,86,34.94,298.5,119,25.37,214.2,104,9.64,6.9,4,1.86,1,False,725.1,313,71.81,0,Low,High User
2163,KS,119,415,384-4595,no,no,0,231.5,82,39.36,266.9,97,22.69,211.0,118,9.49,7.4,10,2.0,1,False,716.8,307,73.53999999999999,0,Low,High User
2164,NC,115,510,329-9667,yes,no,0,251.3,69,42.72,252.5,96,21.46,118.3,112,5.32,9.9,1,2.67,3,True,632.0,278,72.17,1,Medium,High User
2165,MO,160,415,347-5063,no,no,0,171.2,103,29.1,243.5,121,20.7,178.2,92,8.02,13.0,3,3.51,2,False,605.9,319,61.32999999999999,0,Medium,High User
2166,ND,166,510,345-8433,no,no,0,197.9,89,33.64,251.0,113,21.34,138.3,85,6.22,11.2,2,3.02,2,False,598.4000000000001,289,64.22,0,Medium,Medium User
2167,CA,120,510,339-7602,no,no,0,134.8,94,22.92,204.1,106,17.35,238.4,109,10.73,6.7,8,1.81,1,False,584.0,317,52.81,0,Low,Medium User
2168,WV,173,415,332-1109,no,no,0,191.4,114,32.54,168.5,138,14.32,109.3,99,4.92,10.3,3,2.78,1,False,479.5,354,54.56,0,Low,Low User
2169,IL,156,415,343-3296,no,no,0,174.5,65,29.67,197.4,116,16.78,238.5,86,10.73,10.6,2,2.86,0,False,621.0,269,60.040000000000006,0,Low,High User
2170,NY,70,415,366-2536,no,no,0,177.4,125,30.16,226.2,104,19.23,254.1,72,11.43,10.9,4,2.94,0,False,668.6,305,63.76,0,Low,High User
2171,NV,41,510,355-2293,no,no,0,182.1,89,30.96,211.5,104,17.98,207.4,124,9.33,6.8,1,1.84,1,False,607.8,318,60.11,0,Low,High User
2172,AL,132,408,350-9318,no,no,0,222.4,85,37.81,165.4,76,14.06,208.4,97,9.38,11.2,4,3.02,0,False,607.4000000000001,262,64.27000000000001,0,Low,High User
2173,KS,47,510,418-5300,yes,no,0,47.8,120,8.13,178.9,123,15.21,152.6,96,6.87,13.3,7,3.59,0,True,392.59999999999997,346,33.800000000000004,1,Low,Low User
2174,ND,160,510,395-2626,no,no,0,121.8,97,20.71,89.3,97,7.59,150.7,92,6.78,10.3,5,2.78,1,False,372.09999999999997,291,37.86,0,Low,Low User
2175,OK,180,415,402-7372,no,no,0,143.5,121,24.4,189.3,111,16.09,174.9,82,7.87,8.8,5,2.38,3,False,516.5,319,50.739999999999995,0,Medium,Medium User
2176,UT,93,415,337-9710,no,no,0,164.9,68,28.03,210.4,86,17.88,229.4,104,10.32,7.8,4,2.11,2,False,612.5,262,58.339999999999996,0,Medium,High User
2177,OH,109,415,363-4967,no,no,0,193.6,58,32.91,148.7,115,12.64,282.5,105,12.71,13.1,1,3.54,2,False,637.9,279,61.8,0,Medium,High User
2178,WY,80,510,400-5389,no,no,0,101.1,121,17.19,263.2,110,22.37,137.7,74,6.2,7.3,5,1.97,0,False,509.29999999999995,310,47.730000000000004,0,Low,Medium User
2179,NM,54,415,416-9162,no,yes,24,92.3,88,15.69,193.1,98,16.41,99.3,119,4.47,11.6,3,3.13,2,False,396.3,308,39.7,0,Medium,Low User
2180,AL,121,415,414-6541,no,no,0,168.9,128,28.71,123.9,99,10.53,266.3,105,11.98,2.9,7,0.78,2,False,562.0,339,52.0,0,Medium,Medium User
2181,DC,157,510,392-6647,no,yes,29,219.2,102,37.26,206.0,109,17.51,192.4,117,8.66,15.0,5,4.05,1,False,632.6,333,67.47999999999999,0,Low,High User
2182,ID,170,510,343-2465,no,yes,37,178.1,130,30.28,242.8,103,20.64,243.0,93,10.93,13.0,4,3.51,0,False,676.9,330,65.36,0,Low,High User
2183,AR,138,510,338-9171,no,no,0,146.5,101,24.91,284.5,142,24.18,176.0,98,7.92,14.0,6,3.78,3,False,621.0,347,60.790000000000006,0,Medium,High User
2184,ID,92,415,405-4606,no,yes,31,172.3,116,29.29,266.2,91,22.63,228.2,90,10.27,11.8,5,3.19,1,False,678.5,302,65.38,0,Low,High User
2185,TX,126,415,386-9711,no,no,0,190.9,143,32.45,149.7,72,12.72,191.4,87,8.61,13.0,3,3.51,1,False,545.0,305,57.29,0,Low,Medium User
2186,NM,41,415,327-8495,no,no,0,232.1,74,39.46,327.1,88,27.8,226.5,119,10.19,10.9,2,2.94,3,True,796.6,283,80.39,1,Medium,High User
2187,WA,167,415,416-5660,no,no,0,169.2,124,28.76,173.3,108,14.73,216.5,64,9.74,12.4,4,3.35,4,True,571.4,300,56.580000000000005,1,High,Medium User
2188,UT,91,510,370-3032,no,no,0,123.8,107,21.05,319.0,125,27.12,237.6,78,10.69,7.3,4,1.97,2,False,687.6999999999999,314,60.83,0,Medium,High User
2189,RI,127,510,331-8462,no,no,0,96.0,117,16.32,177.0,68,15.05,162.2,127,7.3,9.7,4,2.62,3,False,444.9,316,41.29,0,Medium,Low User
2190,NC,88,408,414-4037,no,yes,27,93.4,106,15.88,252.0,92,21.42,189.0,104,8.5,10.9,1,2.94,1,False,545.3,303,48.74,0,Low,Medium User
2191,RI,113,415,415-2865,no,no,0,90.6,130,15.4,170.6,100,14.5,137.4,74,6.18,5.4,9,1.46,1,False,404.0,313,37.54,0,Low,Low User
2192,NY,78,510,362-2353,no,no,0,152.9,81,25.99,256.6,82,21.81,173.6,112,7.81,5.3,6,1.43,2,False,588.4,281,57.04,0,Medium,Medium User
2193,TX,123,408,329-5114,no,no,0,257.9,92,43.84,211.6,71,17.99,189.3,104,8.52,9.4,2,2.54,2,False,668.1999999999999,269,72.89,0,Medium,High User
2194,DE,136,408,351-1389,yes,yes,29,85.2,98,14.48,230.4,85,19.58,243.6,104,10.96,9.0,3,2.43,2,False,568.2,290,47.45,0,Medium,Medium User
2195,MS,68,415,375-3668,no,yes,34,160.0,72,27.2,184.5,119,15.68,208.3,101,9.37,6.1,10,1.65,1,False,558.9,302,53.89999999999999,0,Low,Medium User
2196,OH,132,415,375-5414,no,yes,10,182.9,54,31.09,292.4,68,24.85,142.3,116,6.4,11.5,4,3.11,0,False,629.0999999999999,242,65.45,0,Low,High User
2197,LA,133,415,360-7079,no,no,0,216.2,67,36.75,222.2,133,18.89,192.0,95,8.64,3.1,1,0.84,2,False,633.5,296,65.12,0,Medium,High User
2198,FL,127,415,344-9302,no,no,0,261.7,105,44.49,181.8,107,15.45,100.9,131,4.54,3.3,5,0.89,0,False,547.6999999999999,348,65.37,0,Low,Medium User
2199,WA,110,415,418-1775,no,no,0,241.2,105,41.0,174.3,85,14.82,245.3,59,11.04,8.5,4,2.3,2,False,669.3,253,69.16,0,Medium,High User
2200,WV,121,510,401-2468,no,no,0,177.2,142,30.12,123.5,88,10.5,213.2,51,9.59,8.4,6,2.27,1,False,522.3,287,52.48000000000001,0,Low,Medium User
2201,NY,116,510,346-4984,no,no,0,89.5,128,15.22,180.8,137,15.37,193.1,94,8.69,14.0,3,3.78,2,False,477.4,362,43.06,0,Medium,Low User
2202,NE,112,415,351-2928,yes,yes,16,200.3,72,34.05,197.8,91,16.81,151.1,92,6.8,10.4,3,2.81,1,False,559.6,258,60.47,0,Low,Medium User
2203,PA,97,510,365-7774,yes,no,0,145.0,103,24.65,294.3,93,25.02,239.8,120,10.79,11.0,2,2.97,4,True,690.1,318,63.43,1,High,High User
2204,MS,43,510,358-3691,no,no,0,159.5,99,27.12,119.7,149,10.17,173.9,126,7.83,6.8,3,1.84,2,False,459.90000000000003,377,46.96,0,Medium,Low User
2205,IN,110,415,364-9059,no,no,0,151.8,106,25.81,138.0,126,11.73,233.5,112,10.51,11.2,8,3.02,3,False,534.5,352,51.07,0,Medium,Medium User
2206,VA,67,408,356-7208,no,no,0,176.2,120,29.95,236.0,138,20.06,152.5,104,6.86,10.6,4,2.86,1,False,575.3000000000001,366,59.73,0,Low,Medium User
2207,MN,166,408,333-5551,no,no,0,152.1,95,25.86,121.0,105,10.29,198.0,126,8.91,9.8,5,2.65,0,False,480.90000000000003,331,47.71,0,Low,Low User
2208,DE,129,408,362-6528,no,no,0,161.3,122,27.42,220.6,95,18.75,224.7,104,10.11,9.6,3,2.59,1,False,616.1999999999999,324,58.870000000000005,0,Low,High User
2209,OR,103,510,394-2560,yes,no,0,171.7,78,29.19,144.5,86,12.28,157.9,106,7.11,6.8,3,1.84,3,False,480.90000000000003,273,50.42,0,Medium,Low User
2210,UT,71,415,367-3220,no,no,0,278.9,110,47.41,190.2,67,16.17,255.2,84,11.48,11.7,7,3.16,0,True,736.0,268,78.22,1,Low,High User
2211,CT,112,415,418-5708,no,yes,27,213.0,121,36.21,226.2,101,19.23,189.8,99,8.54,11.1,3,3.0,4,False,640.1,324,66.97999999999999,0,High,High User
2212,AL,8,415,421-2245,no,yes,36,242.9,67,41.29,170.9,59,14.53,177.3,130,7.98,4.8,12,1.3,1,False,595.9,268,65.1,0,Low,Medium User
2213,TX,98,415,406-2242,no,no,0,217.2,121,36.92,303.4,73,25.79,197.1,71,8.87,12.4,2,3.35,0,True,730.0999999999999,267,74.92999999999999,1,Low,High User
2214,CT,90,415,347-6994,no,no,0,175.9,111,29.9,285.2,115,24.24,150.8,122,6.79,13.0,7,3.51,1,False,624.9000000000001,355,64.44,0,Low,High User
2215,MS,13,415,413-7468,no,no,0,303.2,133,51.54,170.5,86,14.49,227.6,80,10.24,11.5,3,3.11,0,True,712.8,302,79.38,1,Low,High User
2216,AR,58,415,389-6082,no,no,0,238.9,107,40.61,187.2,88,15.91,181.1,84,8.15,11.8,3,3.19,2,False,619.0,282,67.86,0,Medium,High User
2217,CA,137,415,415-3689,no,yes,22,189.6,42,32.23,179.0,137,15.22,179.6,126,8.08,11.4,5,3.08,2,False,559.6,310,58.60999999999999,0,Medium,Medium User
2218,MI,116,408,379-2503,no,no,0,133.3,94,22.66,247.8,126,21.06,219.0,78,9.86,11.3,5,3.05,5,True,611.4,303,56.629999999999995,1,High,High User
2219,WV,94,415,396-1106,no,yes,28,92.7,107,15.76,127.8,86,10.86,225.6,86,10.15,9.9,4,2.67,3,False,456.0,283,39.44,0,Medium,Low User
2220,DE,87,415,379-4372,no,no,0,177.2,72,30.12,248.9,105,21.16,200.8,87,9.04,8.6,7,2.32,3,False,635.5000000000001,271,62.64,0,Medium,High User
2221,FL,120,415,336-3738,no,no,0,184.5,103,31.37,209.0,86,17.77,169.7,70,7.64,10.2,6,2.75,2,False,573.4000000000001,265,59.53,0,Medium,Medium User
2222,AK,97,415,380-2600,no,yes,24,176.1,109,29.94,159.4,81,13.55,269.1,94,12.11,12.1,9,3.27,0,False,616.7,293,58.870000000000005,0,Low,High User
2223,ID,134,415,345-4473,no,no,0,204.7,108,34.8,143.1,105,12.16,165.8,84,7.46,11.0,4,2.97,6,False,524.5999999999999,301,57.38999999999999,0,High,Medium User
2224,OH,68,510,380-9990,no,no,0,143.6,80,24.41,134.3,65,11.42,215.6,84,9.7,15.5,5,4.19,2,False,509.0,234,49.72,0,Medium,Medium User
2225,NH,93,408,411-1045,no,no,0,179.3,93,30.48,188.8,65,16.05,253.2,88,11.39,12.1,5,3.27,1,False,633.4,251,61.190000000000005,0,Low,High User
2226,MA,120,415,413-5306,no,no,0,137.3,100,23.34,212.2,129,18.04,152.7,92,6.87,10.5,2,2.84,1,False,512.7,323,51.08999999999999,0,Low,Medium User
2227,SC,41,408,417-6906,no,no,0,237.8,92,40.43,223.5,155,19.0,217.4,90,9.78,10.2,6,2.75,2,False,688.9000000000001,343,71.96,0,Medium,High User
2228,OR,80,510,331-4807,no,no,0,203.7,92,34.63,216.4,97,18.39,154.2,66,6.94,7.6,5,2.05,2,False,581.9,260,62.01,0,Medium,Medium User
2229,OH,83,415,376-5375,no,yes,25,191.3,95,32.52,250.7,136,21.31,249.4,86,11.22,17.6,5,4.75,2,False,709.0,322,69.8,0,Medium,High User
2230,NC,109,510,361-9839,yes,no,0,209.1,141,35.55,205.0,93,17.43,119.4,111,5.37,7.8,3,2.11,2,False,541.3,348,60.459999999999994,0,Medium,Medium User
2231,KY,66,510,348-8679,no,yes,33,88.8,104,15.1,109.6,94,9.32,172.7,107,7.77,7.1,9,1.92,3,False,378.2,314,34.11,0,Medium,Low User
2232,ID,104,510,403-6565,no,no,0,97.2,88,16.52,155.6,85,13.23,261.6,105,11.77,12.4,5,3.35,0,False,526.8000000000001,283,44.87,0,Low,Medium User
2233,WA,89,510,346-5287,no,no,0,137.9,96,23.44,192.6,63,16.37,255.7,125,11.51,11.0,5,2.97,1,False,597.2,289,54.29,0,Low,Medium User
2234,WV,127,510,413-6769,no,no,0,224.3,112,38.13,185.7,103,15.78,159.4,83,7.17,10.0,1,2.7,2,False,579.4,299,63.78000000000001,0,Medium,Medium User
2235,RI,117,408,370-5042,no,yes,13,207.6,65,35.29,152.7,77,12.98,232.8,95,10.48,9.7,3,2.62,1,False,602.8,240,61.37,0,Low,High User
2236,KS,128,510,397-9486,no,no,0,268.1,95,45.58,120.5,126,10.24,220.8,121,9.94,14.4,6,3.89,2,False,623.8000000000001,348,69.65,0,Medium,High User
2237,NV,88,415,364-3286,no,no,0,166.7,61,28.34,179.3,88,15.24,242.7,131,10.92,6.8,7,1.84,4,True,595.5,287,56.34,1,High,Medium User
2238,NE,61,408,420-8897,no,no,0,267.1,104,45.41,180.4,131,15.33,230.6,106,10.38,17.3,4,4.67,1,True,695.4,345,75.78999999999999,1,Low,High User
2239,FL,22,415,378-9506,no,no,0,181.8,108,30.91,198.6,148,16.88,206.6,96,9.3,9.3,3,2.51,2,False,596.3,355,59.6,0,Medium,Medium User
2240,WY,78,415,399-6259,no,no,0,147.1,80,25.01,199.7,100,16.97,160.7,106,7.23,13.7,7,3.7,0,False,521.1999999999999,293,52.91000000000001,0,Low,Medium User
2241,WA,56,415,335-5806,no,yes,29,37.7,115,6.41,144.1,111,12.25,226.6,101,10.2,4.9,3,1.32,1,False,413.29999999999995,330,30.18,0,Low,Low User
2242,CO,192,415,401-6392,no,no,0,185.0,88,31.45,224.9,98,19.12,212.4,105,9.56,11.4,3,3.08,2,False,633.6999999999999,294,63.21,0,Medium,High User
2243,WI,70,415,379-9859,no,no,0,156.4,108,26.59,171.0,116,14.54,196.1,96,8.82,8.6,4,2.32,2,False,532.1,324,52.269999999999996,0,Medium,Medium User
2244,KS,148,510,415-4051,no,no,0,239.3,84,40.68,195.7,85,16.63,232.6,104,10.47,10.9,3,2.94,1,False,678.5,276,70.72,0,Low,High User
2245,RI,65,415,368-5612,no,yes,29,215.5,129,36.64,161.9,77,13.76,128.3,91,5.77,8.8,5,2.38,2,False,514.5,302,58.550000000000004,0,Medium,Medium User
2246,MT,119,510,374-5301,no,no,0,134.9,70,22.93,211.5,74,17.98,188.5,105,8.48,11.3,6,3.05,1,False,546.1999999999999,255,52.44,0,Low,Medium User
2247,CO,80,415,406-5710,no,no,0,194.8,116,33.12,209.9,93,17.84,194.1,100,8.73,12.8,3,3.46,0,False,611.6,312,63.15,0,Low,High User
2248,CT,152,408,354-7077,no,yes,20,239.1,105,40.65,209.1,111,17.77,268.2,130,12.07,13.3,3,3.59,5,False,729.6999999999999,349,74.08000000000001,0,High,High User
2249,FL,113,510,343-3340,no,no,0,92.6,85,15.74,177.6,92,15.1,159.8,72,7.19,14.4,4,3.89,3,False,444.4,253,41.92,0,Medium,Low User
2250,VT,75,510,377-8267,no,no,0,209.4,133,35.6,211.5,121,17.98,291.2,123,13.1,7.2,4,1.94,1,False,719.3,381,68.61999999999999,0,Low,High User
2251,OH,80,415,382-2453,no,no,0,197.6,83,33.59,164.5,86,13.98,94.0,98,4.23,6.4,6,1.73,1,False,462.5,273,53.53000000000001,0,Low,Low User
2252,NH,148,408,333-7449,no,no,0,17.6,121,2.99,161.7,125,13.74,203.1,82,9.14,10.6,6,2.86,1,False,393.0,334,28.73,0,Low,Low User
2253,RI,63,415,366-4287,yes,no,0,62.9,112,10.69,202.9,111,17.25,259.0,58,11.66,8.9,8,2.4,1,False,533.6999999999999,289,41.99999999999999,0,Low,Medium User
2254,FL,97,415,415-2285,no,yes,28,202.3,97,34.39,69.2,84,5.88,257.6,64,11.59,6.7,3,1.81,1,False,535.8000000000001,248,53.67,0,Low,Medium User
2255,MD,166,415,381-1328,no,no,0,136.1,116,23.14,181.4,93,15.42,131.4,108,5.91,11.3,4,3.05,0,False,460.2,321,47.519999999999996,0,Low,Low User
2256,WY,94,408,344-4022,no,no,0,207.0,109,35.19,167.4,80,14.23,238.2,117,10.72,2.6,6,0.7,1,False,615.1999999999999,312,60.84,0,Low,High User
2257,FL,85,408,415-6601,no,yes,33,207.9,95,35.34,233.5,88,19.85,221.3,92,9.96,13.5,3,3.65,1,False,676.2,278,68.80000000000001,0,Low,High User
2258,TN,80,415,351-7309,yes,no,0,276.5,122,47.01,195.6,79,16.63,210.3,78,9.46,7.2,3,1.94,1,True,689.6000000000001,282,75.03999999999999,1,Low,High User
2259,NC,210,415,363-7802,no,yes,31,313.8,87,53.35,147.7,103,12.55,192.7,97,8.67,10.1,7,2.73,3,False,664.3000000000001,294,77.30000000000001,0,Medium,High User
2260,IN,88,415,408-4870,yes,yes,25,288.5,114,49.05,203.4,74,17.29,228.4,117,10.28,13.0,5,3.51,1,False,733.3,310,80.13000000000001,0,Low,High User
2261,IA,100,408,378-9478,no,no,0,210.9,85,35.85,329.3,69,27.99,127.1,78,5.72,9.4,5,2.54,4,False,676.7,237,72.10000000000001,0,High,High User
2262,WV,154,408,401-4778,no,yes,35,64.9,76,11.03,184.1,91,15.65,151.6,75,6.82,14.6,1,3.94,1,False,415.20000000000005,243,37.44,0,Low,Low User
2263,UT,32,510,370-9563,no,yes,26,243.5,137,41.4,236.8,108,20.13,173.3,149,7.8,9.0,9,2.43,1,False,662.6,403,71.76,0,Low,High User
2264,GA,18,408,394-6382,no,no,0,197.0,97,33.49,203.7,107,17.31,202.0,105,9.09,8.7,3,2.35,3,False,611.4000000000001,312,62.24,0,Medium,High User
2265,AK,126,415,333-5295,no,yes,31,278.0,88,47.26,253.2,65,21.52,223.2,114,10.04,8.7,4,2.35,0,False,763.1000000000001,271,81.16999999999999,0,Low,High User
2266,UT,144,510,370-2451,no,yes,37,219.9,102,37.38,222.1,77,18.88,118.5,111,5.33,10.0,4,2.7,1,False,570.5,294,64.29,0,Low,Medium User
2267,MS,29,510,401-6982,no,no,0,313.2,103,53.24,216.3,151,18.39,218.4,106,9.83,12.8,4,3.46,2,True,760.6999999999999,364,84.91999999999999,1,Medium,High User
2268,AR,86,408,329-8115,no,yes,16,145.7,88,24.77,191.0,129,16.24,215.5,82,9.7,11.3,7,3.05,0,False,563.5,306,53.75999999999999,0,Low,Medium User
2269,AK,138,415,340-3409,no,yes,37,75.8,102,12.89,173.6,147,14.76,162.6,96,7.32,8.2,13,2.21,0,False,420.2,358,37.18,0,Low,Low User
2270,AK,146,415,397-5911,no,no,0,195.9,86,33.3,228.6,82,19.43,303.5,94,13.66,12.2,4,3.29,3,False,740.2,266,69.68,0,Medium,High User
2271,ME,175,415,415-6127,no,no,0,132.0,95,22.44,231.2,74,19.65,313.4,108,14.1,8.7,10,2.35,1,False,685.3,287,58.540000000000006,0,Low,High User
2272,WV,74,510,392-6073,no,no,0,124.0,102,21.08,262.1,101,22.28,268.2,98,12.07,11.7,2,3.16,2,False,666.0,303,58.59,0,Medium,High User
2273,CT,48,415,419-6564,no,no,0,171.9,98,29.22,159.0,127,13.52,139.5,101,6.28,7.6,3,2.05,2,False,478.0,329,51.06999999999999,0,Medium,Low User
2274,GA,74,510,340-8245,no,yes,31,249.4,70,42.4,209.5,59,17.81,180.6,75,8.13,9.9,2,2.67,4,False,649.4,206,71.00999999999999,0,High,High User
2275,NV,105,415,376-4540,yes,no,0,228.4,100,38.83,145.1,108,12.33,245.3,140,11.04,7.7,7,2.08,0,False,626.5,355,64.28,0,Low,High User
2276,VT,157,510,361-5936,no,no,0,168.6,71,28.66,205.1,48,17.43,175.8,88,7.91,5.9,2,1.59,3,False,555.4,209,55.59,0,Medium,Medium User
2277,DC,217,415,421-9846,no,no,0,123.7,138,21.03,248.5,105,21.12,269.6,78,12.13,13.3,4,3.59,0,False,655.0999999999999,325,57.870000000000005,0,Low,High User
2278,TN,68,415,356-1582,no,no,0,178.7,61,30.38,252.3,84,21.45,255.7,76,11.51,8.4,4,2.27,1,False,695.1,225,65.61,0,Low,High User
2279,OR,80,415,375-4900,no,no,0,113.2,86,19.24,185.5,97,15.77,237.3,145,10.68,9.5,5,2.57,1,False,545.5,333,48.26,0,Low,Medium User
2280,MS,38,415,420-8953,no,yes,25,142.4,106,24.21,313.7,109,26.66,126.6,117,5.7,13.4,6,3.62,2,False,596.1,338,60.190000000000005,0,Medium,Medium User
2281,NC,107,415,376-4035,no,yes,38,204.2,57,34.71,205.9,92,17.5,286.5,80,12.89,8.3,4,2.24,0,False,704.9,233,67.33999999999999,0,Low,High User
2282,CO,140,415,344-5206,no,no,0,149.7,71,25.45,212.5,97,18.06,245.9,67,11.07,12.6,4,3.4,3,False,620.7,239,57.98,0,Medium,High User
2283,AR,98,415,328-7833,no,no,0,227.1,116,38.61,120.5,103,10.24,117.0,102,5.27,4.7,4,1.27,5,True,469.3,325,55.39000000000001,1,High,Low User
2284,PA,114,415,417-4266,no,no,0,155.3,75,26.4,169.9,87,14.44,207.0,133,9.32,12.6,5,3.4,2,False,544.8000000000001,300,53.559999999999995,0,Medium,Medium User
2285,MN,46,408,351-6574,no,no,0,156.4,105,26.59,185.5,98,15.77,226.7,96,10.2,11.8,3,3.19,1,False,580.3999999999999,302,55.75,0,Low,Medium User
2286,NM,118,415,372-8925,no,yes,42,148.7,105,25.28,167.3,105,14.22,270.6,105,12.18,10.4,7,2.81,0,False,597.0,322,54.49,0,Low,Medium User
2287,UT,37,510,340-5678,no,no,0,271.7,112,46.19,155.1,96,13.18,199.5,97,8.98,6.6,4,1.78,3,False,632.9,309,70.13,0,Medium,High User
2288,NE,34,415,361-6814,no,no,0,193.7,74,32.93,126.9,84,10.79,221.2,166,9.95,8.8,4,2.38,0,False,550.5999999999999,328,56.050000000000004,0,Low,Medium User
2289,MS,98,415,336-7155,yes,yes,23,245.5,54,41.74,292.7,83,24.88,184.0,90,8.28,10.8,7,2.92,1,False,733.0,234,77.82000000000001,0,Low,High User
2290,NV,113,510,342-8167,no,no,0,245.3,108,41.7,259.9,140,22.09,204.3,115,9.19,10.7,2,2.89,3,True,720.2,365,75.87,1,Medium,High User
2291,OR,69,408,375-9180,no,no,0,196.1,87,33.34,236.8,66,20.13,182.3,75,8.2,11.9,1,3.21,0,False,627.1,229,64.88,0,Low,High User
2292,VA,121,415,357-7064,no,no,0,134.1,112,22.8,195.1,104,16.58,159.6,139,7.18,10.5,2,2.84,2,False,499.29999999999995,357,49.39999999999999,0,Medium,Low User
2293,NJ,59,510,347-5354,yes,yes,31,225.0,78,38.25,191.3,79,16.26,226.7,79,10.2,9.1,3,2.46,1,False,652.1,239,67.17,0,Low,High User
2294,WV,59,510,362-9391,no,no,0,189.7,100,32.25,115.9,133,9.85,220.6,115,9.93,7.4,4,2.0,0,False,533.6,352,54.03,0,Low,Medium User
2295,OR,190,415,386-8984,no,no,0,142.9,96,24.29,177.9,96,15.12,113.3,117,5.1,6.6,4,1.78,0,False,440.70000000000005,313,46.29,0,Low,Low User
2296,KY,109,415,384-6372,no,no,0,175.6,80,29.85,238.0,94,20.23,198.4,103,8.93,10.2,6,2.75,1,False,622.2,283,61.76,0,Low,High User
2297,MO,136,415,358-1329,no,no,0,92.4,109,15.71,219.0,115,18.62,212.6,80,9.57,12.9,4,3.48,2,False,536.9,308,47.379999999999995,0,Medium,Medium User
2298,TX,86,510,400-7987,no,no,0,92.8,92,15.78,159.6,87,13.57,148.7,115,6.69,8.8,5,2.38,1,False,409.9,299,38.42,0,Low,Low User
2299,MN,100,415,327-8732,no,yes,27,221.7,100,37.69,236.1,70,20.07,192.7,91,8.67,8.0,4,2.16,0,False,658.5,265,68.58999999999999,0,Low,High User
2300,FL,106,510,389-6955,no,no,0,159.6,94,27.13,276.8,118,23.53,223.5,65,10.06,8.8,3,2.38,0,False,668.6999999999999,280,63.1,0,Low,High User
2301,PA,104,415,396-1800,no,no,0,144.5,107,24.57,180.5,85,15.34,226.0,94,10.17,17.0,6,4.59,2,False,568.0,292,54.67,0,Medium,Medium User
2302,WV,129,415,349-4979,no,no,0,159.1,100,27.05,202.5,90,17.21,233.1,96,10.49,11.5,6,3.11,2,False,606.2,292,57.86000000000001,0,Medium,High User
2303,IN,205,510,361-5864,no,no,0,49.9,123,8.48,150.7,81,12.81,188.2,67,8.47,10.1,4,2.73,2,False,398.9,275,32.489999999999995,0,Medium,Low User
2304,OK,93,415,418-4658,no,yes,32,116.9,120,19.87,232.4,97,19.75,127.7,112,5.75,11.0,9,2.97,0,False,488.0,338,48.34,0,Low,Low User
2305,NE,123,415,330-6208,no,no,0,150.0,98,25.5,89.8,95,7.63,326.0,91,14.67,11.1,3,3.0,3,False,576.9,287,50.800000000000004,0,Medium,Medium User
2306,DE,99,415,416-6628,no,no,0,254.4,120,43.25,159.3,92,13.54,264.4,94,11.9,6.0,5,1.62,1,False,684.1,311,70.31,0,Low,High User
2307,MI,61,415,349-5617,no,yes,33,270.7,53,46.02,200.7,116,17.06,201.7,102,9.08,10.9,3,2.94,3,False,683.9999999999999,274,75.1,0,Medium,High User
2308,IL,71,415,397-8051,no,no,0,207.0,112,35.19,173.8,96,14.77,178.4,61,8.03,12.1,3,3.27,1,False,571.3000000000001,272,61.26,0,Low,Medium User
2309,UT,4,510,413-6346,yes,no,0,145.3,89,24.7,303.8,93,25.82,206.1,82,9.27,8.9,4,2.4,0,False,664.1,268,62.18999999999999,0,Low,High User
2310,IL,148,408,395-9270,no,yes,25,230.7,102,39.22,233.8,109,19.87,215.8,90,9.71,13.5,2,3.65,3,False,693.8,303,72.45000000000002,0,Medium,High User
2311,WA,141,415,401-7575,no,no,0,151.5,104,25.76,242.2,114,20.59,304.2,109,13.69,10.8,2,2.92,1,False,708.6999999999999,329,62.96,0,Low,High User
2312,NM,56,408,332-5964,no,no,0,146.1,57,24.84,196.2,97,16.68,310.1,110,13.95,9.2,3,2.48,0,False,661.6,267,57.949999999999996,0,Low,High User
2313,MD,160,415,348-3338,no,no,0,256.0,111,43.52,187.4,61,15.93,119.1,81,5.36,11.5,4,3.11,3,False,574.0,257,67.92,0,Medium,Medium User
2314,VA,43,408,387-5411,no,yes,35,200.2,105,34.03,244.4,88,20.77,207.2,97,9.32,11.6,4,3.13,3,False,663.4,294,67.25,0,Medium,High User
2315,MT,42,415,378-7872,no,no,0,150.7,52,25.62,246.7,96,20.97,103.8,118,4.67,7.0,4,1.89,2,False,508.2,270,53.150000000000006,0,Medium,Medium User
2316,CT,135,415,389-6037,yes,no,0,186.0,107,31.62,66.0,94,5.61,213.1,105,9.59,12.9,4,3.48,1,False,478.0,310,50.300000000000004,0,Low,Low User
2317,AL,106,415,349-3732,no,no,0,212.9,110,36.19,187.0,69,15.9,128.1,71,5.76,6.3,3,1.7,3,False,534.3,253,59.55,0,Medium,Medium User
2318,WV,106,510,347-9738,no,no,0,194.8,133,33.12,213.4,73,18.14,190.8,92,8.59,11.5,7,3.11,0,False,610.5,305,62.959999999999994,0,Low,High User
2319,MO,83,415,380-6074,no,yes,30,272.5,105,46.33,253.0,83,21.51,180.8,123,8.14,8.7,6,2.35,3,False,715.0,317,78.33,0,Medium,High User
2320,ND,110,415,338-4307,no,no,0,135.1,109,22.97,205.2,99,17.44,166.3,119,7.48,11.7,4,3.16,1,False,518.3,331,51.05,0,Low,Medium User
2321,AR,153,408,339-3636,no,no,0,154.6,56,26.28,263.0,84,22.36,367.7,89,16.55,15.5,2,4.19,1,False,800.8,231,69.38,0,Low,High User
2322,GA,109,510,328-9315,no,yes,35,230.5,116,39.19,265.8,130,22.59,269.7,69,12.14,10.6,6,2.86,5,False,776.6,321,76.78,0,High,High User
2323,FL,31,510,402-3634,no,no,0,165.4,84,28.12,203.7,107,17.31,201.7,65,9.08,8.2,1,2.21,1,False,579.0,257,56.72,0,Low,Medium User
2324,LA,124,510,348-4316,no,no,0,143.3,120,24.36,230.7,111,19.61,214.3,91,9.64,7.8,2,2.11,4,True,596.0999999999999,324,55.72,1,High,Medium User
2325,UT,110,415,375-3826,no,no,0,271.1,108,46.09,237.0,122,20.15,239.9,122,10.8,9.8,5,2.65,2,True,757.8,357,79.69000000000001,1,Medium,High User
2326,AZ,124,415,360-1406,no,no,0,253.5,104,43.1,117.9,123,10.02,248.5,104,11.18,14.0,2,3.78,0,False,633.9,333,68.08000000000001,0,Low,High User
2327,NY,82,415,356-5475,no,no,0,167.1,77,28.41,131.8,79,11.2,187.4,98,8.43,9.4,1,2.54,6,True,495.69999999999993,255,50.58,1,High,Low User
2328,KY,122,415,363-9969,no,no,0,168.3,96,28.61,87.6,91,7.45,247.2,87,11.12,8.4,6,2.27,1,False,511.5,280,49.45,0,Low,Medium User
2329,AL,137,415,350-4367,no,no,0,104.7,115,17.8,249.8,144,21.23,192.3,99,8.65,8.9,2,2.4,1,False,555.6999999999999,360,50.08,0,Low,Medium User
2330,IN,69,510,348-1592,no,no,0,135.4,101,23.02,238.1,124,20.24,195.6,102,8.8,10.6,2,2.86,1,False,579.7,329,54.92,0,Low,Medium User
2331,IN,46,415,368-9751,no,yes,34,191.4,102,32.54,361.8,96,30.75,147.5,132,6.64,7.2,2,1.94,1,False,707.9000000000001,332,71.86999999999999,0,Low,High User
2332,FL,103,415,380-6413,no,no,0,158.7,90,26.98,198.4,117,16.86,181.1,76,8.15,10.5,4,2.84,1,False,548.7,287,54.83,0,Low,Medium User
2333,NM,16,510,367-9259,no,no,0,144.8,84,24.62,164.9,141,14.02,231.5,75,10.42,8.2,4,2.21,2,False,549.4000000000001,304,51.27,0,Medium,Medium User
2334,AL,119,415,404-8765,no,no,0,98.8,97,16.8,146.9,68,12.49,190.7,105,8.58,10.0,4,2.7,3,False,446.4,274,40.57,0,Medium,Low User
2335,MN,124,510,371-6284,yes,no,0,157.8,71,26.83,203.2,114,17.27,168.7,82,7.59,10.0,2,2.7,3,True,539.7,269,54.39,1,Medium,Medium User
2336,NY,122,415,403-9468,no,yes,37,163.0,107,27.71,312.8,118,26.59,200.0,85,9.0,11.6,5,3.13,1,False,687.4,315,66.42999999999999,0,Low,High User
2337,MD,139,415,335-3133,no,no,0,181.6,119,30.87,335.7,118,28.53,149.8,64,6.74,8.3,6,2.24,4,False,675.3999999999999,307,68.38,0,High,High User
2338,KS,67,510,366-4426,no,no,0,129.0,78,21.93,188.0,116,15.98,235.0,102,10.58,11.2,3,3.02,2,False,563.2,299,51.51,0,Medium,Medium User
2339,WV,84,408,354-4752,no,no,0,86.0,83,14.62,260.7,86,22.16,98.6,109,4.44,8.9,4,2.4,1,False,454.19999999999993,282,43.62,0,Low,Low User
2340,ID,101,510,406-4768,no,yes,17,193.9,71,32.96,189.8,81,16.13,196.3,97,8.83,12.6,7,3.4,0,False,592.6,256,61.32,0,Low,Medium User
2341,LA,40,510,367-9257,no,no,0,109.4,107,18.6,244.7,102,20.8,276.9,123,12.46,7.1,7,1.92,0,False,638.1,339,53.78000000000001,0,Low,High User
2342,MI,61,415,342-8348,no,no,0,188.9,105,32.11,153.6,116,13.06,213.3,106,9.6,10.2,2,2.75,2,False,566.0,329,57.52,0,Medium,Medium User
2343,TN,120,408,410-7611,yes,no,0,179.9,72,30.58,170.0,98,14.45,190.6,89,8.58,13.8,2,3.73,1,True,554.3,261,57.339999999999996,1,Low,Medium User
2344,CA,95,415,341-3270,no,no,0,183.4,98,31.18,281.3,95,23.91,105.2,113,4.73,8.2,8,2.21,1,False,578.1000000000001,314,62.03000000000001,0,Low,Medium User
2345,FL,98,408,416-7452,no,no,0,288.1,101,48.98,137.9,93,11.72,206.5,88,9.29,0.0,0,0.0,0,False,632.5,282,69.99,0,Low,High User
2346,LA,114,415,356-8982,no,no,0,169.2,96,28.76,149.9,83,12.74,196.9,119,8.86,4.6,4,1.24,2,False,520.6,302,51.6,0,Medium,Medium User
2347,IL,68,415,340-6908,yes,yes,29,195.5,113,33.24,171.6,96,14.59,204.0,85,9.18,13.5,9,3.65,1,True,584.6,303,60.66,1,Low,Medium User
2348,AL,149,415,348-6659,no,yes,20,264.4,102,44.95,219.6,123,18.67,200.4,89,9.02,11.3,3,3.05,2,False,695.6999999999999,317,75.69,0,Medium,High User
2349,CT,22,408,345-2401,no,no,0,207.7,116,35.31,210.6,99,17.9,238.2,88,10.72,9.6,5,2.59,0,False,666.1,308,66.52,0,Low,High User
2350,PA,176,415,422-5264,no,no,0,169.5,151,28.82,112.9,84,9.6,56.6,99,2.55,8.7,4,2.35,0,False,347.7,338,43.32,0,Low,Low User
2351,TX,152,415,422-1799,no,no,0,141.5,102,24.06,263.0,94,22.36,207.1,113,9.32,3.4,4,0.92,2,False,615.0,313,56.660000000000004,0,Medium,High User
2352,VA,118,408,404-2877,no,no,0,154.8,71,26.32,244.0,73,20.74,159.6,81,7.18,12.8,4,3.46,0,False,571.1999999999999,229,57.7,0,Low,Medium User
2353,MO,101,415,417-7913,yes,no,0,133.5,51,22.7,219.6,96,18.67,210.0,74,9.45,11.7,4,3.16,1,False,574.8000000000001,225,53.980000000000004,0,Low,Medium User
2354,MT,102,408,399-2457,no,no,0,273.2,85,46.44,211.1,82,17.94,203.7,129,9.17,13.1,7,3.54,2,True,701.1,303,77.09,1,Medium,High User
2355,ND,118,408,419-3427,no,no,0,224.6,94,38.18,225.9,120,19.2,269.0,105,12.11,12.5,8,3.38,2,False,732.0,327,72.86999999999999,0,Medium,High User
2356,FL,105,415,358-2490,no,no,0,273.8,97,46.55,289.7,106,24.62,269.1,126,12.11,5.8,3,1.57,2,True,838.4,332,84.85,1,Medium,High User
2357,WI,153,510,349-3112,no,no,0,159.5,103,27.12,275.5,90,23.42,176.7,126,7.95,10.1,2,2.73,1,True,621.8000000000001,321,61.220000000000006,1,Low,High User
2358,KY,71,415,414-5422,no,no,0,104.0,92,17.68,197.0,125,16.75,110.1,123,4.95,14.6,8,3.94,0,False,425.70000000000005,348,43.32,0,Low,Low User
2359,MD,71,415,386-3766,no,yes,31,115.4,90,19.62,217.4,78,18.48,239.9,102,10.8,13.1,4,3.54,1,False,585.8000000000001,274,52.440000000000005,0,Low,Medium User
2360,IN,68,415,386-9724,no,no,0,222.1,107,37.76,199.4,102,16.95,162.4,107,7.31,9.4,3,2.54,2,False,593.3,319,64.56,0,Medium,Medium User
2361,MA,66,415,416-7393,no,no,0,116.4,98,19.79,95.6,74,8.13,181.5,94,8.17,10.5,3,2.84,3,False,404.0,269,38.93000000000001,0,Medium,Low User
2362,ND,101,415,395-1380,no,no,0,217.7,118,37.01,231.7,128,19.69,185.3,128,8.34,0.0,0,0.0,3,False,634.7,374,65.04,0,Medium,High User
2363,VT,116,415,408-4911,no,no,0,129.4,84,22.0,157.3,89,13.37,215.5,77,9.7,13.3,3,3.59,0,False,515.5,253,48.66,0,Low,Medium User
2364,CT,54,415,387-4064,no,yes,33,161.8,73,27.51,273.0,58,23.21,153.9,76,6.93,13.7,4,3.7,0,False,602.4000000000001,211,61.35,0,Low,High User
2365,VA,112,408,380-5667,no,yes,29,198.8,122,33.8,238.6,114,20.28,289.5,69,13.03,11.5,5,3.11,1,False,738.4,310,70.22,0,Low,High User
2366,MS,122,408,402-8930,no,yes,45,147.8,85,25.13,147.4,93,12.53,203.5,110,9.16,14.0,5,3.78,1,False,512.7,293,50.599999999999994,0,Low,Medium User
2367,AK,74,415,336-6533,no,no,0,262.3,114,44.59,198.9,96,16.91,165.9,90,7.47,6.6,5,1.78,3,False,633.7,305,70.75,0,Medium,High User
2368,WY,90,415,359-9992,no,no,0,246.4,83,41.89,160.3,88,13.63,170.9,99,7.69,7.6,7,2.05,1,False,585.2,277,65.26,0,Low,Medium User
2369,NY,112,415,391-1737,no,no,0,174.3,123,29.63,140.2,124,11.92,215.4,89,9.69,9.0,6,2.43,4,True,538.9,342,53.669999999999995,1,High,Medium User
2370,NC,85,510,404-2871,no,no,0,183.4,111,31.18,168.8,98,14.35,199.7,97,8.99,9.9,4,2.67,4,False,561.8000000000001,310,57.190000000000005,0,High,Medium User
2371,IL,100,415,420-6121,no,no,0,191.9,95,32.62,200.9,101,17.08,271.9,74,12.24,18.2,3,4.91,1,False,682.9000000000001,273,66.85,0,Low,High User
2372,OH,114,415,369-4012,no,no,0,187.8,109,31.93,154.6,97,13.14,213.9,102,9.63,10.1,3,2.73,2,False,566.4,311,57.43,0,Medium,Medium User
2373,RI,83,510,357-2294,no,no,0,259.7,106,44.15,152.7,116,12.98,224.7,92,10.11,10.2,2,2.75,0,False,647.3,316,69.99,0,Low,High User
2374,WY,157,415,348-9938,yes,no,0,180.4,123,30.67,194.0,98,16.49,227.3,88,10.23,8.4,5,2.27,0,False,610.1,314,59.660000000000004,0,Low,High User
2375,OR,51,510,394-3023,no,no,0,51.8,107,8.81,230.2,104,19.57,227.5,118,10.24,10.4,4,2.81,2,False,519.9,333,41.43000000000001,0,Medium,Medium User
2376,NV,42,415,352-5466,no,no,0,303.9,106,51.66,232.2,54,19.74,147.1,76,6.62,5.8,3,1.57,1,True,688.9999999999999,239,79.58999999999999,1,Low,High User
2377,ND,101,415,364-5510,no,yes,36,123.7,125,21.03,172.6,106,14.67,280.5,127,12.62,8.8,4,2.38,1,True,585.5999999999999,362,50.7,1,Low,Medium User
2378,OR,112,510,396-6462,no,no,0,206.2,122,35.05,164.5,94,13.98,140.3,101,6.31,12.6,7,3.4,3,False,523.6,324,58.74,0,Medium,Medium User
2379,ND,56,510,384-5335,no,no,0,164.3,92,27.93,233.7,107,19.86,187.3,104,8.43,11.8,1,3.19,2,False,597.0999999999999,304,59.41,0,Medium,Medium User
2380,NJ,53,408,416-6886,no,no,0,228.6,117,38.86,132.8,123,11.29,227.2,124,10.22,10.1,2,2.73,9,True,598.6999999999999,366,63.099999999999994,1,High,Medium User
2381,WV,64,415,357-2748,no,yes,22,200.4,80,34.07,131.1,84,11.14,230.7,67,10.38,7.6,5,2.05,1,False,569.8000000000001,236,57.64,0,Low,Medium User
2382,VA,123,408,386-7976,no,no,0,154.3,107,26.23,183.0,111,15.56,54.0,134,2.43,10.9,8,2.94,0,False,402.2,360,47.16,0,Low,Low User
2383,ID,68,510,403-9199,no,yes,30,122.9,93,20.89,233.5,91,19.85,199.5,144,8.98,9.6,2,2.59,2,False,565.5,330,52.31,0,Medium,Medium User
2384,CT,40,510,361-1900,yes,no,0,220.8,100,37.54,265.7,106,22.58,212.8,94,9.58,6.4,3,1.73,0,False,705.6999999999999,303,71.43,0,Low,High User
2385,NM,132,408,405-3848,no,no,0,214.6,78,36.48,251.7,98,21.39,240.8,88,10.84,13.9,2,3.75,0,False,720.9999999999999,266,72.46,0,Low,High User
2386,CT,120,408,344-1136,yes,no,0,202.0,123,34.34,184.3,78,15.67,176.0,89,7.92,7.4,2,2.0,2,True,569.6999999999999,292,59.93000000000001,1,Medium,Medium User
2387,MI,108,408,378-6276,no,yes,32,209.5,108,35.62,109.6,64,9.32,189.7,145,8.54,9.1,6,2.46,6,True,517.9,323,55.94,1,High,Medium User
2388,SC,161,510,343-2592,no,no,0,297.9,141,50.64,238.1,107,20.24,240.5,93,10.82,8.9,5,2.4,1,True,785.4,346,84.1,1,Low,High User
2389,SC,130,415,396-4410,no,no,0,212.8,102,36.18,189.8,137,16.13,170.1,105,7.65,10.6,4,2.86,0,True,583.3000000000001,348,62.82,1,Low,Medium User
2390,NY,122,510,397-3943,no,no,0,145.6,102,24.75,284.7,111,24.2,228.2,91,10.27,12.2,5,3.29,0,False,670.7,309,62.51,0,Low,High User
2391,MT,130,408,347-3821,no,yes,19,152.9,87,25.99,213.2,99,18.12,205.3,114,9.24,10.8,6,2.92,2,False,582.2,306,56.27,0,Medium,Medium User
2392,WY,90,510,400-8069,no,no,0,125.4,158,21.32,269.1,83,22.87,238.6,103,10.74,11.0,7,2.97,1,False,644.1,351,57.9,0,Low,High User
2393,NE,139,415,346-5349,no,yes,25,138.3,96,23.51,80.6,79,6.85,163.7,83,7.37,8.3,8,2.24,0,False,390.90000000000003,266,39.97,0,Low,Low User
2394,IN,57,415,345-5089,no,no,0,189.3,157,32.18,174.9,70,14.87,221.9,117,9.99,11.2,5,3.02,3,False,597.3000000000001,349,60.06,0,Medium,Medium User
2395,CO,128,510,410-4613,no,no,0,199.3,86,33.88,194.8,102,16.56,298.2,82,13.42,14.3,2,3.86,4,False,706.5999999999999,272,67.72,0,High,High User
2396,WY,127,510,356-4706,yes,no,0,247.5,99,42.08,108.5,118,9.22,232.0,72,10.44,10.6,3,2.86,2,False,598.6,292,64.6,0,Medium,Medium User
2397,MD,107,415,347-3406,no,no,0,294.9,71,50.13,192.8,78,16.39,148.1,87,6.66,13.2,5,3.56,1,True,649.0,241,76.74000000000001,1,Low,High User
2398,OK,177,408,333-9133,no,no,0,175.4,99,29.82,155.3,83,13.2,179.4,86,8.07,11.5,3,3.11,1,False,521.6,271,54.199999999999996,0,Low,Medium User
2399,SD,121,415,392-2459,no,no,0,179.4,70,30.5,143.0,93,12.16,116.3,113,5.23,11.2,5,3.02,1,False,449.9,281,50.910000000000004,0,Low,Low User
2400,SC,99,510,401-3685,yes,yes,39,126.8,94,21.56,293.6,115,24.96,174.1,91,7.83,8.4,4,2.27,0,False,602.9,304,56.62,0,Low,High User
2401,NY,126,415,352-7752,yes,no,0,239.7,87,40.75,281.7,92,23.94,183.5,113,8.26,11.4,1,3.08,1,True,716.3,293,76.03,1,Low,High User
2402,NY,77,415,388-9285,no,yes,33,143.0,101,24.31,212.2,102,18.04,104.9,120,4.72,15.3,4,4.13,5,True,475.40000000000003,327,51.199999999999996,1,High,Low User
2403,WV,21,415,332-5582,no,no,0,91.9,109,15.62,198.4,111,16.86,171.7,125,7.73,13.0,7,3.51,2,False,475.0,352,43.71999999999999,0,Medium,Low User
2404,WA,56,408,376-2550,no,no,0,210.4,80,35.77,176.6,96,15.01,149.7,56,6.74,15.5,4,4.19,1,False,552.2,236,61.71,0,Low,Medium User
2405,ID,92,415,333-4594,no,yes,29,201.3,130,34.22,203.7,115,17.31,129.9,113,5.85,6.4,6,1.73,1,True,541.3,364,59.11,1,Low,Medium User
2406,MN,81,510,375-2522,no,no,0,145.6,59,24.75,287.9,131,24.47,181.7,121,8.18,9.2,4,2.48,2,False,624.4000000000001,315,59.879999999999995,0,Medium,High User
2407,TX,139,510,388-2240,yes,yes,31,203.5,82,34.6,200.3,72,17.03,214.0,112,9.63,13.4,6,3.62,1,True,631.1999999999999,272,64.88000000000001,1,Low,High User
2408,AZ,68,415,420-1782,no,no,0,232.4,76,39.51,153.3,103,13.03,214.6,107,9.66,10.5,2,2.84,1,False,610.8000000000001,288,65.04,0,Low,High User
2409,DE,183,415,384-8890,no,yes,8,86.5,119,14.71,285.2,97,24.24,180.4,133,8.12,8.7,2,2.35,2,False,560.8000000000001,351,49.42,0,Medium,Medium User
2410,CO,90,408,371-4788,no,no,0,109.9,102,18.68,220.8,114,18.77,104.0,133,4.68,10.9,6,2.94,0,False,445.6,355,45.07,0,Low,Low User
2411,WI,165,408,360-5636,no,no,0,156.0,88,26.52,276.1,81,23.47,175.9,94,7.92,9.3,5,2.51,1,False,617.3,268,60.419999999999995,0,Low,High User
2412,WI,89,415,373-4264,no,no,0,326.3,112,55.47,165.1,110,14.03,162.9,97,7.33,7.5,1,2.03,1,True,661.8,320,78.86,1,Low,High User
2413,NJ,59,510,352-9836,no,no,0,195.0,58,33.15,198.5,88,16.87,304.3,110,13.69,14.8,9,4.0,0,False,712.5999999999999,265,67.71,0,Low,High User
2414,IL,16,415,342-2013,yes,no,0,110.0,91,18.7,147.3,75,12.52,190.5,73,8.57,6.4,7,1.73,0,False,454.2,246,41.519999999999996,0,Low,Low User
2415,DC,114,415,354-5689,no,no,0,147.1,119,25.01,161.0,111,13.69,275.9,106,12.42,9.0,3,2.43,5,True,593.0,339,53.550000000000004,1,High,Medium User
2416,IA,113,510,335-8427,no,no,0,156.0,141,26.52,256.8,72,21.83,175.3,123,7.89,11.9,5,3.21,2,False,600.0,341,59.449999999999996,0,Medium,Medium User
2417,GA,120,408,409-6753,no,no,0,98.2,99,16.69,186.7,85,15.87,146.7,96,6.6,9.3,4,2.51,2,False,440.9,284,41.67,0,Medium,Low User
2418,AK,115,415,349-1756,no,no,0,210.6,120,35.8,153.1,84,13.01,262.2,79,11.8,11.0,5,2.97,0,False,636.9,288,63.58,0,Low,High User
2419,CA,37,510,328-8980,no,no,0,239.9,120,40.78,261.6,88,22.24,207.1,88,9.32,8.9,4,2.4,2,True,717.5,300,74.74000000000001,1,Medium,High User
2420,MN,100,415,399-2151,yes,no,0,159.9,94,27.18,179.9,95,15.29,154.4,102,6.95,11.6,2,3.13,2,True,505.80000000000007,293,52.550000000000004,1,Medium,Medium User
2421,CO,132,415,379-9524,no,no,0,197.8,66,33.63,133.9,119,11.38,177.3,94,7.98,10.9,3,2.94,4,True,519.9000000000001,282,55.93000000000001,1,High,Medium User
2422,KY,38,408,352-9947,no,yes,36,115.4,98,19.62,166.2,83,14.13,184.7,79,8.31,15.2,6,4.1,2,False,481.5,266,46.160000000000004,0,Medium,Low User
2423,SC,1,408,336-1043,no,no,0,123.8,113,21.05,236.2,77,20.08,73.2,81,3.29,3.7,2,1.0,0,False,436.9,273,45.419999999999995,0,Low,Low User
2424,MT,97,415,416-7013,no,yes,15,117.6,97,19.99,196.3,126,16.69,157.4,113,7.08,6.4,3,1.73,1,False,477.69999999999993,339,45.489999999999995,0,Low,Low User
2425,KY,55,415,345-4551,no,yes,28,105.3,82,17.9,197.4,109,16.78,187.5,91,8.44,8.6,6,2.32,2,False,498.8,288,45.44,0,Medium,Low User
2426,WV,75,415,405-9864,no,no,0,111.7,121,18.99,237.3,119,20.17,253.5,110,11.41,13.1,6,3.54,1,False,615.6,356,54.10999999999999,0,Low,High User
2427,ID,83,415,350-4297,no,no,0,159.3,104,27.08,202.3,98,17.2,229.0,73,10.31,9.5,3,2.57,2,False,600.1,278,57.160000000000004,0,Medium,High User
2428,MN,40,510,350-7114,no,no,0,81.7,123,13.89,210.2,108,17.87,212.0,64,9.54,11.3,3,3.05,6,True,515.1999999999999,298,44.349999999999994,1,High,Medium User
2429,MA,101,415,400-4244,no,yes,21,238.0,88,40.46,209.6,84,17.82,233.0,95,10.49,10.0,5,2.7,2,False,690.6,272,71.47,0,Medium,High User
2430,MD,120,415,417-2608,no,yes,40,128.1,99,21.78,247.7,78,21.05,199.7,121,8.99,15.6,3,4.21,0,False,591.1,301,56.03,0,Low,Medium User
2431,SD,183,415,372-2990,no,yes,31,171.2,104,29.1,193.6,74,16.46,196.5,85,8.84,10.2,4,2.75,1,False,571.5,267,57.150000000000006,0,Low,Medium User
2432,PA,75,510,353-9998,no,no,0,109.0,88,18.53,259.3,120,22.04,182.1,119,8.19,13.3,3,3.59,4,True,563.6999999999999,330,52.349999999999994,1,High,Medium User
2433,KY,80,415,330-3008,no,no,0,220.0,114,37.4,207.7,76,17.65,168.4,137,7.58,12.1,3,3.27,2,False,608.2,330,65.89999999999999,0,Medium,High User
2434,ID,88,415,384-8629,no,no,0,55.6,65,9.45,242.7,121,20.63,176.3,134,7.93,11.3,4,3.05,0,False,485.90000000000003,324,41.059999999999995,0,Low,Low User
2435,NY,112,415,404-9504,no,yes,23,286.6,79,48.72,315.3,102,26.8,193.9,101,8.73,10.3,6,2.78,1,False,806.1,288,87.03,0,Low,High User
2436,NM,63,510,405-8753,no,no,0,207.6,96,35.29,229.0,112,19.47,162.6,131,7.32,13.3,2,3.59,1,False,612.5,341,65.67,0,Low,High User
2437,CA,105,415,409-9911,no,yes,31,109.6,108,18.63,249.3,119,21.19,321.2,101,14.45,8.3,4,2.24,4,True,688.3999999999999,332,56.51,1,High,High User
2438,ID,92,415,394-4260,no,no,0,197.2,113,33.52,242.3,116,20.6,192.0,76,8.64,11.0,5,2.97,2,False,642.5,310,65.73,0,Medium,High User
2439,WY,177,415,380-9063,no,no,0,175.7,120,29.87,168.6,90,14.33,198.9,110,8.95,14.6,4,3.94,1,False,557.8,324,57.09,0,Low,Medium User
2440,NM,118,510,395-4509,no,no,0,205.2,115,34.88,184.8,137,15.71,176.1,115,7.92,7.0,6,1.89,0,False,573.1,373,60.400000000000006,0,Low,Medium User
2441,HI,111,408,401-6671,no,yes,13,193.1,104,32.83,111.6,98,9.49,227.4,94,10.23,12.1,4,3.27,1,False,544.2,300,55.82,0,Low,Medium User
2442,ID,82,510,405-7204,no,yes,34,232.6,121,39.54,153.2,115,13.02,286.7,77,12.9,4.7,3,1.27,3,False,677.2,316,66.73,0,Medium,High User
2443,NC,74,415,329-5377,no,no,0,102.7,89,17.46,149.3,100,12.69,188.1,114,8.46,11.0,5,2.97,0,False,451.1,308,41.58,0,Low,Low User
2444,TX,121,415,408-9572,no,yes,31,263.1,70,44.73,279.3,118,23.74,127.1,143,5.72,9.7,4,2.62,5,False,679.2000000000002,335,76.81,0,High,High User
2445,GA,131,408,380-9879,no,no,0,197.0,79,33.49,201.0,114,17.09,151.2,111,6.8,11.6,5,3.13,1,False,560.8000000000001,309,60.51,0,Low,Medium User
2446,AL,125,408,384-9243,no,no,0,169.3,90,28.78,156.0,138,13.26,210.8,106,9.49,11.6,6,3.13,2,False,547.7,340,54.660000000000004,0,Medium,Medium User
2447,ME,19,415,404-5597,no,no,0,201.5,123,34.26,129.2,110,10.98,220.6,98,9.93,12.9,4,3.48,1,False,564.1999999999999,335,58.64999999999999,0,Low,Medium User
2448,VA,138,415,359-7521,no,no,0,251.0,119,42.67,91.2,96,7.75,142.2,87,6.4,13.8,3,3.73,3,False,498.2,305,60.55,0,Medium,Low User
2449,ID,119,415,327-4795,no,no,0,230.4,117,39.17,225.0,101,19.13,198.5,111,8.93,7.6,6,2.05,3,False,661.5,335,69.27999999999999,0,Medium,High User
2450,NY,137,510,338-7955,no,no,0,109.8,120,18.67,230.5,86,19.59,255.8,103,11.51,11.9,6,3.21,1,False,608.0,315,52.980000000000004,0,Low,High User
2451,NC,182,415,379-6970,no,no,0,279.5,118,47.52,203.2,113,17.27,174.2,101,7.84,10.7,4,2.89,2,True,667.6,336,75.52000000000001,1,Medium,High User
2452,OH,135,415,351-7807,no,no,0,173.4,107,29.48,222.0,84,18.87,64.2,94,2.89,13.7,6,3.7,1,False,473.29999999999995,291,54.940000000000005,0,Low,Low User
2453,HI,134,415,342-9394,no,yes,38,214.4,93,36.45,211.7,57,17.99,165.0,79,7.43,10.0,8,2.7,1,False,601.1,237,64.57,0,Low,High User
2454,DC,45,415,384-6264,no,no,0,96.1,103,16.34,246.8,134,20.98,229.7,92,10.34,9.7,4,2.62,1,False,582.3,333,50.279999999999994,0,Low,Medium User
2455,TN,129,408,352-4534,no,no,0,101.4,145,17.24,249.1,116,21.17,157.6,107,7.09,7.1,6,1.92,1,False,515.2,374,47.42,0,Low,Medium User
2456,VT,142,415,378-4617,no,no,0,232.5,74,39.53,181.8,142,15.45,203.1,86,9.14,10.4,6,2.81,4,False,627.8,308,66.93,0,High,High User
2457,MD,130,415,364-9567,no,yes,45,174.5,120,29.67,217.5,95,18.49,220.3,67,9.91,12.2,2,3.29,1,False,624.5,284,61.35999999999999,0,Low,High User
2458,LA,163,408,371-5875,no,yes,23,224.0,126,38.08,233.5,89,19.85,293.9,104,13.23,8.8,4,2.38,1,False,760.1999999999999,323,73.53999999999999,0,Low,High User
2459,HI,105,415,383-6489,no,no,0,211.1,99,35.89,176.7,66,15.02,221.5,96,9.97,14.7,7,3.97,4,False,624.0,268,64.85,0,High,High User
2460,FL,119,415,345-7117,no,no,0,109.2,96,18.56,153.1,80,13.01,240.0,102,10.8,9.8,5,2.65,2,False,512.1,283,45.02,0,Medium,Medium User
2461,WY,78,408,384-3902,no,no,0,220.0,95,37.4,179.9,121,15.29,188.2,109,8.47,11.5,5,3.11,0,False,599.5999999999999,330,64.27,0,Low,Medium User
2462,NE,92,415,386-2759,no,no,0,181.4,98,30.84,164.5,98,13.98,171.0,110,7.69,10.9,4,2.94,2,False,527.8,310,55.449999999999996,0,Medium,Medium User
2463,WY,146,415,356-1270,no,yes,11,180.7,82,30.72,173.7,90,14.76,231.5,89,10.42,10.1,4,2.73,2,False,596.0,265,58.629999999999995,0,Medium,Medium User
2464,OR,125,408,379-1336,no,yes,32,96.5,109,16.41,145.8,109,12.39,174.4,82,7.85,9.4,2,2.54,1,False,426.1,302,39.19,0,Low,Low User
2465,IN,88,415,354-7201,no,no,0,183.5,93,31.2,170.5,80,14.49,193.8,88,8.72,8.3,5,2.24,3,False,556.0999999999999,266,56.65,0,Medium,Medium User
2466,MD,83,408,404-5057,no,yes,38,107.9,90,18.34,140.4,94,11.93,253.6,79,11.41,10.5,2,2.84,0,False,512.4,265,44.519999999999996,0,Low,Medium User
2467,TN,3,510,407-8012,yes,no,0,161.0,96,27.37,244.9,82,20.82,180.8,103,8.14,7.7,6,2.08,1,False,594.4000000000001,287,58.41,0,Low,Medium User
2468,WV,152,510,332-6139,yes,yes,41,146.8,128,24.96,285.6,96,24.28,213.6,80,9.61,4.3,2,1.16,1,True,650.3,306,60.01,1,Low,High User
2469,WA,48,510,328-1373,no,no,0,149.2,146,25.36,161.9,109,13.76,197.9,109,8.91,8.3,2,2.24,3,False,517.3,366,50.27,0,Medium,Medium User
2470,MS,189,415,411-6501,no,no,0,227.8,124,38.73,169.5,112,14.41,201.1,91,9.05,5.6,4,1.51,3,False,604.0,331,63.699999999999996,0,Medium,High User
2471,OH,95,415,329-8056,no,yes,23,160.3,87,27.25,202.4,101,17.2,191.1,122,8.6,7.4,3,2.0,0,False,561.2,313,55.050000000000004,0,Low,Medium User
2472,IN,129,415,415-4564,no,no,0,137.8,120,23.43,225.8,110,19.19,145.2,95,6.53,10.2,6,2.75,1,True,519.0,331,51.900000000000006,1,Low,Medium User
2473,CO,66,408,329-6192,no,yes,40,141.7,87,24.09,268.3,89,22.81,241.3,68,10.86,8.5,7,2.3,0,False,659.8,251,60.059999999999995,0,Low,High User
2474,TX,80,510,384-3904,no,yes,22,196.4,115,33.39,150.3,109,12.78,176.2,75,7.93,9.3,1,2.51,0,False,532.2,300,56.61,0,Low,Medium User
2475,AK,1,408,373-1028,no,no,0,175.2,74,29.78,151.7,79,12.89,230.5,109,10.37,5.3,3,1.43,1,False,562.6999999999999,265,54.47,0,Low,Medium User
2476,WV,84,408,369-1220,no,no,0,146.8,133,24.96,171.7,73,14.59,234.5,69,10.55,9.9,3,2.67,1,False,562.9,278,52.769999999999996,0,Low,Medium User
2477,MA,96,415,359-9369,no,no,0,173.9,111,29.56,287.4,105,24.43,204.8,91,9.22,9.1,7,2.46,1,False,675.1999999999999,314,65.66999999999999,0,Low,High User
2478,TN,123,415,415-3016,no,yes,34,305.2,80,51.88,156.5,109,13.3,280.0,81,12.6,13.2,7,3.56,1,False,754.9000000000001,277,81.34,0,Low,High User
2479,ID,116,510,414-7090,yes,yes,29,162.3,91,27.59,279.3,79,23.74,192.7,131,8.67,11.7,2,3.16,3,True,646.0,303,63.16,1,Medium,High User
2480,DE,105,415,350-2250,yes,no,0,150.0,106,25.5,293.8,123,24.97,250.7,65,11.28,10.3,7,2.78,3,False,704.8,301,64.53,0,Medium,High User
2481,VA,80,415,383-9355,no,no,0,197.5,114,33.58,206.9,119,17.59,163.6,109,7.36,11.3,4,3.05,1,False,579.3,346,61.58,0,Low,Medium User
2482,MT,157,408,417-3257,no,no,0,240.2,67,40.83,153.0,98,13.01,249.0,72,11.21,10.2,6,2.75,2,False,652.4000000000001,243,67.8,0,Medium,High User
2483,ID,67,510,336-8010,no,yes,30,186.2,117,31.65,286.7,76,24.37,164.3,113,7.39,12.9,3,3.48,2,False,650.1,309,66.89,0,Medium,High User
2484,IN,141,415,354-7718,no,yes,39,116.9,127,19.87,276.5,88,23.5,289.9,125,13.05,12.3,2,3.32,0,False,695.5999999999999,342,59.74,0,Low,High User
2485,MD,79,415,358-4412,no,yes,17,236.7,95,40.24,263.5,56,22.4,259.6,107,11.68,12.0,4,3.24,1,False,771.8,262,77.55999999999999,0,Low,High User
2486,MS,76,408,368-8972,no,no,0,173.2,93,29.44,131.2,80,11.15,170.9,104,7.69,5.4,3,1.46,0,False,480.69999999999993,280,49.74,0,Low,Low User
2487,WA,111,510,407-9841,no,no,0,152.2,114,25.87,137.2,102,11.66,185.9,97,8.37,9.8,3,2.65,0,False,485.09999999999997,316,48.55,0,Low,Low User
2488,OH,94,415,393-5208,no,no,0,181.3,135,30.82,182.4,108,15.5,180.6,103,8.13,6.7,2,1.81,0,False,551.0000000000001,348,56.260000000000005,0,Low,Medium User
2489,RI,143,408,332-2889,no,no,0,167.8,72,28.53,211.0,99,17.94,153.5,109,6.91,10.5,6,2.84,4,True,542.8,286,56.22,1,High,Medium User
2490,AR,109,510,374-5530,no,no,0,175.4,125,29.82,250.7,87,21.31,289.3,74,13.02,9.8,9,2.65,1,False,725.2,295,66.8,0,Low,High User
2491,AZ,138,415,332-3381,no,no,0,87.6,112,14.89,266.9,107,22.69,214.6,104,9.66,9.8,10,2.65,2,False,578.9,333,49.88999999999999,0,Medium,Medium User
2492,SC,73,415,344-9347,no,no,0,203.3,45,34.56,141.9,87,12.06,200.7,71,9.03,8.5,6,2.3,0,False,554.4000000000001,209,57.95,0,Low,Medium User
2493,KY,21,415,412-1991,no,no,0,92.6,95,15.74,161.9,70,13.76,285.0,78,12.83,11.3,3,3.05,5,True,550.8,246,45.379999999999995,1,High,Medium User
2494,AL,148,415,393-4528,no,yes,21,262.9,135,44.69,149.5,96,12.71,140.5,109,6.32,8.1,4,2.19,1,False,561.0,344,65.91,0,Low,Medium User
2495,NE,103,408,347-2378,no,no,0,160.8,91,27.34,155.8,82,13.24,254.3,103,11.44,8.5,3,2.3,1,False,579.4000000000001,279,54.31999999999999,0,Low,Medium User
2496,MT,143,408,385-2699,no,yes,22,141.8,116,24.11,167.3,99,14.22,178.1,130,8.01,7.8,3,2.11,1,False,495.00000000000006,348,48.449999999999996,0,Low,Low User
2497,MN,79,408,383-4319,no,yes,32,50.6,62,8.6,201.4,87,17.12,146.8,121,6.61,4.2,4,1.13,2,False,403.0,274,33.46,0,Medium,Low User
2498,NV,89,415,352-7915,no,no,0,134.9,59,22.93,156.0,152,13.26,197.5,112,8.89,10.2,5,2.75,1,False,498.59999999999997,328,47.83,0,Low,Low User
2499,CA,120,415,375-5547,no,no,0,252.1,110,42.86,226.1,103,19.22,155.6,83,7.0,13.8,3,3.73,1,False,647.5999999999999,299,72.81,0,Low,High User
2500,UT,121,415,337-2348,no,yes,41,215.5,95,36.64,241.8,92,20.55,147.0,108,6.61,9.6,3,2.59,1,False,613.9,298,66.39,0,Low,High User
2501,IL,101,415,342-8702,no,no,0,124.8,66,21.22,257.2,85,21.86,193.2,115,8.69,13.4,4,3.62,0,False,588.6,270,55.38999999999999,0,Low,Medium User
2502,DC,115,408,393-5802,no,no,0,178.7,114,30.38,271.0,96,23.04,245.9,94,11.07,16.4,5,4.43,2,False,712.0,309,68.92000000000002,0,Medium,High User
2503,IN,168,415,384-2219,no,no,0,183.2,131,31.14,179.2,73,15.23,292.8,100,13.18,9.9,5,2.67,2,False,665.1,309,62.220000000000006,0,Medium,High User
2504,NM,90,415,347-6164,no,no,0,167.5,96,28.48,139.1,104,11.82,138.4,87,6.23,13.0,1,3.51,1,False,458.0,288,50.04,0,Low,Low User
2505,MS,70,510,376-9940,no,no,0,147.1,105,25.01,200.0,135,17.0,234.9,65,10.57,12.5,9,3.38,3,False,594.5,314,55.96000000000001,0,Medium,Medium User
2506,VT,138,415,354-4352,no,no,0,230.1,107,39.12,212.0,120,18.02,174.9,119,7.87,13.2,4,3.56,1,False,630.2,350,68.57000000000001,0,Low,High User
2507,VT,43,408,331-8713,no,no,0,135.8,125,23.09,163.2,88,13.87,229.8,106,10.34,12.6,3,3.4,0,False,541.4,322,50.699999999999996,0,Low,Medium User
2508,UT,117,510,341-3663,no,yes,20,205.7,98,34.97,136.1,107,11.57,159.4,147,7.17,8.7,3,2.35,2,False,509.8999999999999,355,56.06,0,Medium,Medium User
2509,KY,108,408,376-4665,no,no,0,73.8,105,12.55,143.4,114,12.19,170.2,98,7.66,10.9,3,2.94,2,False,398.29999999999995,320,35.34,0,Medium,Low User
2510,VA,118,408,421-9034,no,no,0,189.3,119,32.18,233.5,112,19.85,270.9,104,12.19,10.0,1,2.7,2,False,703.7,336,66.92,0,Medium,High User
2511,OH,169,408,401-5169,no,no,0,147.2,115,25.02,161.9,123,13.76,142.1,103,6.39,7.2,6,1.94,3,False,458.40000000000003,347,47.11,0,Medium,Low User
2512,AZ,62,408,370-8262,no,yes,42,137.3,95,23.34,184.2,94,15.66,231.4,70,10.41,10.2,3,2.75,0,False,563.1,262,52.16,0,Low,Medium User
2513,NY,86,510,387-2041,no,no,0,70.7,125,12.02,211.0,113,17.94,174.6,107,7.86,0.0,0,0.0,2,False,456.29999999999995,345,37.82,0,Medium,Low User
2514,VA,44,408,356-4146,no,no,0,204.6,117,34.78,205.2,94,17.44,164.6,84,7.41,10.7,5,2.89,0,False,585.1,300,62.519999999999996,0,Low,Medium User
2515,MD,111,510,372-8883,no,no,0,123.1,88,20.93,213.9,84,18.18,184.9,88,8.32,12.0,2,3.24,5,True,533.9,262,50.67,1,High,Medium User
2516,MA,127,510,336-1880,no,yes,19,129.7,115,22.05,160.8,101,13.67,265.0,63,11.93,12.2,3,3.29,2,False,567.7,282,50.94,0,Medium,Medium User
2517,IL,151,415,347-5843,yes,no,0,198.7,70,33.78,209.5,106,17.81,281.9,126,12.69,12.4,4,3.35,0,False,702.4999999999999,306,67.63,0,Low,High User
2518,LA,53,415,370-8023,no,no,0,145.1,116,24.67,233.7,82,19.86,208.7,95,9.39,7.9,5,2.13,2,False,595.4,298,56.050000000000004,0,Medium,Medium User
2519,MO,15,415,417-9814,no,no,0,135.2,101,22.98,152.5,79,12.96,224.8,83,10.12,8.4,5,2.27,2,False,520.9,268,48.33,0,Medium,Medium User
2520,DC,123,408,387-3422,no,yes,28,124.7,105,21.2,250.4,78,21.28,216.4,128,9.74,7.8,8,2.11,1,False,599.3,319,54.330000000000005,0,Low,Medium User
2521,PA,137,415,365-1664,no,no,0,215.9,76,36.7,145.4,118,12.36,186.9,129,8.41,12.1,4,3.27,1,False,560.3000000000001,327,60.74,0,Low,Medium User
2522,TN,106,415,367-2436,no,no,0,119.2,142,20.26,228.4,139,19.41,197.9,61,8.91,8.4,9,2.27,2,False,553.9,351,50.85,0,Medium,Medium User
2523,NJ,88,510,344-6258,no,no,0,144.3,116,24.53,156.4,74,13.29,214.7,90,9.66,7.8,10,2.11,3,False,523.2,290,49.59,0,Medium,Medium User
2524,VA,106,415,353-8928,no,no,0,235.2,121,39.98,220.6,87,18.75,236.3,91,10.63,11.8,4,3.19,1,False,703.8999999999999,303,72.55,0,Low,High User
2525,TN,95,510,365-7784,no,no,0,174.0,57,29.58,281.1,118,23.89,197.2,94,8.87,9.7,2,2.62,0,False,662.0,271,64.96,0,Low,High User
2526,NJ,57,510,330-2635,yes,no,0,115.0,65,19.55,122.3,96,10.4,245.0,75,11.03,6.4,1,1.73,0,True,488.7,237,42.71,1,Low,Low User
2527,WA,184,408,344-3131,no,no,0,151.7,93,25.79,178.5,77,15.17,229.1,111,10.31,13.1,8,3.54,2,False,572.4,289,54.81,0,Medium,Medium User
2528,AR,109,510,378-4294,no,no,0,153.1,102,26.03,234.1,77,19.9,329.2,74,14.81,9.9,9,2.67,3,False,726.3,262,63.410000000000004,0,Medium,High User
2529,WI,127,415,343-9365,no,no,0,218.6,93,37.16,149.9,130,12.74,204.6,131,9.21,9.2,5,2.48,2,False,582.3000000000001,359,61.589999999999996,0,Medium,Medium User
2530,WA,82,510,362-5579,no,no,0,265.2,122,45.08,178.7,102,15.19,174.7,90,7.86,10.7,9,2.89,2,False,629.3,323,71.02,0,Medium,High User
2531,RI,180,415,366-7616,no,no,0,143.3,134,24.36,180.5,113,15.34,184.2,87,8.29,10.1,4,2.73,1,False,518.1,338,50.72,0,Low,Medium User
2532,ME,174,415,397-2870,no,no,0,190.3,98,32.35,252.7,70,21.48,220.6,97,9.93,7.2,9,1.94,2,False,670.8000000000001,274,65.7,0,Medium,High User
2533,CO,92,415,408-3262,no,no,0,184.7,60,31.4,262.0,73,22.27,239.5,120,10.78,12.3,6,3.32,2,True,698.5,259,67.77,1,Medium,High User
2534,CO,81,408,372-9091,no,no,0,115.3,99,19.6,224.7,117,19.1,152.5,98,6.86,18.0,2,4.86,1,False,510.5,316,50.42,0,Low,Medium User
2535,RI,125,408,410-3159,no,no,0,113.0,108,19.21,169.2,107,14.38,156.6,61,7.05,9.2,5,2.48,2,True,447.99999999999994,281,43.12,1,Medium,Low User
2536,CT,119,408,344-5181,no,no,0,294.2,100,50.01,232.5,53,19.76,195.0,64,8.78,9.0,1,2.43,0,True,730.7,218,80.98,1,Low,High User
2537,NC,122,415,396-8662,no,no,0,215.6,86,36.65,167.8,59,14.26,207.0,67,9.32,6.4,8,1.73,3,False,596.8,220,61.959999999999994,0,Medium,Medium User
2538,WY,34,408,339-6446,no,no,0,128.8,80,21.9,208.7,93,17.74,202.1,103,9.09,14.0,7,3.78,1,False,553.6,283,52.510000000000005,0,Low,Medium User
2539,OR,138,415,384-7236,yes,yes,28,211.2,117,35.9,312.5,98,26.56,178.0,118,8.01,10.7,2,2.89,3,True,712.4000000000001,335,73.36,1,Medium,High User
2540,FL,90,415,353-5257,no,yes,24,71.2,82,12.1,181.6,103,15.44,186.9,111,8.41,12.9,1,3.48,1,False,452.6,297,39.43,0,Low,Low User
2541,KY,73,408,369-7295,no,no,0,94.9,121,16.13,253.2,83,21.52,175.1,86,7.88,14.2,2,3.83,2,False,537.4000000000001,292,49.36,0,Medium,Medium User
2542,SC,19,510,408-5322,no,no,0,259.4,116,44.1,269.7,109,22.92,175.3,130,7.89,9.5,3,2.57,1,True,713.8999999999999,358,77.48,1,Low,High User
2543,WA,120,408,344-9620,no,yes,28,215.8,123,36.69,285.2,76,24.24,192.1,78,8.64,6.9,3,1.86,1,False,700.0,280,71.42999999999999,0,Low,High User
2544,MT,160,415,329-8436,no,no,0,97.5,113,16.58,268.1,69,22.79,255.3,62,11.49,13.2,4,3.56,3,False,634.1000000000001,248,54.42,0,Medium,High User
2545,PA,141,510,414-6739,no,no,0,146.5,121,24.91,169.9,125,14.44,238.8,112,10.75,8.2,5,2.21,0,False,563.4000000000001,363,52.31,0,Low,Medium User
2546,MA,90,408,406-1730,no,no,0,157.9,72,26.84,234.0,93,19.89,210.0,86,9.45,12.2,5,3.29,2,False,614.1,256,59.470000000000006,0,Medium,High User
2547,VT,72,415,336-9327,no,no,0,139.9,117,23.78,223.6,96,19.01,240.8,93,10.84,12.7,4,3.43,2,False,617.0,310,57.06000000000001,0,Medium,High User
2548,MN,117,408,378-7418,no,yes,21,153.2,112,26.04,263.3,110,22.38,135.0,85,6.08,11.9,7,3.21,1,False,563.4,314,57.71,0,Low,Medium User
2549,IL,79,408,412-6019,yes,no,0,103.5,134,17.6,319.3,111,27.14,239.9,124,10.8,8.4,4,2.27,2,False,671.1,373,57.81000000000001,0,Medium,High User
2550,AR,87,408,390-4789,no,no,0,185.8,119,31.59,192.3,83,16.35,200.0,96,9.0,6.6,4,1.78,1,False,584.7,302,58.72,0,Low,Medium User
2551,MD,102,415,386-9774,no,no,0,129.5,56,22.02,354.2,118,30.11,145.5,93,6.55,10.9,3,2.94,1,False,640.1,270,61.61999999999999,0,Low,High User
2552,MT,49,408,353-8970,no,no,0,236.6,91,40.22,220.9,146,18.78,146.8,114,6.61,8.9,2,2.4,1,False,613.1999999999999,353,68.01,0,Low,High User
2553,VT,67,408,410-5370,no,no,0,260.4,107,44.27,208.2,104,17.7,207.9,115,9.36,10.0,2,2.7,6,False,686.5,328,74.03,0,High,High User
2554,CO,107,415,404-4421,no,no,0,167.3,100,28.44,163.9,79,13.93,185.9,100,8.37,6.7,5,1.81,2,False,523.8000000000001,284,52.550000000000004,0,Medium,Medium User
2555,NC,190,408,409-3353,no,no,0,182.2,101,30.97,212.3,95,18.05,233.0,123,10.49,9.3,4,2.51,2,False,636.8,323,62.019999999999996,0,Medium,High User
2556,WA,118,510,422-2571,no,no,0,113.0,80,19.21,150.1,87,12.76,204.3,115,9.19,10.8,4,2.92,2,False,478.20000000000005,286,44.08,0,Medium,Low User
2557,TN,120,415,412-3404,no,no,0,185.7,133,31.57,235.1,149,19.98,256.4,78,11.54,16.9,6,4.56,0,False,694.0999999999999,366,67.64999999999999,0,Low,High User
2558,AR,94,408,333-2964,no,no,0,136.2,114,23.15,165.1,118,14.03,137.9,71,6.21,9.6,5,2.59,0,False,448.79999999999995,308,45.980000000000004,0,Low,Low User
2559,DC,115,510,406-6669,no,yes,29,222.6,81,37.84,190.3,109,16.18,201.2,87,9.05,11.5,2,3.11,1,False,625.5999999999999,279,66.18,0,Low,High User
2560,MN,61,415,409-8802,no,no,0,197.3,67,33.54,264.5,106,22.48,210.5,116,9.47,9.0,6,2.43,1,False,681.3,295,67.92,0,Low,High User
2561,IA,143,510,354-6183,no,yes,33,141.4,130,24.04,186.4,114,15.84,210.0,111,9.45,7.7,6,2.08,1,False,545.5,361,51.41,0,Low,Medium User
2562,KS,110,510,354-2434,no,no,0,208.0,69,35.36,95.1,94,8.08,178.5,129,8.03,8.0,11,2.16,1,False,489.6,303,53.629999999999995,0,Low,Low User
2563,ND,104,415,389-7620,no,no,0,118.5,92,20.15,177.8,109,15.11,255.7,98,11.51,12.1,4,3.27,1,False,564.1,303,50.04,0,Low,Medium User
2564,MT,16,510,338-1724,no,no,0,153.2,65,26.04,229.7,90,19.52,148.2,94,6.67,10.7,8,2.89,1,False,541.8,257,55.120000000000005,0,Low,Medium User
2565,IL,183,510,399-1750,no,no,0,108.3,87,18.41,183.6,116,15.61,176.6,109,7.95,13.5,2,3.65,0,False,482.0,314,45.62,0,Low,Low User
2566,DC,147,408,354-8914,no,no,0,168.6,92,28.66,187.7,107,15.95,216.5,95,9.74,14.4,8,3.89,2,False,587.1999999999999,302,58.24,0,Medium,Medium User
2567,KY,58,415,409-2983,no,no,0,247.2,116,42.02,303.7,103,25.81,105.4,94,4.74,9.3,2,2.51,2,True,665.5999999999999,315,75.08,1,Medium,High User
2568,MS,102,510,329-9689,yes,no,0,224.2,81,38.11,243.3,90,20.68,147.8,66,6.65,12.0,8,3.24,3,False,627.3,245,68.67999999999999,0,Medium,High User
2569,TN,123,415,337-8950,no,no,0,166.9,98,28.37,221.8,77,18.85,243.9,114,10.98,12.8,4,3.46,3,False,645.4,293,61.660000000000004,0,Medium,High User
2570,IA,64,415,374-1836,no,yes,43,118.4,100,20.13,144.1,108,12.25,158.1,91,7.11,8.5,6,2.3,1,False,429.1,305,41.78999999999999,0,Low,Low User
2571,AK,103,510,359-9454,no,no,0,190.9,62,32.45,226.6,53,19.26,230.1,96,10.35,7.8,3,2.11,2,False,655.4,214,64.17000000000002,0,Medium,High User
2572,MN,152,415,378-9542,no,no,0,317.8,60,54.03,152.9,100,13.0,123.4,63,5.55,10.4,7,2.81,1,True,604.5,230,75.39,1,Low,High User
2573,WV,124,415,344-1970,no,no,0,312.0,112,53.04,180.0,109,15.3,168.6,94,7.59,12.8,4,3.46,1,True,673.4,319,79.39,1,Low,High User
2574,OR,97,415,417-2774,no,no,0,146.0,121,24.82,203.0,141,17.26,151.8,120,6.83,13.3,2,3.59,1,False,514.1,384,52.5,0,Low,Medium User
2575,MS,131,415,333-9002,no,no,0,131.6,95,22.37,179.3,109,15.24,251.2,129,11.3,15.5,3,4.19,1,True,577.5999999999999,336,53.099999999999994,1,Low,Medium User
2576,ME,57,415,369-8576,no,yes,33,193.4,105,32.88,231.6,79,19.69,226.2,90,10.18,11.1,11,3.0,2,False,662.3000000000001,285,65.75,0,Medium,High User
2577,MN,157,510,372-6920,no,no,0,185.1,92,31.47,213.0,85,18.11,196.1,85,8.82,8.5,5,2.3,2,False,602.7,267,60.699999999999996,0,Medium,High User
2578,GA,194,510,333-6575,no,no,0,193.3,106,32.86,169.0,150,14.37,225.2,122,10.13,11.8,4,3.19,0,False,599.3,382,60.55,0,Low,Medium User
2579,DC,66,415,410-1190,no,no,0,146.4,107,24.89,196.5,99,16.7,230.1,106,10.35,7.8,2,2.11,1,False,580.8,314,54.050000000000004,0,Low,Medium User
2580,GA,155,510,376-1641,no,no,0,71.2,90,12.1,304.4,119,25.87,183.3,103,8.25,8.6,4,2.32,0,False,567.5,316,48.54,0,Low,Medium User
2581,NY,123,415,329-6731,no,no,0,123.2,104,20.94,190.0,117,16.15,170.3,95,7.66,12.9,5,3.48,4,True,496.4,321,48.23,1,High,Low User
2582,OK,116,510,393-3976,no,no,0,205.0,90,34.85,140.9,114,11.98,272.6,96,12.27,7.5,4,2.03,2,False,626.0,304,61.129999999999995,0,Medium,High User
2583,OK,63,415,388-7355,no,no,0,128.7,78,21.88,240.8,133,20.47,237.7,121,10.7,12.8,6,3.46,1,False,620.0,338,56.51,0,Low,High User
2584,GA,64,510,412-7791,no,no,0,216.9,78,36.87,211.0,115,17.94,179.8,116,8.09,11.4,5,3.08,3,False,619.1,314,65.98,0,Medium,High User
2585,NJ,96,510,368-6111,no,no,0,150.0,122,25.5,218.5,116,18.57,212.4,89,9.56,9.8,1,2.65,3,False,590.6999999999999,328,56.28,0,Medium,Medium User
2586,MN,53,415,401-9420,no,no,0,164.1,106,27.9,206.0,56,17.51,194.7,124,8.76,11.4,2,3.08,1,False,576.1999999999999,288,57.24999999999999,0,Low,Medium User
2587,ME,105,510,352-5750,no,no,0,212.0,113,36.04,226.6,128,19.26,193.6,114,8.71,8.9,7,2.4,3,False,641.1,362,66.41,0,Medium,High User
2588,MI,53,510,417-3702,no,yes,37,167.3,99,28.44,194.7,99,16.55,236.7,112,10.65,12.0,9,3.24,2,False,610.7,319,58.88,0,Medium,High User
2589,MT,101,415,353-5714,no,no,0,154.4,130,26.25,217.2,101,18.46,185.4,52,8.34,13.9,4,3.75,1,False,570.9,287,56.8,0,Low,Medium User
2590,NE,129,510,409-9494,no,yes,30,177.3,95,30.14,211.8,102,18.0,240.2,108,10.81,9.3,7,2.51,3,False,638.5999999999999,312,61.46,0,Medium,High User
2591,ND,122,408,395-1901,no,no,0,231.2,141,39.3,267.8,136,22.76,240.3,100,10.81,8.8,5,2.38,1,True,748.0999999999999,382,75.25,1,Low,High User
2592,VA,163,415,378-8342,no,no,0,202.9,100,34.49,178.6,46,15.18,203.8,116,9.17,12.8,3,3.46,5,False,598.0999999999999,265,62.300000000000004,0,High,Medium User
2593,VT,93,408,417-6044,no,no,0,149.6,120,25.43,200.7,85,17.06,181.2,107,8.15,14.3,9,3.86,0,False,545.8,321,54.49999999999999,0,Low,Medium User
2594,OH,115,510,348-1163,yes,no,0,345.3,81,58.7,203.4,106,17.29,217.5,107,9.79,11.8,8,3.19,1,True,778.0,302,88.97,1,Low,High User
2595,AL,25,408,337-4600,no,no,0,264.9,80,45.03,281.2,66,23.9,166.1,80,7.47,8.4,4,2.27,1,True,720.5999999999999,230,78.67,1,Low,High User
2596,DC,73,408,355-5922,no,no,0,122.0,92,20.74,138.3,114,11.76,224.2,128,10.09,5.8,5,1.57,1,False,490.3,339,44.160000000000004,0,Low,Low User
2597,ND,120,415,369-5810,no,no,0,177.2,88,30.12,270.4,99,22.98,231.5,90,10.42,14.0,2,3.78,2,False,693.0999999999999,279,67.3,0,Medium,High User
2598,TN,196,415,340-8291,no,no,0,133.1,80,22.63,206.5,120,17.55,221.6,96,9.97,10.3,8,2.78,1,False,571.5,304,52.93,0,Low,Medium User
2599,DE,97,510,354-7397,no,no,0,225.1,90,38.27,279.5,127,23.76,233.8,103,10.52,8.8,4,2.38,0,True,747.2,324,74.92999999999999,1,Low,High User
2600,NY,148,408,407-7464,no,no,0,208.4,120,35.43,174.4,99,14.82,310.7,105,13.98,11.2,4,3.02,1,False,704.7,328,67.25,0,Low,High User
2601,AL,85,408,386-6411,no,yes,30,173.1,107,29.43,247.2,101,21.01,158.7,104,7.14,11.5,5,3.11,1,False,590.5,317,60.69,0,Low,Medium User
2602,OK,86,510,397-3746,yes,no,0,162.4,131,27.61,167.0,102,14.2,128.9,118,5.8,11.4,2,3.08,2,True,469.69999999999993,353,50.69,1,Medium,Low User
2603,MS,78,415,410-5236,no,yes,13,281.2,93,47.8,178.2,101,15.15,244.2,129,10.99,6.4,5,1.73,2,False,709.9999999999999,328,75.67,0,Medium,High User
2604,MD,106,415,409-2412,no,no,0,208.3,89,35.41,169.4,67,14.4,102.0,90,4.59,15.9,4,4.29,3,False,495.6,250,58.68999999999999,0,Medium,Low User
2605,NE,147,415,400-7280,no,yes,38,243.4,126,41.38,273.8,109,23.27,282.9,91,12.73,14.1,8,3.81,2,False,814.2,334,81.19000000000001,0,Medium,High User
2606,AR,145,415,332-5820,no,no,0,224.2,89,38.11,314.9,121,26.77,182.9,121,8.23,16.1,3,4.35,1,True,738.0999999999999,334,77.46,1,Low,High User
2607,IL,91,415,373-4483,no,no,0,189.3,100,32.18,239.3,107,20.34,89.7,89,4.04,9.9,3,2.67,3,False,528.2,299,59.23,0,Medium,Medium User
2608,IN,81,408,347-6717,no,yes,46,168.3,124,28.61,270.9,103,23.03,222.5,98,10.01,6.7,2,1.81,4,False,668.4000000000001,327,63.46,0,High,High User
2609,UT,116,415,380-2929,no,yes,24,232.9,90,39.59,152.1,94,12.93,344.3,82,15.49,10.7,6,2.89,1,False,740.0,272,70.9,0,Low,High User
2610,LA,69,415,420-7692,no,yes,37,155.0,98,26.35,142.4,105,12.1,143.7,117,6.47,5.9,4,1.59,1,False,446.99999999999994,324,46.510000000000005,0,Low,Low User
2611,ID,135,510,380-6437,no,no,0,154.4,130,26.25,203.8,90,17.32,158.7,59,7.14,11.8,3,3.19,0,False,528.7,282,53.9,0,Low,Medium User
2612,KY,73,510,377-8309,no,no,0,234.7,102,39.9,195.7,110,16.63,253.4,71,11.4,8.4,8,2.27,2,False,692.1999999999999,291,70.2,0,Medium,High User
2613,MI,48,415,407-2718,no,no,0,240.0,88,40.8,141.0,117,11.99,128.9,137,5.8,7.1,9,1.92,1,False,517.0,351,60.51,0,Low,Medium User
2614,NH,125,415,357-1938,yes,no,0,298.4,78,50.73,270.5,142,22.99,107.3,84,4.83,12.2,2,3.29,0,True,688.4,306,81.84,1,Low,High User
2615,WV,100,415,381-3735,no,no,0,166.0,102,28.22,236.1,97,20.07,134.3,93,6.04,10.9,4,2.94,1,False,547.3000000000001,296,57.269999999999996,0,Low,Medium User
2616,OR,165,415,409-8453,no,yes,33,111.6,140,18.97,213.3,111,18.13,267.6,115,12.04,16.0,3,4.32,0,False,608.5,369,53.459999999999994,0,Low,High User
2617,SD,64,415,395-6758,no,no,0,174.5,98,29.67,180.2,103,15.32,179.0,89,8.06,10.7,2,2.89,2,False,544.4000000000001,292,55.940000000000005,0,Medium,Medium User
2618,MD,116,510,399-5424,yes,yes,27,175.5,137,29.84,210.6,60,17.9,294.8,121,13.27,6.9,5,1.86,1,False,687.8000000000001,323,62.86999999999999,0,Low,High User
2619,ND,147,408,409-4671,yes,yes,35,157.5,109,26.78,189.6,67,16.12,227.0,76,10.22,11.1,2,3.0,3,True,585.2,254,56.120000000000005,1,Medium,Medium User
2620,TN,115,415,374-6525,no,no,0,206.2,113,35.05,176.4,102,14.99,297.1,119,13.37,11.0,7,2.97,1,False,690.7,341,66.38,0,Low,High User
2621,MO,84,415,406-8665,no,yes,35,207.5,138,35.28,201.0,116,17.09,164.5,107,7.4,7.5,16,2.03,4,False,580.5,377,61.800000000000004,0,High,Medium User
2622,IL,86,510,342-7716,no,yes,16,144.8,105,24.62,206.2,111,17.53,255.4,117,11.49,11.6,2,3.13,4,False,618.0,335,56.77000000000001,0,High,High User
2623,UT,134,415,417-2221,no,no,0,258.8,85,44.0,129.5,114,11.01,193.6,106,8.71,10.9,7,2.94,2,False,592.8,312,66.66,0,Medium,Medium User
2624,MI,105,415,376-5213,no,no,0,226.9,106,38.57,182.2,77,15.49,203.9,107,9.18,11.6,2,3.13,0,True,624.6,292,66.37,1,Low,High User
2625,AR,88,408,348-7448,no,no,0,152.9,119,25.99,171.2,107,14.55,257.0,106,11.57,12.0,5,3.24,2,False,593.1,337,55.35,0,Medium,Medium User
2626,TX,90,408,328-8179,no,yes,27,156.7,51,26.64,236.5,118,20.1,123.2,111,5.54,12.6,6,3.4,2,False,529.0,286,55.68,0,Medium,Medium User
2627,AK,86,408,389-4602,no,no,0,150.8,85,25.64,295.9,88,25.15,247.2,104,11.12,12.5,1,3.38,1,False,706.4,278,65.28999999999999,0,Low,High User
2628,TN,37,415,413-2238,no,no,0,221.0,126,37.57,204.5,110,17.38,118.0,98,5.31,6.8,3,1.84,4,False,550.3,337,62.10000000000001,0,High,Medium User
2629,NH,141,415,402-3370,no,yes,32,322.4,92,54.81,283.2,107,24.07,209.5,111,9.43,6.7,3,1.81,1,True,821.8,313,90.12,1,Low,High User
2630,NM,148,408,348-6008,no,no,0,153.6,148,26.11,262.1,87,22.28,225.5,99,10.15,9.8,3,2.65,2,False,651.0,337,61.19,0,Medium,High User
2631,MN,163,408,371-5655,no,yes,22,215.1,91,36.57,138.9,102,11.81,146.2,109,6.58,12.4,2,3.35,2,False,512.6,304,58.31,0,Medium,Medium User
2632,IA,89,415,374-5224,no,yes,35,174.4,108,29.65,196.7,100,16.72,127.4,74,5.73,11.8,3,3.19,1,False,510.3,285,55.28999999999999,0,Low,Medium User
2633,RI,63,415,371-1187,no,no,0,180.5,126,30.69,230.0,98,19.55,232.5,73,10.46,10.6,3,2.86,0,False,653.6,300,63.56,0,Low,High User
2634,AL,102,415,337-1100,no,no,0,123.1,106,20.93,182.0,102,15.47,244.6,75,11.01,12.6,7,3.4,2,False,562.3000000000001,290,50.809999999999995,0,Medium,Medium User
2635,NC,76,510,421-8141,no,no,0,165.7,94,28.17,257.4,80,21.88,170.8,114,7.69,10.0,4,2.7,1,False,603.9,292,60.44,0,Low,High User
2636,SD,104,408,406-2678,no,no,0,200.2,92,34.03,118.7,87,10.09,236.6,65,10.65,6.0,6,1.62,2,False,561.5,250,56.39,0,Medium,Medium User
2637,MT,109,510,415-9649,no,no,0,154.8,82,26.32,287.7,109,24.45,208.4,80,9.38,5.9,9,1.59,3,False,656.8,280,61.74,0,Medium,High User
2638,HI,105,510,364-8128,no,no,0,125.4,116,21.32,261.5,95,22.23,241.6,104,10.87,11.4,9,3.08,2,False,639.9,324,57.49999999999999,0,Medium,High User
2639,MT,63,415,356-7817,no,yes,33,184.2,111,31.31,312.6,89,26.57,264.0,55,11.88,12.2,4,3.29,1,False,773.0,259,73.05,0,Low,High User
2640,KY,105,415,404-6357,no,yes,24,274.7,99,46.7,193.5,118,16.45,299.6,109,13.48,10.8,3,2.92,3,False,778.5999999999999,329,79.55000000000001,0,Medium,High User
2641,DC,68,415,398-2138,yes,yes,39,142.0,140,24.14,241.6,89,20.54,302.0,72,13.59,11.3,5,3.05,1,False,696.9,306,61.31999999999999,0,Low,High User
2642,CO,63,408,378-8029,yes,yes,21,151.5,99,25.76,147.8,89,12.56,210.4,114,9.47,10.0,4,2.7,1,False,519.7,306,50.49,0,Low,Medium User
2643,MI,74,415,386-4215,no,no,0,124.8,114,21.22,133.0,121,11.31,160.3,85,7.21,10.6,7,2.86,3,False,428.70000000000005,327,42.6,0,Medium,Low User
2644,AL,76,415,367-8156,no,no,0,179.2,85,30.46,222.9,66,18.95,188.2,113,8.47,12.4,2,3.35,0,False,602.6999999999999,266,61.23,0,Low,High User
2645,KS,91,408,382-8079,yes,no,0,246.4,110,41.89,182.0,98,15.47,157.6,106,7.09,12.1,2,3.27,2,True,598.1,316,67.72,1,Medium,Medium User
2646,NC,101,415,354-2985,no,no,0,232.7,114,39.56,186.4,123,15.84,153.3,122,6.9,11.5,6,3.11,5,False,583.9000000000001,365,65.41000000000001,0,High,Medium User
2647,SC,116,408,373-6922,no,no,0,288.0,120,48.96,255.8,90,21.74,233.4,99,10.5,13.4,4,3.62,0,True,790.5999999999999,313,84.82000000000001,1,Low,High User
2648,CO,131,415,397-7125,no,yes,23,170.8,145,29.04,236.7,93,20.12,294.5,100,13.25,12.7,1,3.43,1,False,714.7,339,65.84,0,Low,High User
2649,MN,84,415,333-6296,no,no,0,216.1,114,36.74,197.5,107,16.79,217.8,104,9.8,9.8,3,2.65,1,False,641.2,328,65.98,0,Low,High User
2650,WY,104,415,365-6022,no,no,0,138.7,100,23.58,215.4,58,18.31,164.3,98,7.39,4.9,4,1.32,2,False,523.3000000000001,260,50.6,0,Medium,Medium User
2651,FL,108,510,365-1688,no,no,0,210.7,112,35.82,238.7,73,20.29,253.6,90,11.41,9.2,5,2.48,3,False,712.2,280,70.0,0,Medium,High User
2652,NY,111,415,382-4872,no,no,0,181.8,117,30.91,158.1,91,13.44,266.2,123,11.98,9.7,9,2.62,0,False,615.8,340,58.949999999999996,0,Low,High User
2653,OK,155,408,367-6136,no,yes,30,61.6,103,10.47,255.1,110,21.68,225.9,96,10.17,12.4,5,3.35,1,False,555.0,314,45.67,0,Low,Medium User
2654,ME,66,510,404-3592,no,no,0,207.7,85,35.31,196.7,112,16.72,261.7,83,11.78,6.8,3,1.84,1,False,672.8999999999999,283,65.65,0,Low,High User
2655,NE,64,510,415-2949,no,no,0,219.2,73,37.26,167.0,65,14.2,161.4,119,7.26,10.0,5,2.7,1,False,557.6,262,61.419999999999995,0,Low,Medium User
2656,OH,69,415,375-8880,no,no,0,227.0,122,38.59,258.7,111,21.99,169.7,87,7.64,8.9,1,2.4,2,False,664.3,321,70.62,0,Medium,High User
2657,CT,116,415,335-6832,no,no,0,245.9,73,41.8,240.1,87,20.41,158.7,89,7.14,8.9,5,2.4,3,False,653.6,254,71.75,0,Medium,High User
2658,DC,101,415,361-8367,no,no,0,257.3,84,43.74,184.8,115,15.71,108.9,109,4.9,13.5,7,3.65,0,False,564.5,315,68.00000000000001,0,Low,Medium User
2659,OK,15,415,408-2002,no,no,0,121.1,130,20.59,216.0,86,18.36,235.1,33,10.58,16.1,5,4.35,2,False,588.3000000000001,254,53.88,0,Medium,Medium User
2660,NJ,88,415,347-8659,no,no,0,301.5,136,51.26,257.7,72,21.9,132.9,118,5.98,13.4,2,3.62,4,True,705.5,328,82.76,1,High,High User
2661,IA,197,415,376-2922,no,no,0,233.9,96,39.76,218.9,111,18.61,182.9,109,8.23,9.5,3,2.57,0,False,645.2,319,69.16999999999999,0,Low,High User
2662,VA,50,415,382-2182,yes,no,0,99.6,108,16.93,308.7,102,26.24,161.2,62,7.25,13.7,6,3.7,2,True,583.2,278,54.120000000000005,1,Medium,Medium User
2663,VA,172,510,408-2089,no,no,0,169.8,123,28.87,183.1,94,15.56,395.0,72,17.77,12.7,7,3.43,2,False,760.6,296,65.63000000000001,0,Medium,High User
2664,NM,188,415,369-6890,yes,yes,26,198.8,115,33.8,166.6,67,14.16,198.5,118,8.93,14.4,3,3.89,1,True,578.3,303,60.779999999999994,1,Low,Medium User
2665,FL,85,408,347-2951,yes,no,0,116.2,86,19.75,229.7,127,19.52,204.2,109,9.19,10.1,3,2.73,3,False,560.1999999999999,325,51.18999999999999,0,Medium,Medium User
2666,RI,103,510,420-6324,yes,no,0,255.9,128,43.5,140.9,92,11.98,308.9,130,13.9,12.1,2,3.27,1,True,717.8000000000001,352,72.65,1,Low,High User
2667,NJ,136,408,402-7650,no,yes,27,187.7,84,31.91,221.0,147,18.79,145.7,110,6.56,10.0,4,2.7,3,False,564.4,345,59.96000000000001,0,Medium,Medium User
2668,NE,155,408,391-2702,no,yes,21,195.9,91,33.3,213.9,84,18.18,88.2,111,3.97,8.6,4,2.32,0,False,506.6,290,57.769999999999996,0,Low,Medium User
2669,WV,145,415,383-3375,no,no,0,129.4,97,22.0,185.4,101,15.76,204.7,106,9.21,1.1,2,0.3,2,False,520.6,306,47.269999999999996,0,Medium,Medium User
2670,WY,116,510,392-2733,no,yes,12,221.0,108,37.57,151.0,118,12.84,179.0,80,8.06,9.0,6,2.43,2,False,560.0,312,60.9,0,Medium,Medium User
2671,SC,152,408,397-9933,no,no,0,140.5,92,23.89,186.8,96,15.88,227.0,89,10.22,9.5,5,2.57,2,False,563.8,282,52.56,0,Medium,Medium User
2672,MS,65,415,383-9306,yes,no,0,277.9,123,47.24,155.8,112,13.24,256.9,71,11.56,9.2,10,2.48,0,True,699.8,316,74.52000000000001,1,Low,High User
2673,ND,180,415,369-1929,no,no,0,224.9,105,38.23,250.0,101,21.25,216.1,73,9.72,6.7,5,1.81,3,True,697.7,284,71.01,1,Medium,High User
2674,IL,67,415,369-4377,no,no,0,109.1,117,18.55,217.4,124,18.48,188.4,141,8.48,12.8,6,3.46,0,False,527.6999999999999,388,48.970000000000006,0,Low,Medium User
2675,OR,60,415,366-9430,no,no,0,207.8,109,35.33,123.5,112,10.5,291.6,115,13.12,5.7,9,1.54,0,False,628.6000000000001,345,60.489999999999995,0,Low,High User
2676,UT,138,510,353-7407,no,no,0,205.9,96,35.0,257.1,94,21.85,209.0,63,9.4,12.1,8,3.27,0,False,684.1,261,69.52,0,Low,High User
2677,IA,44,415,359-7426,no,no,0,308.6,139,52.46,150.8,94,12.82,198.7,66,8.94,7.3,3,1.97,4,True,665.4,302,76.19,1,High,High User
2678,ME,25,510,332-7391,no,no,0,242.6,69,41.24,209.0,117,17.77,219.7,82,9.89,14.4,6,3.89,2,False,685.6999999999999,274,72.79,0,Medium,High User
2679,WY,145,408,405-6559,no,no,0,229.6,82,39.03,138.1,103,11.74,250.8,109,11.29,3.3,3,0.89,1,False,621.8,297,62.95,0,Low,High User
2680,WI,122,510,338-8784,no,yes,28,166.0,62,28.22,233.9,88,19.88,170.1,84,7.65,7.7,3,2.08,2,False,577.7,237,57.82999999999999,0,Medium,Medium User
2681,SC,121,415,415-6347,no,no,0,144.8,126,24.62,200.6,82,17.05,208.8,81,9.4,13.3,9,3.59,0,True,567.5,298,54.66,1,Low,Medium User
2682,DC,55,510,354-5058,yes,no,0,106.1,77,18.04,123.5,100,10.5,96.4,92,4.34,12.9,3,3.48,0,False,338.9,272,36.35999999999999,0,Low,Low User
2683,CT,77,415,342-5701,no,no,0,221.8,84,37.71,166.0,125,14.11,210.2,72,9.46,13.2,4,3.56,1,False,611.2,285,64.84,0,Low,High User
2684,OR,12,415,378-4179,no,no,0,204.6,98,34.78,212.5,90,18.06,182.1,95,8.19,9.8,7,2.65,2,False,609.0,290,63.68,0,Medium,High User
2685,OR,64,510,407-6391,no,no,0,213.5,93,36.3,166.6,114,14.16,122.0,78,5.49,14.1,3,3.81,3,False,516.2,288,59.76,0,Medium,Medium User
2686,NV,92,415,404-3105,no,yes,44,152.0,95,25.84,274.9,73,23.37,162.4,121,7.31,10.0,1,2.7,2,False,599.3,290,59.220000000000006,0,Medium,Medium User
2687,MN,125,415,390-9735,yes,yes,29,260.8,81,44.34,163.7,112,13.91,271.7,117,12.23,17.0,6,4.59,1,True,713.2,316,75.07000000000001,1,Low,High User
2688,OK,160,408,350-4820,no,no,0,166.4,117,28.29,317.0,129,26.95,160.4,121,7.22,10.0,2,2.7,1,False,653.8,369,65.16,0,Low,High User
2689,KS,79,415,383-8807,no,no,0,177.9,83,30.24,167.3,84,14.22,223.7,142,10.07,15.2,8,4.1,0,False,584.1000000000001,317,58.63,0,Low,Medium User
2690,RI,36,415,366-8382,no,no,0,235.1,97,39.97,196.8,104,16.73,259.7,110,11.69,7.0,7,1.89,3,False,698.5999999999999,318,70.28,0,Medium,High User
2691,DC,102,415,402-9704,no,no,0,186.8,92,31.76,173.7,123,14.76,250.9,131,11.29,9.7,4,2.62,2,False,621.1,350,60.43,0,Medium,High User
2692,IL,138,408,405-2209,yes,no,0,268.4,81,45.63,174.4,115,14.82,193.5,96,8.71,11.6,4,3.13,1,False,647.9,296,72.28999999999999,0,Low,High User
2693,UT,164,510,397-3939,no,no,0,192.1,95,32.66,249.8,94,21.23,132.6,100,5.97,7.3,3,1.97,3,False,581.8,292,61.83,0,Medium,Medium User
2694,MN,125,415,343-2689,no,no,0,240.7,82,40.92,269.4,85,22.9,187.1,74,8.42,10.1,3,2.73,0,True,707.3,244,74.97,1,Low,High User
2695,WI,72,408,383-9448,no,no,0,179.9,113,30.58,149.8,112,12.73,168.2,79,7.57,9.8,7,2.65,2,False,507.70000000000005,311,53.53,0,Medium,Medium User
2696,MI,74,415,359-6232,no,no,0,314.1,86,53.4,222.4,99,18.9,259.0,121,11.66,12.3,5,3.32,3,True,807.8,311,87.27999999999999,1,Medium,High User
2697,MI,134,415,369-9772,no,yes,41,162.0,82,27.54,324.7,77,27.6,160.1,112,7.2,11.9,5,3.21,0,False,658.6999999999999,276,65.55,0,Low,High User
2698,MA,145,415,381-7003,no,no,0,175.8,89,29.89,274.3,119,23.32,226.6,69,10.2,12.4,4,3.35,1,False,689.1,281,66.75999999999999,0,Low,High User
2699,AL,136,510,352-6732,no,no,0,109.4,91,18.6,207.5,111,17.64,135.0,107,6.08,11.6,5,3.13,0,False,463.5,314,45.45,0,Low,Low User
2700,SC,209,510,388-7540,no,no,0,255.1,124,43.37,230.6,110,19.6,218.0,69,9.81,8.5,5,2.3,3,True,712.2,308,75.08,1,Medium,High User
2701,WI,66,415,356-3333,yes,no,0,208.7,84,35.48,173.3,88,14.73,264.7,107,11.91,8.3,3,2.24,3,False,655.0,282,64.35999999999999,0,Medium,High User
2702,VT,152,510,333-9664,no,yes,20,214.6,108,36.48,96.6,82,8.21,170.7,145,7.68,7.9,5,2.13,1,False,489.79999999999995,340,54.5,0,Low,Low User
2703,CT,162,408,363-3763,no,no,0,49.2,121,8.36,143.9,136,12.23,203.0,97,9.14,12.1,13,3.27,1,False,408.20000000000005,367,33.0,0,Low,Low User
2704,OR,72,510,345-7900,no,no,0,141.3,133,24.02,134.9,96,11.47,227.5,97,10.24,11.2,3,3.02,2,False,514.9000000000001,329,48.75000000000001,0,Medium,Medium User
2705,HI,101,415,400-5511,no,no,0,253.2,89,43.04,237.9,114,20.22,154.3,85,6.94,9.7,7,2.62,4,False,655.1000000000001,295,72.82000000000001,0,High,High User
2706,WV,125,415,381-7597,no,no,0,206.0,128,35.02,198.1,71,16.84,135.9,116,6.12,13.2,3,3.56,0,False,553.2,318,61.54,0,Low,Medium User
2707,RI,46,408,404-9775,no,no,0,40.4,105,6.87,172.4,83,14.65,145.1,89,6.53,9.0,2,2.43,2,False,366.9,279,30.48,0,Medium,Low User
2708,MI,132,408,389-4608,no,no,0,291.2,104,49.5,234.2,132,19.91,191.7,87,8.63,8.9,3,2.4,1,True,725.9999999999999,326,80.44,1,Low,High User
2709,ME,193,415,403-1742,no,yes,31,71.2,58,12.1,124.7,105,10.6,155.5,108,7.0,11.7,3,3.16,0,False,363.09999999999997,274,32.86,0,Low,Low User
2710,WV,63,510,328-9797,no,no,0,261.8,69,44.51,245.0,135,20.83,202.1,94,9.09,14.7,4,3.97,0,True,723.6,302,78.4,1,Low,High User
2711,NE,124,510,359-9223,no,no,0,191.3,134,32.52,261.5,113,22.23,182.3,111,8.2,10.0,3,2.7,1,False,645.1,361,65.65,0,Low,High User
2712,DC,144,415,336-7696,no,no,0,133.3,101,22.66,255.5,127,21.72,228.6,68,10.29,11.6,2,3.13,0,False,629.0,298,57.8,0,Low,High User
2713,NH,116,408,369-2214,no,yes,24,183.6,138,31.21,203.8,90,17.32,166.9,89,7.51,6.0,3,1.62,2,False,560.3,320,57.66,0,Medium,Medium User
2714,MD,189,415,411-1325,no,yes,30,155.2,116,26.38,195.5,50,16.62,170.1,108,7.65,15.4,6,4.16,1,False,536.1999999999999,280,54.81,0,Low,Medium User
2715,NH,97,408,410-7553,no,yes,28,283.1,93,48.13,185.4,98,15.76,312.8,78,14.08,6.1,8,1.65,1,False,787.4,277,79.62,0,Low,High User
2716,WV,137,510,376-4284,no,yes,50,186.5,94,31.71,178.0,106,15.13,215.6,100,9.7,12.1,4,3.27,2,False,592.2,304,59.81000000000001,0,Medium,Medium User
2717,IL,142,415,334-2800,no,yes,38,163.3,104,27.76,136.0,114,11.56,249.1,127,11.21,4.3,6,1.16,0,False,552.6999999999999,351,51.69,0,Low,Medium User
2718,OK,84,510,369-1904,no,no,0,203.4,125,34.58,182.9,88,15.55,213.7,121,9.62,13.8,2,3.73,1,False,613.8,336,63.47999999999999,0,Low,High User
2719,NH,119,415,359-3833,no,yes,19,178.1,110,30.28,212.8,100,18.09,226.3,123,10.18,10.0,6,2.7,1,False,627.2,339,61.25000000000001,0,Low,High User
2720,MI,158,415,348-5569,no,no,0,195.9,103,33.3,89.1,95,7.57,302.2,82,13.6,10.3,3,2.78,1,False,597.5,283,57.25,0,Low,Medium User
2721,ND,50,415,342-1960,no,no,0,295.3,127,50.2,127.4,100,10.83,166.8,105,7.51,9.6,6,2.59,1,False,599.1,338,71.13000000000001,0,Low,Medium User
2722,LA,98,408,352-9050,no,no,0,136.1,82,23.14,156.3,118,13.29,158.8,83,7.15,10.1,5,2.73,2,False,461.3,288,46.309999999999995,0,Medium,Low User
2723,HI,101,415,390-5316,no,yes,24,114.1,95,19.4,161.5,86,13.73,176.3,90,7.93,13.0,9,3.51,2,False,464.90000000000003,280,44.56999999999999,0,Medium,Low User
2724,NJ,182,415,418-8568,no,no,0,279.1,124,47.45,180.5,108,15.34,217.5,104,9.79,9.5,11,2.57,2,True,686.6,347,75.15,1,Medium,High User
2725,WV,51,408,401-4844,no,no,0,169.3,111,28.78,139.5,69,11.86,197.0,87,8.87,12.0,3,3.24,0,False,517.8,270,52.75,0,Low,Medium User
2726,NC,117,510,376-5471,no,no,0,214.4,94,36.45,138.0,149,11.73,148.7,102,6.69,9.9,1,2.67,2,False,510.99999999999994,346,57.540000000000006,0,Medium,Medium User
2727,PA,92,415,409-2917,yes,no,0,255.8,125,43.49,142.7,111,12.13,181.2,101,8.15,11.7,3,3.16,0,False,591.4000000000001,340,66.93,0,Low,Medium User
2728,MI,86,408,369-6308,no,no,0,148.2,71,25.19,285.1,91,24.23,166.4,155,7.49,6.2,3,1.67,2,False,605.9000000000001,320,58.580000000000005,0,Medium,High User
2729,WY,122,415,357-7385,no,no,0,119.3,93,20.28,223.9,103,19.03,211.9,122,9.54,8.7,4,2.35,2,False,563.8000000000001,322,51.2,0,Medium,Medium User
2730,NJ,156,408,405-7119,no,yes,27,192.3,137,32.69,199.9,115,16.99,244.2,112,10.99,14.8,8,4.0,1,False,651.2,372,64.66999999999999,0,Low,High User
2731,NJ,127,510,405-3309,no,no,0,245.2,91,41.68,217.2,92,18.46,243.1,128,10.94,13.9,6,3.75,0,True,719.4,317,74.83,1,Low,High User
2732,NC,130,408,384-4938,yes,no,0,216.2,106,36.75,363.7,86,30.91,126.7,123,5.7,16.9,2,4.56,5,True,723.5,317,77.92,1,High,High User
2733,NM,158,408,377-2725,no,no,0,172.4,114,29.31,256.6,69,21.81,235.3,104,10.59,0.0,0,0.0,2,False,664.3,287,61.709999999999994,0,Medium,High User
2734,MS,145,510,405-6398,yes,yes,30,175.3,107,29.8,153.3,116,13.03,233.6,85,10.51,11.1,3,3.0,1,False,573.3000000000001,311,56.339999999999996,0,Low,Medium User
2735,TX,90,415,355-9366,yes,yes,26,169.0,104,28.73,188.8,104,16.05,213.3,76,9.6,13.3,3,3.59,0,True,584.4,287,57.97,1,Low,Medium User
2736,OK,127,510,403-1128,no,yes,27,2.6,113,0.44,254.0,102,21.59,242.7,156,10.92,9.2,5,2.48,3,False,508.5,376,35.43,0,Medium,Medium User
2737,ID,109,415,384-9682,no,no,0,184.1,143,31.3,211.7,105,17.99,243.0,116,10.93,9.9,2,2.67,1,False,648.6999999999999,366,62.89,0,Low,High User
2738,AL,88,415,352-5393,no,no,0,181.9,90,30.92,151.5,87,12.88,143.0,100,6.44,7.5,3,2.03,1,False,483.9,280,52.27,0,Low,Low User
2739,WY,101,510,395-1229,no,yes,9,160.1,116,27.22,210.0,121,17.85,139.1,65,6.26,10.8,9,2.92,0,False,520.0,311,54.25,0,Low,Medium User
2740,HI,171,510,361-9195,no,no,0,189.8,122,32.27,173.7,85,14.76,257.1,84,11.57,10.3,1,2.78,0,False,630.9,292,61.38,0,Low,High User
2741,VA,21,415,351-6366,no,no,0,223.2,142,37.94,216.5,114,18.4,214.7,111,9.66,12.4,2,3.35,1,False,666.8,369,69.35,0,Low,High User
2742,WV,145,408,346-4919,no,yes,31,216.0,94,36.72,225.1,123,19.13,234.7,109,10.56,10.7,1,2.89,2,False,686.5,327,69.3,0,Medium,High User
2743,DE,90,415,354-9068,no,no,0,198.5,124,33.75,266.6,100,22.66,243.3,80,10.95,8.0,7,2.16,2,False,716.4000000000001,311,69.52,0,Medium,High User
2744,CA,33,408,369-2743,no,no,0,159.5,115,27.12,195.4,118,16.61,102.4,86,4.61,7.1,7,1.92,1,False,464.4,326,50.260000000000005,0,Low,Low User
2745,PA,61,408,343-1347,no,yes,40,105.0,78,17.85,180.6,100,15.35,174.1,115,7.83,10.2,2,2.75,2,True,469.90000000000003,295,43.78,1,Medium,Low User
2746,CO,107,415,336-5495,no,no,0,204.5,108,34.77,162.4,110,13.8,155.0,102,6.98,13.4,1,3.62,3,False,535.3,321,59.17000000000001,0,Medium,Medium User
2747,MD,147,408,376-4292,no,no,0,274.0,92,46.58,231.8,82,19.7,283.6,83,12.76,6.2,1,1.67,0,True,795.6000000000001,258,80.71000000000001,1,Low,High User
2748,AL,117,510,391-8677,no,no,0,158.7,84,26.98,181.7,91,15.44,177.3,67,7.98,7.7,10,2.08,2,False,525.4000000000001,252,52.480000000000004,0,Medium,Medium User
2749,AL,95,415,350-7273,no,no,0,229.9,116,39.08,202.4,110,17.2,171.4,105,7.71,14.2,6,3.83,1,False,617.9000000000001,337,67.82000000000001,0,Low,High User
2750,KS,186,510,400-6454,no,no,0,137.8,97,23.43,187.7,118,15.95,146.4,85,6.59,8.7,6,2.35,1,False,480.59999999999997,306,48.32,0,Low,Low User
2751,MI,128,415,422-3052,no,no,0,179.4,94,30.5,270.4,92,22.98,191.0,88,8.59,7.9,4,2.13,0,False,648.6999999999999,278,64.2,0,Low,High User
2752,AK,55,408,365-6756,no,yes,39,139.3,101,23.68,178.3,117,15.16,246.5,104,11.09,8.1,1,2.19,3,False,572.2,323,52.120000000000005,0,Medium,Medium User
2753,OH,134,415,406-4158,no,no,0,7.8,86,1.33,171.4,100,14.57,186.5,80,8.39,12.9,2,3.48,2,False,378.6,268,27.77,0,Medium,Low User
2754,IN,96,415,383-4641,no,yes,23,183.1,88,31.13,147.4,89,12.53,350.2,108,15.76,11.3,7,3.05,1,False,692.0,292,62.46999999999999,0,Low,High User
2755,SC,107,415,368-5165,no,no,0,206.9,79,35.17,262.4,117,22.3,149.3,69,6.72,10.7,3,2.89,0,False,629.3,268,67.08,0,Low,High User
2756,KS,123,415,378-2432,no,no,0,140.0,106,23.8,153.7,101,13.06,50.1,87,2.25,12.5,1,3.38,2,False,356.3,295,42.49,0,Medium,Low User
2757,OK,35,415,362-4159,no,no,0,179.2,59,30.46,283.3,101,24.08,285.4,83,12.84,5.8,7,1.57,2,False,753.6999999999999,250,68.94999999999999,0,Medium,High User
2758,WI,74,408,363-7979,no,no,0,177.4,136,30.16,240.3,104,20.43,237.3,133,10.68,12.0,3,3.24,0,False,667.0,376,64.51,0,Low,High User
2759,IN,130,408,334-9818,no,no,0,115.6,129,19.65,167.8,104,14.26,141.8,124,6.38,12.6,9,3.4,1,False,437.8,366,43.69,0,Low,Low User
2760,IL,137,408,352-5787,yes,no,0,237.3,103,40.34,176.7,84,15.02,263.4,81,11.85,14.2,4,3.83,0,True,691.6,272,71.03999999999999,1,Low,High User
2761,TN,88,415,332-3617,no,no,0,181.5,116,30.86,187.0,119,15.9,220.3,96,9.91,10.5,7,2.84,1,False,599.3,338,59.510000000000005,0,Low,Medium User
2762,DC,80,408,327-9957,no,no,0,51.5,90,8.76,164.0,98,13.94,169.4,80,7.62,9.5,4,2.57,3,False,394.4,272,32.89,0,Medium,Low User
2763,NC,116,408,338-7527,no,yes,19,155.7,104,26.47,185.4,118,15.76,192.7,116,8.67,8.2,2,2.21,3,False,542.0,340,53.11,0,Medium,Medium User
2764,RI,123,510,348-8711,no,yes,23,245.0,88,41.65,265.0,105,22.53,239.7,108,10.79,14.9,3,4.02,2,False,764.6,304,78.99,0,Medium,High User
2765,MS,120,415,421-3226,no,no,0,131.7,99,22.39,163.1,109,13.86,201.1,116,9.05,10.7,3,2.89,1,False,506.59999999999997,327,48.19,0,Low,Medium User
2766,VA,146,415,391-4358,yes,no,0,111.1,126,18.89,313.4,95,26.64,215.7,82,9.71,10.5,6,2.84,1,False,650.7,309,58.08,0,Low,High User
2767,KY,106,510,379-2523,no,yes,9,88.5,100,15.05,324.8,109,27.61,79.9,86,3.6,8.2,4,2.21,3,False,501.40000000000003,299,48.47,0,Medium,Medium User
2768,NV,121,408,419-2369,no,yes,44,116.0,85,19.72,150.1,120,12.76,246.8,98,11.11,12.0,2,3.24,1,False,524.9000000000001,305,46.83,0,Low,Medium User
2769,WI,137,510,382-1227,no,no,0,155.5,81,26.44,133.1,94,11.31,253.1,77,11.39,9.1,2,2.46,1,False,550.8000000000001,254,51.6,0,Low,Medium User
2770,NH,84,408,409-5749,no,yes,30,106.5,65,18.11,225.7,108,19.18,188.6,61,8.49,5.7,3,1.54,2,False,526.5,237,47.32,0,Medium,Medium User
2771,NE,67,510,362-7951,no,yes,31,175.2,68,29.78,199.2,73,16.93,219.8,99,9.89,13.2,6,3.56,1,False,607.4000000000001,246,60.160000000000004,0,Low,High User
2772,WI,161,408,415-3537,no,no,0,154.7,84,26.3,177.8,125,15.11,172.9,90,7.78,5.9,2,1.59,4,True,511.29999999999995,301,50.78,1,High,Medium User
2773,NJ,134,510,373-3959,no,yes,34,247.2,105,42.02,225.5,133,19.17,186.3,76,8.38,6.1,5,1.65,2,True,665.1,319,71.22000000000001,1,Medium,High User
2774,ME,62,415,358-1346,yes,yes,32,218.4,93,37.13,236.7,132,20.12,192.2,137,8.65,13.2,3,3.56,0,True,660.5,365,69.46000000000001,1,Low,High User
2775,WY,120,415,381-8422,no,yes,24,227.5,81,38.68,234.9,71,19.97,166.4,128,7.49,9.0,13,2.43,1,False,637.8,293,68.57000000000001,0,Low,High User
2776,IN,130,408,360-9005,no,yes,30,185.0,117,31.45,249.5,141,21.21,157.8,103,7.1,7.4,7,2.0,0,False,599.6999999999999,368,61.76,0,Low,Medium User
2777,WI,20,408,344-5967,no,no,0,186.8,89,31.76,253.4,51,21.54,273.1,105,12.29,12.3,6,3.32,2,False,725.6,251,68.91,0,Medium,High User
2778,VT,68,415,396-6390,no,no,0,158.8,119,27.0,211.8,105,18.0,198.1,101,8.91,10.3,3,2.78,1,False,579.0,328,56.69,0,Low,Medium User
2779,CA,112,415,346-5036,no,no,0,208.7,150,35.48,212.8,104,18.09,178.1,98,8.01,8.5,4,2.3,0,False,608.1,356,63.87999999999999,0,Low,High User
2780,IN,77,408,328-7252,no,no,0,185.9,95,31.6,212.0,98,18.02,282.3,81,12.7,11.3,4,3.05,3,False,691.5,278,65.37,0,Medium,High User
2781,SC,109,415,360-1745,no,no,0,222.5,74,37.83,169.7,75,14.42,264.3,94,11.89,9.0,3,2.43,2,False,665.5,246,66.57000000000001,0,Medium,High User
2782,IN,108,415,358-2046,no,no,0,201.1,101,34.19,170.7,86,14.51,237.4,113,10.68,11.6,3,3.13,3,False,620.8,303,62.51,0,Medium,High User
2783,IA,79,415,344-6935,no,yes,17,167.9,114,28.54,243.7,93,20.71,211.9,114,9.54,9.1,2,2.46,1,False,632.6,323,61.25,0,Low,High User
2784,MD,119,408,401-9665,no,no,0,239.1,88,40.65,243.5,79,20.7,230.9,92,10.39,10.9,3,2.94,3,True,724.4,262,74.67999999999999,1,Medium,High User
2785,MN,38,510,399-5291,no,no,0,175.7,109,29.87,211.8,97,18.0,137.9,109,6.21,9.2,3,2.48,5,True,534.6,318,56.56,1,High,Medium User
2786,AR,109,415,409-6588,no,yes,29,111.2,90,18.9,263.5,98,22.4,224.7,128,10.11,9.0,6,2.43,6,True,608.4,322,53.839999999999996,1,High,High User
2787,MS,78,415,358-5721,no,no,0,87.7,74,14.91,214.8,58,18.26,201.3,147,9.06,10.8,6,2.92,1,False,514.6,285,45.150000000000006,0,Low,Medium User
2788,MN,134,415,414-7446,no,no,0,244.1,99,41.5,246.9,111,20.99,200.0,133,9.0,7.2,2,1.94,0,False,698.2,345,73.42999999999999,0,Low,High User
2789,WA,47,415,329-9517,no,yes,27,165.0,89,28.05,127.3,118,10.82,284.4,95,12.8,7.7,4,2.08,2,False,584.4000000000001,306,53.75,0,Medium,Medium User
2790,MS,59,408,415-9553,no,yes,27,127.4,110,21.66,103.3,99,8.78,164.2,73,7.39,9.1,3,2.46,0,False,404.0,285,40.29,0,Low,Low User
2791,ID,151,415,413-3177,no,no,0,194.8,106,33.12,292.7,103,24.88,224.6,82,10.11,5.5,3,1.49,0,False,717.6,294,69.6,0,Low,High User
2792,NC,129,415,347-5113,no,no,0,54.7,131,9.3,256.1,105,21.77,176.6,135,7.95,11.1,4,3.0,1,False,498.5,375,42.02,0,Low,Low User
2793,VA,107,510,330-2662,no,yes,27,283.4,104,48.18,224.1,152,19.05,241.3,63,10.86,14.4,7,3.89,2,False,763.1999999999999,326,81.98,0,Medium,High User
2794,MT,137,408,330-5824,yes,no,0,258.0,112,43.86,246.5,117,20.95,173.2,100,7.79,10.9,3,2.94,0,True,688.6,332,75.54,1,Low,High User
2795,MI,76,510,411-1261,no,no,0,90.5,142,15.39,211.7,75,17.99,194.9,76,8.77,9.3,2,2.51,1,False,506.40000000000003,295,44.65999999999999,0,Low,Medium User
2796,HI,24,415,329-8788,no,no,0,235.6,132,40.05,115.9,129,9.85,185.4,136,8.34,16.2,2,4.37,0,False,553.1,399,62.60999999999999,0,Low,Medium User
2797,NC,169,408,333-7869,no,no,0,142.5,82,24.23,231.4,110,19.67,131.2,67,5.9,10.0,4,2.7,2,False,515.0999999999999,263,52.50000000000001,0,Medium,Medium User
2798,MN,30,408,399-4800,no,no,0,54.0,68,9.18,179.3,96,15.24,247.2,101,11.12,10.2,8,2.75,1,False,490.7,273,38.29,0,Low,Low User
2799,WV,70,415,402-2072,no,no,0,214.8,87,36.52,131.0,114,11.14,216.9,104,9.76,9.4,3,2.54,3,False,572.1,308,59.96,0,Medium,Medium User
2800,SD,52,510,403-6187,yes,no,0,251.4,118,42.74,196.6,80,16.71,192.0,53,8.64,11.0,2,2.97,0,True,651.0,253,71.06,1,Low,High User
2801,HI,3,408,355-2872,no,no,0,139.0,99,23.63,250.7,108,21.31,286.2,87,12.88,6.1,3,1.65,4,False,682.0,297,59.47,0,High,High User
2802,MS,38,415,386-2970,no,no,0,117.3,114,19.94,208.7,105,17.74,203.4,98,9.15,14.4,2,3.89,2,False,543.8,319,50.72,0,Medium,Medium User
2803,NY,104,415,389-6081,no,no,0,264.0,108,44.88,132.2,75,11.24,177.7,91,8.0,10.6,8,2.86,3,False,584.5,282,66.98,0,Medium,Medium User
2804,LA,27,408,348-7556,no,no,0,82.6,105,14.04,204.0,99,17.34,224.2,122,10.09,9.1,4,2.46,1,False,519.9,330,43.93,0,Low,Medium User
2805,KS,166,415,334-9163,yes,yes,28,175.8,126,29.89,253.6,76,21.56,128.5,72,5.78,11.4,5,3.08,1,False,569.3,279,60.31,0,Low,Medium User
2806,MA,13,408,411-4293,no,no,0,220.4,100,37.47,211.2,79,17.95,259.3,112,11.67,13.6,8,3.67,2,False,704.5000000000001,299,70.76,0,Medium,High User
2807,AK,52,408,375-5562,no,no,0,217.0,104,36.89,152.3,83,12.95,134.3,109,6.04,11.8,4,3.19,2,False,515.4,300,59.07,0,Medium,Medium User
2808,SD,114,415,386-3823,no,yes,25,129.0,77,21.93,290.0,110,24.65,177.1,110,7.97,11.6,5,3.13,1,False,607.7,302,57.68,0,Low,High User
2809,CO,156,408,364-6445,no,no,0,150.5,106,25.59,152.9,112,13.0,215.9,86,9.72,3.5,3,0.95,1,False,522.8,307,49.260000000000005,0,Low,Medium User
2810,NH,90,415,383-2251,no,yes,42,193.3,66,32.86,263.3,85,22.38,214.4,97,9.65,11.1,4,3.0,0,False,682.1,252,67.89,0,Low,High User
2811,WV,62,415,351-3169,no,no,0,189.5,122,32.22,103.8,95,8.82,180.6,106,8.13,10.8,5,2.92,2,False,484.7,328,52.09,0,Medium,Low User
2812,AZ,82,415,413-6380,no,yes,33,137.8,95,23.43,235.5,128,20.02,268.1,70,12.06,11.0,6,2.97,2,False,652.4000000000001,299,58.480000000000004,0,Medium,High User
2813,ME,52,510,380-9674,no,no,0,129.3,80,21.98,142.7,101,12.13,258.3,89,11.62,12.3,4,3.32,3,False,542.5999999999999,274,49.05,0,Medium,Medium User
2814,NH,146,510,345-2319,no,no,0,115.6,77,19.65,213.6,100,18.16,218.4,72,9.83,10.7,6,2.89,1,False,558.3000000000001,255,50.53,0,Low,Medium User
2815,RI,120,415,377-5441,no,yes,23,221.9,114,37.72,254.7,84,21.65,250.5,117,11.27,7.2,5,1.94,2,False,734.3000000000001,320,72.58,0,Medium,High User
2816,ID,130,415,358-3692,no,no,0,263.7,113,44.83,186.5,103,15.85,195.3,99,8.79,18.3,6,4.94,1,True,663.8,321,74.41,1,Low,High User
2817,WI,90,408,400-5831,no,no,0,61.3,91,10.42,194.4,94,16.52,143.1,80,6.44,11.4,9,3.08,1,False,410.19999999999993,274,36.459999999999994,0,Low,Low User
2818,NM,147,408,357-5995,yes,no,0,183.8,113,31.25,164.7,110,14.0,111.0,87,5.0,10.1,4,2.73,1,False,469.6,314,52.98,0,Low,Low User
2819,WY,159,415,391-2159,no,no,0,167.4,68,28.46,143.8,74,12.22,140.1,111,6.3,10.3,3,2.78,0,True,461.6000000000001,256,49.76,1,Low,Low User
2820,IL,74,510,398-5954,no,yes,27,154.1,122,26.2,195.3,150,16.6,276.7,86,12.45,13.2,2,3.56,4,False,639.3,360,58.81,0,High,High User
2821,TX,130,408,385-6175,no,no,0,252.0,101,42.84,170.2,105,14.47,209.2,64,9.41,5.7,5,1.54,0,False,637.1,275,68.26,0,Low,High User
2822,RI,155,408,334-2961,yes,no,0,163.1,94,27.73,291.7,108,24.79,96.4,111,4.34,11.2,3,3.02,0,False,562.4,316,59.88,0,Low,Medium User
2823,MI,87,415,405-4303,no,no,0,198.3,80,33.71,187.0,89,15.9,133.5,96,6.01,16.6,4,4.48,2,False,535.4,269,60.099999999999994,0,Medium,Medium User
2824,OR,81,415,406-4100,no,no,0,324.7,48,55.2,236.4,82,20.09,187.6,78,8.44,13.1,5,3.54,0,True,761.8000000000001,213,87.27000000000001,1,Low,High User
2825,VA,99,510,352-4401,no,no,0,128.3,78,21.81,215.3,120,18.3,143.7,140,6.47,14.3,9,3.86,2,False,501.6,347,50.44,0,Medium,Medium User
2826,SD,131,510,347-1473,no,no,0,187.9,110,31.94,200.5,101,17.04,202.6,125,9.12,10.2,11,2.75,2,False,601.2,347,60.85,0,Medium,High User
2827,AL,89,510,347-2016,no,no,0,129.2,71,21.96,214.1,68,18.2,214.9,100,9.67,10.3,4,2.78,5,True,568.4999999999999,243,52.61,1,High,Medium User
2828,MS,123,415,388-8948,yes,no,0,125.5,106,21.34,128.9,96,10.96,251.9,129,11.34,6.3,6,1.7,4,True,512.6,337,45.34,1,High,Medium User
2829,MS,130,510,402-5509,no,yes,26,257.2,108,43.72,224.3,122,19.07,204.0,118,9.18,12.6,4,3.4,1,False,698.1,352,75.37,0,Low,High User
2830,HI,99,415,367-2598,no,no,0,124.6,90,21.18,146.4,70,12.44,169.4,95,7.62,10.5,6,2.84,1,False,450.9,261,44.08,0,Low,Low User
2831,WV,36,408,370-5001,no,no,0,175.1,144,29.77,216.9,69,18.44,243.7,146,10.97,9.9,3,2.67,1,False,645.6,362,61.85,0,Low,High User
2832,WV,87,415,332-3693,no,no,0,124.3,91,21.13,173.4,105,14.74,256.3,109,11.53,7.5,5,2.03,3,False,561.5,310,49.43,0,Medium,Medium User
2833,WV,139,415,403-9766,no,no,0,271.6,130,46.17,156.0,131,13.26,136.3,108,6.13,11.6,9,3.13,2,False,575.5000000000001,378,68.69,0,Medium,Medium User
2834,IN,189,510,363-2407,no,no,0,219.9,80,37.38,143.3,117,12.18,130.6,69,5.88,11.7,7,3.16,1,False,505.50000000000006,273,58.60000000000001,0,Low,Medium User
2835,NM,96,415,395-9214,no,yes,33,183.3,115,31.16,201.4,87,17.12,177.4,84,7.98,10.4,15,2.81,3,False,572.5,301,59.07000000000001,0,Medium,Medium User
2836,DE,112,408,351-8894,no,no,0,101.1,119,17.19,214.4,67,18.22,179.5,112,8.08,10.3,5,2.78,2,False,505.3,303,46.269999999999996,0,Medium,Medium User
2837,NC,75,408,406-5003,no,no,0,203.3,70,34.56,228.9,97,19.46,222.2,118,10.0,14.3,3,3.86,1,False,668.7,288,67.88000000000001,0,Low,High User
2838,NM,178,415,398-1332,no,yes,35,175.4,88,29.82,190.0,65,16.15,138.7,94,6.24,10.5,3,2.84,2,False,514.5999999999999,250,55.05,0,Medium,Medium User
2839,SC,112,415,363-8033,no,no,0,266.0,97,45.22,214.6,94,18.24,306.2,100,13.78,14.2,2,3.83,2,True,801.0,293,81.07,1,Medium,High User
2840,NJ,108,415,333-1012,no,yes,41,171.6,110,29.17,136.1,78,11.57,183.4,103,8.25,10.8,7,2.92,0,False,501.90000000000003,298,51.910000000000004,0,Low,Medium User
2841,AZ,100,510,391-6260,no,no,0,78.7,98,13.38,225.6,102,19.18,150.4,106,6.77,14.0,8,3.78,0,False,468.70000000000005,314,43.11,0,Low,Low User
2842,RI,121,510,336-1353,no,yes,20,211.9,110,36.02,215.1,120,18.28,238.5,107,10.73,9.4,2,2.54,0,False,674.9,339,67.57000000000001,0,Low,High User
2843,SD,116,415,365-5629,no,no,0,63.7,101,10.83,195.8,95,16.64,210.1,87,9.45,10.0,6,2.7,1,False,479.6,289,39.620000000000005,0,Low,Low User
2844,NH,161,415,349-4397,no,no,0,173.4,100,29.48,213.7,74,18.16,141.5,69,6.37,11.5,4,3.11,1,False,540.1,247,57.12,0,Low,Medium User
2845,AL,19,415,380-3910,yes,no,0,237.7,98,40.41,207.1,121,17.6,182.2,95,8.2,4.5,4,1.22,0,False,631.5,318,67.42999999999999,0,Low,High User
2846,WV,104,415,354-7820,no,no,0,225.9,123,38.4,162.8,106,13.84,272.1,85,12.24,10.1,4,2.73,1,False,670.9000000000001,318,67.21,0,Low,High User
2847,ID,119,415,338-9952,yes,yes,32,173.0,101,29.41,209.4,93,17.8,231.1,91,10.4,12.2,4,3.29,0,False,625.7,289,60.9,0,Low,High User
2848,MD,125,415,405-1821,no,no,0,224.9,102,38.23,143.8,87,12.22,198.9,105,8.95,8.0,2,2.16,0,False,575.6,296,61.55999999999999,0,Low,Medium User
2849,IN,156,510,329-8669,no,no,0,237.7,122,40.41,181.5,91,15.43,185.7,151,8.36,7.7,4,2.08,1,False,612.6,368,66.27999999999999,0,Low,High User
2850,WY,109,415,328-8808,no,no,0,137.0,128,23.29,217.0,116,18.45,182.1,86,8.19,10.0,5,2.7,2,False,546.1,335,52.629999999999995,0,Medium,Medium User
2851,NH,95,510,409-3018,no,no,0,142.5,109,24.23,176.1,107,14.97,189.6,88,8.53,8.2,3,2.21,2,False,516.4000000000001,307,49.940000000000005,0,Medium,Medium User
2852,MN,90,408,421-5994,no,no,0,142.4,126,24.21,126.2,118,10.73,274.2,71,12.34,4.6,4,1.24,1,False,547.4,319,48.52,0,Low,Medium User
2853,MA,105,415,354-4448,no,yes,21,147.0,112,24.99,197.3,43,16.77,267.4,93,12.03,8.7,3,2.35,2,False,620.4000000000001,251,56.14,0,Medium,High User
2854,NH,101,510,352-5081,no,no,0,220.3,124,37.45,188.6,101,16.03,278.4,98,12.53,10.6,4,2.86,1,False,697.9,327,68.87,0,Low,High User
2855,MN,95,415,401-7803,no,no,0,149.2,96,25.36,260.7,116,22.16,201.0,120,9.05,8.1,2,2.19,1,False,619.0,334,58.75999999999999,0,Low,High User
2856,IA,123,415,420-6052,no,no,0,204.4,88,34.75,137.5,111,11.69,226.0,100,10.17,10.0,4,2.7,0,False,577.9,303,59.31,0,Low,Medium User
2857,NY,160,408,352-6084,no,no,0,216.8,77,36.86,207.3,117,17.62,228.6,117,10.29,5.6,2,1.51,1,False,658.3000000000001,313,66.28000000000002,0,Low,High User
2858,AL,141,510,388-8583,no,yes,28,308.0,123,52.36,247.8,128,21.06,152.9,103,6.88,7.4,3,2.0,1,False,716.0999999999999,357,82.3,0,Low,High User
2859,WV,87,415,415-3158,no,no,0,58.0,125,9.86,67.5,116,5.74,185.9,136,8.37,11.5,3,3.11,0,False,322.9,380,27.08,0,Low,Low User
2860,NM,81,415,402-9304,no,no,0,173.2,80,29.44,236.2,94,20.08,240.2,84,10.81,11.8,6,3.19,2,False,661.3999999999999,264,63.519999999999996,0,Medium,High User
2861,CA,75,415,341-1916,no,yes,19,210.3,90,35.75,241.8,87,20.55,215.7,102,9.71,13.1,3,3.54,4,False,680.9,282,69.55,0,High,High User
2862,MA,126,408,381-2745,no,yes,24,58.9,125,10.01,305.5,90,25.97,158.9,73,7.15,12.1,6,3.27,0,False,535.4,294,46.4,0,Low,Medium User
2863,ME,28,415,402-5014,no,no,0,236.8,102,40.26,167.1,87,14.2,280.2,115,12.61,9.7,3,2.62,3,False,693.8,307,69.69,0,Medium,High User
2864,FL,153,415,399-8846,no,no,0,228.9,102,38.91,160.7,136,13.66,203.1,109,9.14,12.5,2,3.38,0,False,605.2,349,65.08999999999999,0,Low,High User
2865,NH,97,408,328-9267,no,yes,32,90.0,87,15.3,276.3,113,23.49,185.2,107,8.33,8.6,6,2.32,2,True,560.1,313,49.44,1,Medium,Medium User
2866,IN,115,408,348-7224,no,no,0,146.7,128,24.94,106.2,74,9.03,197.7,104,8.9,11.1,4,3.0,2,False,461.7,310,45.87,0,Medium,Low User
2867,WI,95,408,336-2190,no,no,0,237.3,83,40.34,154.0,65,13.09,237.0,105,10.67,11.2,6,3.02,1,False,639.5,259,67.12,0,Low,High User
2868,MA,17,415,376-4705,yes,no,0,162.8,118,27.68,229.6,91,19.52,332.7,94,14.97,13.6,3,3.67,0,True,738.6999999999999,306,65.84,1,Low,High User
2869,NH,105,415,381-4076,no,yes,20,186.9,114,31.77,256.3,91,21.79,334.7,104,15.06,8.9,2,2.4,1,False,786.8000000000001,311,71.02000000000001,0,Low,High User
2870,TX,121,415,348-8464,no,no,0,86.1,100,14.64,259.8,113,22.08,148.0,79,6.66,9.1,9,2.46,2,False,503.0,301,45.839999999999996,0,Medium,Medium User
2871,NC,125,408,412-7020,no,no,0,212.3,89,36.09,215.4,127,18.31,186.8,73,8.41,11.3,2,3.05,2,False,625.8,291,65.86,0,Medium,High User
2872,CT,124,415,386-8432,no,no,0,151.0,98,25.67,120.6,119,10.25,152.8,81,6.88,9.2,2,2.48,2,False,433.6,300,45.28,0,Medium,Low User
2873,NJ,35,408,337-1802,no,no,0,158.6,67,26.96,130.4,96,11.08,229.8,80,10.34,6.9,5,1.86,2,False,525.6999999999999,248,50.239999999999995,0,Medium,Medium User
2874,WY,134,510,366-1084,no,no,0,296.0,93,50.32,226.4,117,19.24,246.8,98,11.11,12.3,10,3.32,0,True,781.5,318,83.99,1,Low,High User
2875,LA,123,510,352-4182,no,yes,32,212.3,77,36.09,251.5,78,21.38,208.7,85,9.39,6.6,2,1.78,3,False,679.1,242,68.64,0,Medium,High User
2876,NV,124,415,368-5628,no,no,0,234.4,61,39.85,179.3,111,15.24,285.5,117,12.85,10.4,6,2.81,3,False,709.6,295,70.75,0,Medium,High User
2877,WV,133,510,333-8996,no,no,0,176.8,92,30.06,187.5,97,15.94,196.8,88,8.86,6.5,3,1.76,2,False,567.6,280,56.62,0,Medium,Medium User
2878,AR,185,415,353-2557,no,yes,19,157.3,123,26.74,257.7,94,21.9,190.4,107,8.57,9.6,6,2.59,0,False,615.0,330,59.8,0,Low,High User
2879,SC,1,415,356-8621,no,yes,26,146.6,68,24.92,172.8,67,14.69,173.8,113,7.82,10.0,2,2.7,1,False,503.2,250,50.13,0,Low,Medium User
2880,KS,107,415,354-6942,no,no,0,260.5,108,44.29,102.4,110,8.7,129.7,148,5.84,9.8,5,2.65,1,False,502.4,371,61.48,0,Low,Medium User
2881,NY,91,415,377-9829,no,yes,20,146.1,98,24.84,277.4,104,23.58,137.7,100,6.2,6.2,3,1.67,1,False,567.4000000000001,305,56.290000000000006,0,Low,Medium User
2882,MI,178,408,348-4660,yes,no,0,124.5,134,21.17,141.2,78,12.0,268.2,113,12.07,11.4,2,3.08,2,True,545.3,327,48.32,1,Medium,Medium User
2883,MA,123,415,410-5199,no,no,0,209.4,49,35.6,237.4,117,20.18,239.2,98,10.76,9.8,11,2.65,1,False,695.8,275,69.19000000000001,0,Low,High User
2884,UT,170,415,397-6542,no,no,0,285.7,44,48.57,167.5,144,14.24,260.0,97,11.7,8.7,4,2.35,1,True,721.9000000000001,289,76.86,1,Low,High User
2885,HI,135,415,333-4492,no,no,0,190.9,44,32.45,161.4,109,13.72,231.9,100,10.44,8.4,2,2.27,1,False,592.6,255,58.88,0,Low,Medium User
2886,PA,85,408,405-9573,no,no,0,144.4,88,24.55,264.6,105,22.49,185.4,94,8.34,9.9,3,2.67,1,False,604.3,290,58.05,0,Low,High User
2887,OR,134,415,359-7255,no,yes,50,208.8,130,35.5,132.9,104,11.3,136.7,107,6.15,11.1,4,3.0,2,False,489.50000000000006,345,55.949999999999996,0,Medium,Low User
2888,TN,148,415,419-5501,no,yes,36,77.6,141,13.19,207.0,60,17.6,255.7,115,11.51,10.9,2,2.94,1,False,551.1999999999999,318,45.239999999999995,0,Low,Medium User
2889,CT,93,415,404-4809,no,no,0,271.1,101,46.09,237.4,133,20.18,145.4,103,6.54,8.4,6,2.27,1,True,662.3,343,75.08000000000001,1,Low,High User
2890,AZ,138,415,344-6334,no,no,0,240.8,104,40.94,144.5,92,12.28,125.7,98,5.66,11.6,1,3.13,0,False,522.6,295,62.01,0,Low,Medium User
2891,OR,159,510,400-1899,no,no,0,114.8,98,19.52,192.6,101,16.37,259.0,108,11.66,12.2,5,3.29,0,False,578.6,312,50.839999999999996,0,Low,Medium User
2892,DE,103,415,346-5053,no,yes,34,138.8,80,23.6,142.0,108,12.07,183.8,77,8.27,11.8,7,3.19,1,False,476.40000000000003,272,47.129999999999995,0,Low,Low User
2893,MA,150,408,398-2148,no,yes,27,209.8,112,35.67,155.0,80,13.18,251.5,111,11.32,7.2,6,1.94,0,False,623.5,309,62.11,0,Low,High User
2894,CT,37,408,347-7675,no,no,0,134.9,98,22.93,248.4,130,21.11,236.2,113,10.63,14.7,2,3.97,3,False,634.2,343,58.64,0,Medium,High User
2895,AR,33,415,411-8956,yes,no,0,164.0,99,27.88,153.1,102,13.01,123.8,104,5.57,6.4,4,1.73,0,False,447.3,309,48.19,0,Low,Low User
2896,SD,55,415,390-3761,no,no,0,245.5,130,41.74,192.7,54,16.38,141.7,83,6.38,9.1,4,2.46,1,False,589.0,271,66.96,0,Low,Medium User
2897,CT,134,408,377-3876,no,yes,32,80.3,94,13.65,199.9,124,16.99,170.8,117,7.69,16.6,3,4.48,0,False,467.6,338,42.81,0,Low,Low User
2898,CT,107,408,345-2476,no,no,0,90.7,90,15.42,207.5,109,17.64,169.4,96,7.62,5.6,5,1.51,2,False,473.20000000000005,300,42.19,0,Medium,Low User
2899,MA,80,408,337-7879,no,yes,36,190.3,115,32.35,256.6,78,21.81,214.9,145,9.67,3.8,4,1.03,1,False,665.6,342,64.86,0,Low,High User
2900,MS,78,408,361-7283,no,no,0,108.6,108,18.46,209.9,126,17.84,222.6,117,10.02,7.9,5,2.13,1,True,549.0,356,48.449999999999996,1,Low,Medium User
2901,MT,85,408,372-4868,no,yes,17,89.8,88,15.27,233.2,75,19.82,165.7,116,7.46,9.3,7,2.51,4,True,498.0,286,45.06,1,High,Low User
2902,AK,61,415,346-8863,no,yes,15,252.4,106,42.91,187.8,69,15.96,259.6,137,11.68,10.0,3,2.7,2,False,709.8000000000001,315,73.25,0,Medium,High User
2903,DE,97,415,390-5267,no,yes,32,183.4,94,31.18,269.1,120,22.87,203.5,38,9.16,6.7,4,1.81,5,False,662.7,256,65.02,0,High,High User
2904,OH,136,408,392-1547,yes,no,0,183.4,103,31.18,141.9,113,12.06,200.4,122,9.02,10.4,9,2.81,2,False,536.1,347,55.07000000000001,0,Medium,Medium User
2905,MN,135,408,340-8177,no,no,0,155.2,100,26.38,135.9,84,11.55,184.6,82,8.31,3.8,9,1.03,3,False,479.50000000000006,275,47.27,0,Medium,Low User
2906,CA,87,415,383-4802,no,yes,19,165.8,122,28.19,186.9,89,15.89,249.7,78,11.24,0.0,0,0.0,1,False,602.4000000000001,289,55.32,0,Low,High User
2907,OH,165,510,378-8567,no,no,0,209.4,67,35.6,273.8,89,23.27,150.2,88,6.76,12.8,1,3.46,0,False,646.2,245,69.09,0,Low,High User
2908,NV,148,415,406-7844,no,no,0,279.3,104,47.48,201.6,87,17.14,280.8,99,12.64,7.9,2,2.13,2,True,769.6,292,79.39,1,Medium,High User
2909,SC,99,415,402-9173,no,no,0,174.1,102,29.6,99.1,118,8.42,211.6,126,9.52,7.7,2,2.08,2,False,492.49999999999994,348,49.620000000000005,0,Medium,Low User
2910,WV,123,415,352-3440,no,no,0,175.7,78,29.87,184.6,96,15.69,156.9,92,7.06,9.1,2,2.46,2,False,526.3,268,55.080000000000005,0,Medium,Medium User
2911,NM,127,415,363-1413,yes,no,0,256.5,87,43.61,222.1,101,18.88,156.7,122,7.05,13.0,3,3.51,1,False,648.3,313,73.05,0,Low,High User
2912,WY,151,415,394-8861,no,no,0,170.2,89,28.93,187.5,83,15.94,119.5,100,5.38,4.3,3,1.16,0,False,481.5,275,51.41,0,Low,Low User
2913,CA,185,408,358-4036,no,no,0,139.6,92,23.73,250.2,115,21.27,158.1,79,7.11,10.8,4,2.92,1,False,558.6999999999999,290,55.03,0,Low,Medium User
2914,KS,65,415,392-4680,no,yes,34,208.8,119,35.5,142.1,106,12.08,214.6,87,9.66,12.5,4,3.38,4,False,578.0,316,60.62,0,High,Medium User
2915,WY,58,510,354-2762,no,no,0,210.1,126,35.72,248.9,108,21.16,158.6,88,7.14,14.4,2,3.89,4,False,632.0,324,67.91,0,High,High User
2916,OK,104,415,371-5811,no,no,0,113.6,87,19.31,158.6,98,13.48,187.7,87,8.45,10.5,6,2.84,2,False,470.4,278,44.08,0,Medium,Low User
2917,UT,44,415,387-2014,no,no,0,202.6,89,34.44,163.0,96,13.86,268.1,151,12.06,8.3,3,2.24,0,False,642.0,339,62.6,0,Low,High User
2918,MA,58,408,411-6598,no,no,0,174.4,112,29.65,265.8,122,22.59,182.4,87,8.21,0.0,0,0.0,4,False,622.6,321,60.449999999999996,0,High,High User
2919,UT,108,415,355-9356,no,no,0,210.6,117,35.8,164.2,103,13.96,201.4,68,9.06,9.4,5,2.54,0,False,585.5999999999999,293,61.36,0,Low,Medium User
2920,MN,132,510,406-4720,no,no,0,121.5,88,20.66,253.0,124,21.51,195.7,120,8.81,10.7,4,2.89,1,False,580.9000000000001,336,53.870000000000005,0,Low,Medium User
2921,NE,80,415,356-7239,no,no,0,127.8,67,21.73,181.6,112,15.44,197.3,63,8.88,15.9,2,4.29,2,False,522.6,244,50.34,0,Medium,Medium User
2922,OH,162,415,328-8747,no,no,0,135.2,98,22.98,242.0,107,20.57,246.9,96,11.11,10.2,2,2.75,2,False,634.3000000000001,303,57.41,0,Medium,High User
2923,KY,110,510,388-9464,no,no,0,99.4,62,16.9,275.0,86,23.38,212.1,94,9.54,16.7,3,4.51,2,False,603.2,245,54.33,0,Medium,High User
2924,WA,96,415,406-2866,no,no,0,276.9,105,47.07,246.9,94,20.99,254.4,107,11.45,10.3,3,2.78,1,True,788.4999999999999,309,82.29,1,Low,High User
2925,NY,168,408,333-5729,no,no,0,163.4,134,27.78,240.1,87,20.41,164.0,147,7.38,11.6,2,3.13,2,True,579.1,370,58.7,1,Medium,Medium User
2926,IN,72,510,391-1499,no,no,0,287.4,116,48.86,235.3,126,20.0,292.1,114,13.14,5.0,3,1.35,4,True,819.8000000000001,359,83.35,1,High,High User
2927,CO,125,408,386-8690,no,yes,23,120.5,104,20.49,227.8,115,19.36,158.5,100,7.13,10.2,3,2.75,1,False,517.0,322,49.73,0,Low,Medium User
2928,DC,170,510,391-2231,no,no,0,184.1,106,31.3,204.9,70,17.42,224.3,133,10.09,9.8,3,2.65,2,False,623.0999999999999,312,61.46,0,Medium,High User
2929,AK,71,510,332-2275,no,no,0,185.0,84,31.45,232.5,129,19.76,191.1,82,8.6,14.9,4,4.02,3,False,623.5,299,63.83,0,Medium,High User
2930,SC,124,415,340-4028,no,no,0,160.9,109,27.35,144.2,152,12.26,120.4,97,5.42,12.9,12,3.48,1,False,438.4,370,48.51,0,Low,Low User
2931,KS,68,415,363-3486,no,no,0,207.6,68,35.29,251.6,123,21.39,191.6,100,8.62,10.9,6,2.94,2,False,661.6999999999999,297,68.24,0,Medium,High User
2932,UT,97,415,418-3181,no,no,0,209.2,134,35.56,0.0,0,0.0,175.4,94,7.89,11.8,6,3.19,1,False,396.40000000000003,234,46.64,0,Low,Low User
2933,IL,98,510,351-3316,yes,no,0,158.4,71,26.93,306.6,66,26.06,144.2,93,6.49,2.1,4,0.57,1,False,611.3000000000001,234,60.05,0,Low,High User
2934,DC,24,408,369-3626,no,no,0,149.0,73,25.33,131.0,81,11.14,238.6,69,10.74,8.6,3,2.32,2,True,527.2,226,49.53,1,Medium,Medium User
2935,DC,136,510,353-2763,no,no,0,204.5,63,34.77,208.8,95,17.75,224.0,119,10.08,9.8,2,2.65,0,False,647.0999999999999,279,65.25,0,Low,High User
2936,OK,44,408,358-7165,no,no,0,288.8,86,49.1,175.9,87,14.95,215.4,106,9.69,9.5,2,2.57,0,True,689.6,281,76.30999999999999,1,Low,High User
2937,KY,96,415,353-3223,no,yes,40,108.6,90,18.46,206.4,154,17.54,126.3,118,5.68,13.4,4,3.62,0,False,454.7,366,45.3,0,Low,Low User
2938,NE,31,415,338-9044,no,no,0,97.5,129,16.58,260.4,78,22.13,88.7,100,3.99,7.0,5,1.89,1,False,453.59999999999997,312,44.589999999999996,0,Low,Low User
2939,AL,72,415,341-7296,no,no,0,166.5,102,28.31,261.0,103,22.19,262.7,85,11.82,13.3,5,3.59,0,False,703.5,295,65.91,0,Low,High User
2940,HI,24,415,398-4431,no,no,0,156.2,104,26.55,90.0,101,7.65,205.1,116,9.23,7.3,5,1.97,1,False,458.59999999999997,326,45.400000000000006,0,Low,Low User
2941,SC,112,415,408-5601,no,yes,31,225.2,89,38.28,256.8,117,21.83,249.7,87,11.24,11.5,1,3.11,4,False,743.2,294,74.46,0,High,High User
2942,GA,117,415,328-5188,yes,no,0,287.4,118,48.86,259.6,84,22.07,153.2,86,6.89,10.0,3,2.7,1,True,710.2,291,80.52000000000001,1,Low,High User
2943,KS,137,415,329-4474,no,yes,19,175.3,96,29.8,241.3,146,20.51,211.4,109,9.51,7.8,2,2.11,0,False,635.8,353,61.93,0,Low,High User
2944,PA,136,408,357-4573,no,no,0,102.1,75,17.36,219.5,97,18.66,73.7,92,3.32,9.8,5,2.65,0,False,405.1,269,41.989999999999995,0,Low,Low User
2945,UT,95,415,341-7112,no,no,0,157.9,103,26.84,259.6,90,22.07,230.0,117,10.35,14.0,2,3.78,0,False,661.5,312,63.04,0,Low,High User
2946,OR,82,415,400-3147,no,yes,19,146.5,73,24.91,246.4,65,20.94,199.0,114,8.96,4.1,4,1.11,1,False,596.0,256,55.92,0,Low,Medium User
2947,ND,145,415,378-1936,no,no,0,245.8,116,41.79,286.7,91,24.37,240.7,115,10.83,9.0,13,2.43,1,True,782.2,335,79.42,1,Low,High User
2948,KY,56,415,347-1640,yes,no,0,177.7,114,30.21,215.6,110,18.33,236.7,67,10.65,10.5,5,2.84,1,False,640.5,296,62.03,0,Low,High User
2949,MN,155,408,374-9531,yes,no,0,250.8,146,42.64,152.5,105,12.96,148.1,104,6.66,10.0,5,2.7,2,False,561.4,360,64.96000000000001,0,Medium,Medium User
2950,OH,133,408,380-4374,no,no,0,117.8,100,20.03,199.2,105,16.93,244.1,119,10.98,11.8,4,3.19,0,True,572.9,328,51.129999999999995,1,Low,Medium User
2951,TX,53,415,380-9409,no,no,0,119.7,113,20.35,189.7,84,16.12,256.2,108,11.53,12.9,7,3.48,2,False,578.4999999999999,312,51.48,0,Medium,Medium User
2952,WY,123,415,387-1116,no,no,0,242.2,87,41.17,226.1,101,19.22,268.6,121,12.09,8.2,3,2.21,5,True,745.1,312,74.69,1,High,High User
2953,GA,136,415,400-7509,no,no,0,163.4,83,27.78,249.3,119,21.19,249.7,90,11.24,9.8,4,2.65,7,False,672.2,296,62.86,0,High,High User
2954,TX,57,415,403-6225,no,no,0,161.0,113,27.37,208.0,134,17.68,208.1,81,9.36,8.4,4,2.27,3,False,585.5,332,56.68,0,Medium,Medium User
2955,WV,62,408,382-8274,no,no,0,128.7,111,21.88,169.5,104,14.41,193.6,97,8.71,10.3,5,2.78,1,False,502.09999999999997,317,47.78,0,Low,Medium User
2956,NM,112,415,354-5764,no,no,0,81.6,94,13.87,268.1,112,22.79,140.8,75,6.34,8.6,18,2.32,1,False,499.1000000000001,299,45.32,0,Low,Low User
2957,MI,55,415,387-6912,no,yes,20,207.7,91,35.31,199.7,113,16.97,216.5,110,9.74,7.3,1,1.97,1,False,631.1999999999999,315,63.99,0,Low,High User
2958,NC,95,408,384-3413,no,no,0,128.6,115,21.86,216.2,88,18.38,255.3,96,11.49,6.3,2,1.7,6,True,606.3999999999999,301,53.43,1,High,High User
2959,NY,125,415,367-3950,no,no,0,233.3,65,39.66,209.8,93,17.83,210.6,109,9.48,9.1,4,2.46,1,False,662.8000000000001,271,69.42999999999999,0,Low,High User
2960,TX,1,415,396-4254,no,no,0,182.1,106,30.96,134.9,106,11.47,152.3,75,6.85,10.0,3,2.7,5,True,479.3,290,51.980000000000004,1,High,Low User
2961,KY,98,415,333-3010,no,yes,36,168.0,81,28.56,163.2,125,13.87,172.7,120,7.77,8.0,2,2.16,6,True,511.9,328,52.36,1,High,Medium User
2962,SD,105,415,393-1891,no,no,0,251.6,88,42.77,175.1,103,14.88,184.4,112,8.3,5.4,5,1.46,1,False,616.5,308,67.41,0,Low,High User
2963,ID,113,415,336-9053,no,yes,30,183.8,102,31.25,183.4,123,15.59,235.0,52,10.58,11.6,7,3.13,0,False,613.8000000000001,284,60.550000000000004,0,Low,High User
2964,OR,99,408,353-3372,no,no,0,256.4,44,43.59,214.5,105,18.23,233.7,75,10.52,7.9,1,2.13,3,True,712.4999999999999,225,74.47,1,Medium,High User
2965,WI,103,415,386-8943,no,no,0,180.2,134,30.63,97.7,85,8.3,181.7,134,8.18,8.4,3,2.27,1,False,467.99999999999994,356,49.38,0,Low,Low User
2966,WV,177,408,376-9716,no,no,0,227.8,81,38.73,161.8,97,13.75,217.0,106,9.76,8.0,5,2.16,1,False,614.6,289,64.39999999999999,0,Low,High User
2967,SC,149,415,370-8676,no,yes,20,147.8,132,25.13,276.8,94,23.53,149.9,110,6.75,10.2,6,2.75,0,False,584.7,342,58.16,0,Low,Medium User
2968,CT,160,415,360-2329,no,no,0,234.9,136,39.93,270.8,134,23.02,219.3,101,9.87,13.9,2,3.75,1,True,738.9,373,76.57000000000001,1,Low,High User
2969,NV,116,408,360-1320,no,no,0,110.9,54,18.85,213.4,82,18.14,186.2,116,8.38,7.9,2,2.13,2,False,518.4,254,47.50000000000001,0,Medium,Medium User
2970,ND,90,415,329-8638,no,yes,22,124.5,94,21.17,231.7,90,19.69,222.2,108,10.0,6.4,12,1.73,1,False,584.8,304,52.589999999999996,0,Low,Medium User
2971,MI,148,415,385-1118,yes,no,0,233.5,81,39.7,187.7,71,15.95,122.3,97,5.5,9.6,2,2.59,0,True,553.1,251,63.74000000000001,1,Low,Medium User
2972,MT,147,415,408-8269,no,yes,35,197.3,134,33.54,141.1,99,11.99,212.1,90,9.54,10.1,4,2.73,2,True,560.6,327,57.8,1,Medium,Medium User
2973,NE,95,510,391-2334,no,no,0,58.2,96,9.89,202.1,126,17.18,210.5,97,9.47,10.4,5,2.81,0,False,481.2,324,39.35,0,Low,Low User
2974,UT,201,510,373-8900,no,no,0,212.7,72,36.16,225.2,90,19.14,195.1,99,8.78,7.0,6,1.89,1,False,640.0,267,65.97,0,Low,High User
2975,WV,80,415,382-3512,no,no,0,151.5,89,25.76,131.7,78,11.19,235.3,131,10.59,11.8,4,3.19,0,False,530.3,302,50.730000000000004,0,Low,Medium User
2976,AR,122,415,420-4089,yes,no,0,146.3,117,24.87,218.7,93,18.59,236.0,97,10.62,11.5,5,3.11,1,False,612.5,312,57.19,0,Low,High User
2977,MT,132,408,406-8465,no,no,0,195.1,100,33.17,148.8,95,12.65,224.5,117,10.1,6.7,2,1.81,0,False,575.1,314,57.730000000000004,0,Low,Medium User
2978,UT,83,510,386-6114,no,no,0,208.9,71,35.51,214.8,92,18.26,247.9,108,11.16,13.0,5,3.51,1,False,684.6,276,68.44,0,Low,High User
2979,HI,99,408,413-9328,no,no,0,135.7,107,23.07,208.4,103,17.71,209.0,95,9.4,8.8,3,2.38,7,True,561.9,308,52.56,1,High,Medium User
2980,KS,84,415,335-7144,no,no,0,225.9,86,38.4,275.6,105,23.43,201.4,108,9.06,14.3,3,3.86,3,True,717.1999999999999,302,74.75,1,Medium,High User
2981,NY,46,415,414-5177,no,no,0,122.2,67,20.77,167.2,62,14.21,194.8,98,8.77,9.7,6,2.62,1,False,493.9,233,46.37,0,Low,Low User
2982,OH,87,510,350-5993,no,no,0,153.3,106,26.06,224.5,117,19.08,273.4,152,12.3,8.9,5,2.4,2,False,660.1,380,59.839999999999996,0,Medium,High User
2983,HI,150,415,370-1465,no,no,0,214.0,117,36.38,192.4,89,16.35,242.6,99,10.92,7.9,4,2.13,1,False,656.9,309,65.78,0,Low,High User
2984,KS,73,408,385-2370,no,no,0,194.8,112,33.12,167.2,85,14.21,100.3,61,4.51,10.8,6,2.92,1,False,473.1,264,54.76,0,Low,Low User
2985,IN,7,415,358-9146,no,no,0,206.7,87,35.14,281.1,83,23.89,158.5,77,7.13,11.0,5,2.97,3,False,657.3,252,69.13,0,Medium,High User
2986,OR,89,415,357-8515,no,yes,12,188.0,105,31.96,151.3,107,12.86,201.9,132,9.09,10.5,3,2.84,2,False,551.7,347,56.75,0,Medium,Medium User
2987,NY,131,408,406-8995,yes,no,0,122.3,83,20.79,118.8,94,10.1,147.9,95,6.66,13.7,3,3.7,3,True,402.7,275,41.25,1,Medium,Low User
2988,VA,105,415,344-3145,no,no,0,259.3,96,44.08,175.2,97,14.89,222.4,36,10.01,12.0,5,3.24,3,False,668.9,234,72.22,0,Medium,High User
2989,MI,108,408,341-9890,yes,no,0,115.1,114,19.57,211.3,70,17.96,136.1,85,6.12,13.8,3,3.73,2,True,476.3,272,47.379999999999995,1,Medium,Low User
2990,ID,47,415,365-4387,no,yes,28,172.9,109,29.39,137.6,94,11.7,203.8,109,9.17,8.3,6,2.24,1,False,522.5999999999999,318,52.50000000000001,0,Low,Medium User
2991,MO,101,415,375-3341,yes,no,0,156.4,116,26.59,130.4,114,11.08,207.3,109,9.33,7.3,5,1.97,1,False,501.40000000000003,344,48.97,0,Low,Medium User
2992,AL,182,415,418-3096,no,yes,24,128.1,104,21.78,143.4,127,12.19,191.0,98,8.59,11.6,3,3.13,1,False,474.1,332,45.690000000000005,0,Low,Low User
2993,OR,161,408,378-3879,no,no,0,196.6,73,33.42,170.2,79,14.47,194.3,79,8.74,12.5,3,3.38,1,False,573.5999999999999,234,60.010000000000005,0,Low,Medium User
2994,VT,128,408,344-1362,no,no,0,227.9,130,38.74,302.6,71,25.72,191.5,82,8.62,5.5,7,1.49,1,True,727.5,290,74.57000000000001,1,Low,High User
2995,AZ,69,415,419-3937,no,yes,31,194.9,63,33.13,191.6,90,16.29,153.0,129,6.89,13.2,2,3.56,2,False,552.7,284,59.870000000000005,0,Medium,Medium User
2996,VA,113,408,348-4961,no,yes,34,44.9,63,7.63,134.2,82,11.41,168.4,118,7.58,13.3,3,3.59,1,False,360.8,266,30.209999999999997,0,Low,Low User
2997,PA,87,408,329-1410,no,yes,30,262.8,114,44.68,215.8,130,18.34,154.8,88,6.97,7.8,2,2.11,0,False,641.2,334,72.1,0,Low,High User
2998,CO,71,415,332-9896,no,no,0,211.2,70,35.9,252.7,122,21.48,225.8,104,10.16,12.3,3,3.32,0,False,702.0,299,70.85999999999999,0,Low,High User
2999,KY,76,415,407-8575,no,no,0,204.0,69,34.68,225.1,110,19.13,240.3,85,10.81,9.6,5,2.59,1,False,679.0000000000001,269,67.21000000000001,0,Low,High User
3000,NJ,87,510,387-2799,no,no,0,223.2,109,37.94,127.5,86,10.84,289.3,83,13.02,14.5,4,3.92,3,False,654.5,282,65.72,0,Medium,High User
3001,IL,117,408,373-9108,no,no,0,119.0,82,20.23,187.5,108,15.94,189.3,97,8.52,11.5,3,3.11,1,False,507.3,290,47.8,0,Low,Medium User
3002,WA,177,415,345-3947,no,no,0,266.1,91,45.24,225.2,79,19.14,224.7,58,10.11,8.9,8,2.4,3,True,724.9,236,76.89,1,Medium,High User
3003,WV,95,415,356-7511,no,no,0,134.4,104,22.85,152.4,95,12.95,236.5,80,10.64,9.4,3,2.54,1,False,532.6999999999999,282,48.98,0,Low,Medium User
3004,RI,76,415,343-4516,no,no,0,171.1,78,29.09,257.2,83,21.86,91.6,92,4.12,16.2,3,4.37,1,False,536.1,256,59.44,0,Low,Medium User
3005,OH,66,415,408-6305,no,no,0,170.5,103,28.99,254.3,77,21.62,197.3,138,8.88,10.5,2,2.84,2,False,632.6,320,62.33,0,Medium,High User
3006,MO,110,415,338-7305,no,no,0,178.5,124,30.35,146.9,141,12.49,217.1,102,9.77,9.9,7,2.67,1,False,552.4,374,55.28,0,Low,Medium User
3007,MD,204,510,401-3077,no,no,0,205.2,145,34.88,154.8,95,13.16,191.4,77,8.61,14.1,5,3.81,3,False,565.5,322,60.46000000000001,0,Medium,Medium User
3008,OH,32,415,401-6977,no,yes,31,232.8,97,39.58,183.5,111,15.6,206.8,111,9.31,13.0,2,3.51,0,False,636.1,321,68.0,0,Low,High User
3009,VA,133,408,385-1464,no,yes,39,239.9,107,40.78,253.8,77,21.57,128.7,85,5.79,6.7,3,1.81,5,False,629.1000000000001,272,69.95,0,High,High User
3010,FL,185,408,417-5034,no,no,0,55.6,97,9.45,288.7,83,24.54,111.2,110,5.0,12.1,3,3.27,2,False,467.6,293,42.26,0,Medium,Low User
3011,CO,103,415,420-7066,no,yes,37,153.5,78,26.1,241.9,108,20.56,244.7,110,11.01,10.6,3,2.86,1,False,650.6999999999999,299,60.529999999999994,0,Low,High User
3012,NY,91,510,394-8256,no,no,0,109.8,100,18.67,189.6,104,16.12,206.7,85,9.3,11.1,3,3.0,1,False,517.1999999999999,292,47.09,0,Low,Medium User
3013,WV,131,415,362-5044,no,no,0,196.1,89,33.34,185.5,87,15.77,250.0,132,11.25,5.2,6,1.4,2,False,636.8000000000001,314,61.76,0,Medium,High User
3014,LA,153,510,350-2075,no,no,0,166.8,127,28.36,143.5,121,12.2,210.7,130,9.48,11.8,4,3.19,0,False,532.8,382,53.230000000000004,0,Low,Medium User
3015,MA,132,415,343-5372,no,yes,25,113.2,96,19.24,269.9,107,22.94,229.1,87,10.31,7.1,7,1.92,2,False,619.3,297,54.410000000000004,0,Medium,High User
3016,UT,148,510,377-9520,no,no,0,203.0,92,34.51,150.9,125,12.83,245.5,131,11.05,14.6,9,3.94,1,False,614.0,357,62.33,0,Low,High User
3017,AL,141,408,391-6773,no,no,0,242.8,90,41.28,234.1,80,19.9,211.5,104,9.52,6.0,3,1.62,5,False,694.4,277,72.32000000000001,0,High,High User
3018,ME,105,415,403-4442,no,no,0,156.5,102,26.61,140.2,134,11.92,227.4,111,10.23,12.2,2,3.29,2,False,536.3000000000001,349,52.050000000000004,0,Medium,Medium User
3019,TX,169,408,379-5885,no,no,0,266.7,105,45.34,158.2,88,13.45,287.7,111,12.95,13.8,3,3.73,3,True,726.3999999999999,307,75.47000000000001,1,Medium,High User
3020,ND,127,415,399-1021,no,yes,23,182.0,80,30.94,216.1,85,18.37,156.9,82,7.06,9.8,4,2.65,1,False,564.8,251,59.02,0,Low,Medium User
3021,CO,57,415,342-4004,no,no,0,85.9,92,14.6,193.9,127,16.48,231.5,93,10.42,10.1,2,2.73,0,False,521.4,314,44.23,0,Low,Medium User
3022,LA,123,415,382-7659,no,yes,33,146.6,87,24.92,114.8,59,9.76,220.4,99,9.92,2.9,7,0.78,0,False,484.69999999999993,252,45.38,0,Low,Low User
3023,MT,103,510,342-1004,no,yes,35,110.5,101,18.79,208.3,81,17.71,87.4,77,3.93,13.9,2,3.75,4,True,420.1,261,44.18,1,High,Low User
3024,OR,101,415,398-5851,no,no,0,118.6,89,20.16,199.6,97,16.97,53.3,61,2.4,11.5,5,3.11,1,False,383.0,252,42.63999999999999,0,Low,Low User
3025,NH,123,415,396-4869,no,yes,22,197.6,105,33.59,80.0,86,6.8,120.8,82,5.44,15.6,12,4.21,2,False,414.00000000000006,285,50.04,0,Medium,Low User
3026,NE,78,510,422-8333,no,yes,32,210.3,116,35.75,192.2,83,16.34,246.1,92,11.07,10.8,4,2.92,6,False,659.4,295,66.08,0,High,High User
3027,WV,101,415,367-9127,no,yes,28,220.3,96,37.45,285.8,72,24.29,203.0,111,9.14,9.4,6,2.54,4,False,718.5,285,73.42,0,High,High User
3028,NV,129,415,420-3028,no,no,0,150.0,98,25.5,232.4,101,19.75,261.2,123,11.75,12.5,6,3.38,1,False,656.0999999999999,328,60.38,0,Low,High User
3029,MA,67,415,357-6348,no,yes,34,161.7,114,27.49,207.6,115,17.65,205.7,114,9.26,9.2,4,2.48,0,False,584.2,347,56.879999999999995,0,Low,Medium User
3030,MI,37,415,386-1131,no,no,0,191.4,116,32.54,167.4,99,14.23,216.5,112,9.74,14.0,5,3.78,3,False,589.3,332,60.29,0,Medium,Medium User
3031,KY,64,415,349-8391,yes,no,0,146.7,83,24.94,148.3,91,12.61,238.6,69,10.74,12.5,3,3.38,3,False,546.1,246,51.67,0,Medium,Medium User
3032,WV,173,510,421-1484,no,no,0,109.4,103,18.6,101.3,111,8.61,167.3,106,7.53,7.8,7,2.11,1,False,385.8,327,36.85,0,Low,Low User
3033,KY,135,510,414-2663,no,no,0,144.1,115,24.5,249.8,68,21.23,211.4,82,9.51,13.6,3,3.67,1,False,618.9,268,58.910000000000004,0,Low,High User
3034,NJ,75,415,327-6989,no,yes,42,248.9,93,42.31,170.8,108,14.52,104.5,91,4.7,11.2,8,3.02,1,False,535.4000000000001,300,64.55,0,Low,Medium User
3035,ME,88,415,405-5513,no,no,0,85.7,112,14.57,221.6,70,18.84,190.6,75,8.58,11.6,3,3.13,4,True,509.5,260,45.12,1,High,Medium User
3036,TX,112,415,345-9168,no,no,0,214.8,112,36.52,209.7,104,17.82,164.4,97,7.4,9.4,5,2.54,3,False,598.3,318,64.28,0,Medium,Medium User
3037,MN,113,408,417-5146,no,no,0,158.9,137,27.01,242.8,109,20.64,247.8,97,11.15,6.5,4,1.76,0,False,656.0,347,60.56,0,Low,High User
3038,VA,121,510,339-2792,no,yes,28,110.0,94,18.7,141.5,76,12.03,237.3,87,10.68,6.4,3,1.73,2,False,495.2,260,43.13999999999999,0,Medium,Low User
3039,DC,70,415,345-8397,no,no,0,152.8,145,25.98,183.6,102,15.61,151.8,75,6.83,10.5,2,2.84,1,False,498.7,324,51.260000000000005,0,Low,Low User
3040,MD,90,415,344-6404,no,no,0,145.6,103,24.75,197.1,137,16.75,294.5,83,13.25,10.5,4,2.84,0,False,647.7,327,57.59,0,Low,High User
3041,RI,39,408,417-9455,no,no,0,93.3,83,15.86,199.6,114,16.97,206.2,104,9.28,6.5,4,1.76,0,False,505.59999999999997,305,43.87,0,Low,Medium User
3042,MA,142,408,343-1009,no,no,0,216.8,134,36.86,187.8,106,15.96,138.1,108,6.21,8.3,2,2.24,0,False,551.0,350,61.27,0,Low,Medium User
3043,MD,176,408,365-3493,no,no,0,201.9,101,34.32,154.7,78,13.15,164.4,79,7.4,9.0,2,2.43,1,False,530.0,260,57.3,0,Low,Medium User
3044,NM,105,408,376-7043,no,no,0,146.4,81,24.89,225.1,80,19.13,230.1,117,10.35,8.5,2,2.3,1,False,610.1,280,56.669999999999995,0,Low,High User
3045,MN,57,415,348-5728,no,no,0,272.7,74,46.36,224.9,85,19.12,178.2,104,8.02,10.5,3,2.84,2,True,686.3,266,76.34,1,Medium,High User
3046,MI,110,510,357-5784,no,no,0,18.9,92,3.21,258.4,81,21.96,109.6,74,4.93,14.8,4,4.0,1,False,401.7,251,34.1,0,Low,Low User
3047,AZ,88,415,417-9844,no,no,0,172.8,81,29.38,193.4,90,16.44,89.6,107,4.03,12.8,5,3.46,2,False,468.6000000000001,283,53.31,0,Medium,Low User
3048,AL,95,408,333-7225,no,no,0,190.2,119,32.33,157.1,70,13.35,181.5,120,8.17,14.0,6,3.78,0,False,542.8,315,57.63,0,Low,Medium User
3049,MI,147,415,382-4943,no,no,0,130.6,83,22.2,208.1,144,17.69,204.6,72,9.21,15.6,3,4.21,3,False,558.9,302,53.31,0,Medium,Medium User
3050,SC,101,415,345-4589,no,no,0,158.4,92,26.93,188.0,117,15.98,219.7,125,9.89,13.5,4,3.65,4,True,579.5999999999999,338,56.449999999999996,1,High,Medium User
3051,MS,115,415,404-6337,no,no,0,166.5,111,28.31,236.2,98,20.08,205.6,92,9.25,15.6,2,4.21,1,False,623.9,303,61.85,0,Low,High User
3052,MS,103,415,412-1470,no,no,0,129.3,103,21.98,202.8,89,17.24,233.0,126,10.49,12.9,2,3.48,2,False,578.0,320,53.19,0,Medium,Medium User
3053,CA,82,415,394-9220,no,no,0,199.3,112,33.88,193.4,120,16.44,254.4,117,11.45,7.0,10,1.89,0,False,654.1,359,63.66000000000001,0,Low,High User
3054,MD,141,415,364-5362,no,no,0,185.1,126,31.47,233.0,98,19.81,152.2,106,6.85,9.1,7,2.46,0,False,579.4,337,60.59,0,Low,Medium User
3055,ND,149,408,372-9852,no,no,0,175.4,80,29.82,197.4,127,16.78,188.2,102,8.47,9.7,2,2.62,2,False,570.7,311,57.69,0,Medium,Medium User
3056,IL,131,510,394-9984,no,no,0,263.4,123,44.78,151.9,74,12.91,218.5,101,9.83,10.7,2,2.89,2,False,644.5,300,70.41,0,Medium,High User
3057,SD,119,510,402-1668,no,no,0,94.2,108,16.01,264.1,100,22.45,203.7,79,9.17,7.3,3,1.97,1,False,569.3,290,49.6,0,Low,Medium User
3058,AL,112,510,339-5659,no,no,0,189.4,83,32.2,219.0,89,18.62,168.0,116,7.56,7.1,8,1.92,3,False,583.5,296,60.30000000000001,0,Medium,Medium User
3059,NV,116,510,341-7279,no,yes,35,118.0,103,20.06,167.2,106,14.21,205.7,102,9.26,11.8,2,3.19,2,False,502.7,313,46.71999999999999,0,Medium,Medium User
3060,LA,94,415,371-3236,no,no,0,212.1,98,36.06,189.4,89,16.1,352.2,95,15.85,8.4,5,2.27,3,False,762.1,287,70.28,0,Medium,High User
3061,VA,90,408,343-5679,no,no,0,222.0,93,37.74,187.0,103,15.9,282.3,124,12.7,12.4,6,3.35,2,False,703.6999999999999,326,69.69,0,Medium,High User
3062,DE,114,415,347-4626,no,yes,31,222.8,98,37.88,180.5,105,15.34,151.3,101,6.81,13.0,4,3.51,0,False,567.6,308,63.54,0,Low,Medium User
3063,CT,63,408,344-8498,no,yes,25,190.0,137,32.3,116.6,76,9.91,141.5,110,6.37,12.2,2,3.29,1,False,460.3,325,51.86999999999999,0,Low,Low User
3064,CO,130,408,349-3005,no,no,0,271.8,129,46.21,237.2,128,20.16,210.1,91,9.45,8.7,2,2.35,4,True,727.8000000000001,350,78.17,1,High,High User
3065,MA,122,408,371-3498,no,yes,29,195.4,83,33.22,268.2,93,22.8,168.0,95,7.56,8.4,6,2.27,3,False,640.0,277,65.85,0,Medium,High User
3066,OR,166,510,367-4853,no,no,0,199.6,93,33.93,214.3,99,18.22,196.8,110,8.86,7.2,5,1.94,3,False,617.9000000000001,307,62.949999999999996,0,Medium,High User
3067,WA,62,415,422-3454,no,no,0,100.0,98,17.0,173.5,95,14.75,218.0,122,9.81,10.1,4,2.73,0,False,501.6,319,44.29,0,Low,Medium User
3068,SC,78,415,403-8915,no,yes,21,160.6,85,27.3,223.1,79,18.96,124.0,92,5.58,9.5,1,2.57,2,False,517.2,257,54.410000000000004,0,Medium,Medium User
3069,IN,148,415,371-2418,no,yes,26,158.7,91,26.98,160.5,127,13.64,218.3,88,9.82,9.9,3,2.67,1,False,547.4,309,53.11000000000001,0,Low,Medium User
3070,MD,154,510,411-2977,no,no,0,154.5,122,26.27,214.2,71,18.21,178.0,105,8.01,12.0,2,3.24,3,True,558.7,300,55.730000000000004,1,Medium,Medium User
3071,NV,110,408,389-8163,no,yes,34,192.3,114,32.69,129.3,114,10.99,136.3,102,6.13,6.3,12,1.7,1,False,464.20000000000005,342,51.510000000000005,0,Low,Low User
3072,TX,75,415,417-4456,no,no,0,305.1,106,51.87,188.0,115,15.98,235.4,116,10.59,8.5,5,2.3,0,True,737.0,342,80.74,1,Low,High User
3073,ND,84,408,351-1894,no,yes,38,193.0,106,32.81,153.6,106,13.06,260.4,87,11.72,7.4,5,2.0,2,False,614.4,304,59.59,0,Medium,High User
3074,WV,113,510,386-6408,no,no,0,72.5,88,12.33,204.0,112,17.34,117.9,118,5.31,6.6,3,1.78,1,False,401.0,321,36.760000000000005,0,Low,Low User
3075,CO,181,510,370-9592,no,yes,40,105.2,61,17.88,341.3,79,29.01,165.7,97,7.46,6.3,3,1.7,2,False,618.5,240,56.050000000000004,0,Medium,High User
3076,TX,51,415,397-9251,no,no,0,180.5,88,30.69,134.7,102,11.45,170.7,97,7.68,10.0,3,2.7,2,False,495.9,290,52.52,0,Medium,Low User
3077,FL,102,408,395-6913,no,yes,29,214.7,86,36.5,314.3,109,26.72,280.2,110,12.61,14.3,2,3.86,0,False,823.5,307,79.69,0,Low,High User
3078,AL,107,408,332-3804,no,no,0,86.8,95,14.76,108.1,85,9.19,204.3,87,9.19,13.2,3,3.56,1,False,412.4,270,36.7,0,Low,Low User
3079,WV,88,510,421-1326,no,no,0,131.5,99,22.36,174.8,128,14.86,184.2,83,8.29,7.9,2,2.13,5,True,498.4,312,47.64,1,High,Low User
3080,MI,82,415,415-8200,no,no,0,135.4,102,23.02,237.1,122,20.15,118.3,91,5.32,17.5,4,4.73,0,False,508.3,319,53.22,0,Low,Medium User
3081,NY,204,415,371-9414,no,no,0,174.3,85,29.63,254.1,95,21.6,176.4,96,7.94,5.9,3,1.59,6,False,610.6999999999999,279,60.760000000000005,0,High,High User
3082,MS,130,510,347-3895,no,no,0,203.9,63,34.66,191.8,93,16.3,132.5,125,5.96,12.1,4,3.27,3,False,540.3000000000001,285,60.19,0,Medium,Medium User
3083,MO,174,510,342-5854,no,no,0,235.5,108,40.04,142.3,143,12.1,316.7,131,14.25,12.5,5,3.38,0,False,707.0,387,69.77,0,Low,High User
3084,AR,129,415,379-7192,no,no,0,157.0,113,26.69,256.9,97,21.84,185.5,126,8.35,12.1,2,3.27,2,False,611.5,338,60.150000000000006,0,Medium,High User
3085,MS,190,415,394-5753,yes,no,0,111.9,55,19.02,223.0,124,18.96,243.2,81,10.94,10.0,7,2.7,3,False,588.0999999999999,267,51.620000000000005,0,Medium,Medium User
3086,NY,54,510,390-6932,yes,no,0,236.3,91,40.17,152.8,130,12.99,160.3,98,7.21,11.2,8,3.02,3,False,560.6000000000001,327,63.39000000000001,0,Medium,Medium User
3087,SD,78,408,394-3171,no,no,0,163.6,88,27.81,283.4,93,24.09,262.1,108,11.79,8.6,9,2.32,0,False,717.7,298,66.00999999999999,0,Low,High User
3088,AK,100,415,394-5202,no,yes,29,213.6,127,36.31,175.9,82,14.95,207.2,100,9.32,8.9,3,2.4,1,False,605.6,312,62.980000000000004,0,Low,High User
3089,WV,70,510,348-3777,no,yes,30,143.4,72,24.38,170.0,92,14.45,127.9,68,5.76,9.4,4,2.54,3,False,450.69999999999993,236,47.129999999999995,0,Medium,Low User
3090,SC,111,510,407-3949,no,no,0,78.3,119,13.31,198.2,94,16.85,248.5,94,11.18,12.1,4,3.27,1,False,537.1,311,44.61000000000001,0,Low,Medium User
3091,VA,117,408,363-4779,no,no,0,97.1,98,16.51,228.0,131,19.38,240.0,111,10.8,10.6,3,2.86,1,False,575.7,343,49.55,0,Low,Medium User
3092,MS,68,415,340-2239,no,no,0,94.1,93,16.0,147.6,80,12.55,213.5,85,9.61,10.1,2,2.73,0,False,465.3,260,40.88999999999999,0,Low,Low User
3093,SD,27,510,359-3423,no,no,0,226.3,95,38.47,274.3,109,23.32,242.7,119,10.92,8.2,3,2.21,2,True,751.5,326,74.91999999999999,1,Medium,High User
3094,MN,91,415,382-9297,no,no,0,133.8,61,22.75,158.8,96,13.5,189.6,92,8.53,10.5,2,2.84,1,False,492.70000000000005,251,47.620000000000005,0,Low,Low User
3095,AL,181,415,330-9294,no,yes,27,190.3,93,32.35,249.0,127,21.17,215.7,82,9.71,10.6,4,2.86,1,False,665.6,306,66.09,0,Low,High User
3096,CO,118,415,362-8763,no,yes,36,294.9,106,50.13,165.7,115,14.08,189.2,63,8.51,9.8,5,2.65,3,False,659.5999999999999,289,75.37000000000002,0,Medium,High User
3097,ME,112,415,403-4816,no,no,0,185.4,114,31.52,191.4,119,16.27,144.0,78,6.48,10.0,11,2.7,2,False,530.8,322,56.97,0,Medium,Medium User
3098,GA,93,415,371-2155,no,no,0,179.5,121,30.52,191.9,131,16.31,165.5,125,7.45,12.0,4,3.24,0,False,548.9,381,57.52,0,Low,Medium User
3099,AZ,102,408,334-1339,no,no,0,158.0,94,26.86,207.9,100,17.67,190.4,120,8.57,10.1,10,2.73,0,False,566.4,324,55.83,0,Low,Medium User
3100,MA,93,415,341-7412,no,no,0,173.0,131,29.41,190.4,108,16.18,290.0,66,13.05,10.4,2,2.81,0,False,663.8,307,61.45,0,Low,High User
3101,AZ,107,415,375-4770,no,yes,32,134.2,101,22.81,211.9,145,18.01,167.6,138,7.54,8.2,5,2.21,1,False,521.9000000000001,389,50.57,0,Low,Medium User
3102,IN,100,415,406-7643,no,yes,32,125.2,123,21.28,230.9,101,19.63,192.0,106,8.64,12.6,9,3.4,3,False,560.7,339,52.949999999999996,0,Medium,Medium User
3103,DE,115,415,415-8164,no,no,0,195.9,111,33.3,227.0,108,19.3,313.2,113,14.09,13.2,1,3.56,2,False,749.3,333,70.25,0,Medium,High User
3104,WI,63,510,354-3545,no,yes,13,214.2,61,36.41,181.2,88,15.4,174.0,68,7.83,10.3,2,2.78,0,False,579.6999999999999,219,62.419999999999995,0,Low,Medium User
3105,ME,57,415,377-3139,no,no,0,221.1,101,37.59,236.7,65,20.12,252.3,137,11.35,9.5,1,2.57,0,False,719.5999999999999,304,71.63,0,Low,High User
3106,DC,119,408,418-7478,no,yes,26,132.0,100,22.44,173.3,121,14.73,203.5,108,9.16,11.6,5,3.13,1,False,520.4,334,49.46,0,Low,Medium User
3107,GA,73,408,385-6952,no,no,0,157.6,92,26.79,198.3,87,16.86,364.9,106,16.42,9.1,4,2.46,1,False,729.9,289,62.53,0,Low,High User
3108,HI,98,408,381-8593,no,yes,30,110.3,71,18.75,182.4,108,15.5,183.8,88,8.27,11.0,8,2.97,2,False,487.5,275,45.489999999999995,0,Medium,Low User
3109,VA,139,415,365-9371,yes,no,0,161.5,121,27.46,192.9,137,16.4,168.3,96,7.57,11.2,13,3.02,0,False,533.9000000000001,367,54.45,0,Low,Medium User
3110,NY,31,408,401-7335,no,yes,28,171.8,116,29.21,240.7,125,20.46,245.5,80,11.05,10.6,7,2.86,1,False,668.6,328,63.58,0,Low,High User
3111,PA,129,510,364-5126,no,yes,32,211.0,99,35.87,155.1,89,13.18,234.8,96,10.57,11.4,5,3.08,1,False,612.3000000000001,289,62.699999999999996,0,Low,High User
3112,AR,115,415,385-7157,no,no,0,139.3,89,23.68,192.3,95,16.35,151.0,75,6.8,9.3,3,2.51,7,True,491.90000000000003,262,49.339999999999996,1,High,Low User
3113,HI,108,415,385-4766,no,no,0,291.6,99,49.57,221.1,93,18.79,229.2,110,10.31,14.0,9,3.78,2,True,755.9000000000001,311,82.45,1,Medium,High User
3114,DE,139,408,390-1760,no,no,0,139.0,110,23.63,132.9,93,11.3,272.0,120,12.24,12.1,1,3.27,0,False,556.0,324,50.440000000000005,0,Low,Medium User
3115,WV,102,408,365-8831,no,no,0,234.8,125,39.92,199.2,99,16.93,163.2,88,7.34,10.0,1,2.7,4,False,607.2,313,66.89,0,High,High User
3116,OK,149,408,353-4002,no,no,0,187.6,83,31.89,201.4,81,17.12,264.2,79,11.89,8.8,1,2.38,1,False,662.0,244,63.28000000000001,0,Low,High User
3117,OR,113,415,367-5923,no,no,0,159.8,143,27.17,210.1,93,17.86,175.1,86,7.88,13.1,7,3.54,2,False,558.1,329,56.45,0,Medium,Medium User
3118,ND,131,408,393-9548,no,yes,33,177.1,100,30.11,194.0,85,16.49,253.4,124,11.4,5.2,5,1.4,1,False,629.7,314,59.39999999999999,0,Low,High User
3119,MO,83,408,362-2356,no,no,0,117.9,101,20.04,160.4,92,13.63,235.3,150,10.59,11.4,10,3.08,0,False,525.0,353,47.34,0,Low,Medium User
3120,AR,96,415,365-2341,no,yes,21,247.6,95,42.09,256.3,150,21.79,158.6,72,7.14,10.8,6,2.92,2,False,673.3,323,73.94,0,Medium,High User
3121,GA,98,408,388-8797,no,no,0,169.9,77,28.88,138.3,155,11.76,142.6,105,6.42,8.5,7,2.3,1,False,459.30000000000007,344,49.36,0,Low,Low User
3122,TN,3,415,400-4713,no,no,0,185.0,120,31.45,203.7,129,17.31,170.5,89,7.67,14.1,3,3.81,3,False,573.3000000000001,341,60.24,0,Medium,Medium User
3123,MA,77,408,420-3042,no,yes,17,204.9,84,34.83,201.0,102,17.09,219.7,97,9.89,11.3,5,3.05,0,False,636.8999999999999,288,64.86,0,Low,High User
3124,ND,75,408,396-4171,no,yes,24,225.5,119,38.34,182.0,108,15.47,270.9,106,12.19,9.4,2,2.54,3,False,687.8,335,68.54,0,Medium,High User
3125,IA,40,510,389-8417,no,no,0,169.7,115,28.85,141.4,123,12.02,253.0,115,11.39,10.5,3,2.84,4,True,574.6,356,55.10000000000001,1,High,Medium User
3126,NJ,108,415,339-4068,no,no,0,239.3,102,40.68,223.4,127,18.99,251.4,104,11.31,10.6,6,2.86,0,False,724.7,339,73.84,0,Low,High User
3127,MT,100,415,341-4873,no,no,0,113.3,96,19.26,197.9,89,16.82,284.5,93,12.8,11.7,2,3.16,4,True,607.4000000000001,280,52.03999999999999,1,High,High User
3128,AL,16,415,336-2322,no,no,0,161.9,100,27.52,230.1,138,19.56,148.8,78,6.7,10.2,11,2.75,3,False,551.0,327,56.53,0,Medium,Medium User
3129,NY,115,510,402-1607,no,yes,16,133.3,110,22.66,185.7,111,15.78,161.5,113,7.27,5.6,4,1.51,2,False,486.1,338,47.21999999999999,0,Medium,Low User
3130,PA,108,510,379-3037,no,yes,25,170.7,88,29.02,109.9,113,9.34,165.7,99,7.46,8.7,1,2.35,3,False,455.0,301,48.17,0,Medium,Low User
3131,VT,107,510,382-1399,no,no,0,189.7,76,32.25,156.1,65,13.27,244.0,91,10.98,8.3,3,2.24,5,False,598.0999999999999,235,58.74,0,High,Medium User
3132,NC,161,415,394-5489,no,no,0,322.3,100,54.79,230.4,135,19.58,241.5,104,10.87,7.8,5,2.11,2,True,802.0,344,87.35000000000001,1,Medium,High User
3133,CT,147,415,387-6065,no,no,0,124.4,74,21.15,320.9,78,27.28,157.2,126,7.07,10.4,4,2.81,2,False,612.9,282,58.31,0,Medium,High User
3134,MO,107,415,327-6087,no,no,0,146.9,94,24.97,114.3,111,9.72,114.5,97,5.15,11.4,5,3.08,3,False,387.09999999999997,307,42.919999999999995,0,Medium,Low User
3135,WV,120,510,341-8667,no,no,0,192.6,123,32.74,206.4,105,17.54,283.2,93,12.74,10.8,3,2.92,1,False,693.0,324,65.94,0,Low,High User
3136,NJ,107,408,338-9612,no,yes,36,96.3,83,16.37,179.6,91,15.27,166.3,121,7.48,10.3,2,2.78,1,False,452.5,297,41.900000000000006,0,Low,Low User
3137,AK,58,510,364-1134,no,no,0,131.9,96,22.42,167.6,107,14.25,205.9,106,9.27,14.7,5,3.97,3,False,520.1,314,49.91,0,Medium,Medium User
3138,LA,91,408,413-4811,no,no,0,147.2,121,25.02,175.2,87,14.89,136.3,80,6.13,13.3,3,3.59,2,False,472.0,291,49.629999999999995,0,Medium,Low User
3139,AL,13,415,354-4333,no,no,0,143.1,139,24.33,239.6,88,20.37,221.7,123,9.98,7.1,5,1.92,2,False,611.5,355,56.60000000000001,0,Medium,High User
3140,IN,104,408,382-2026,no,no,0,280.4,127,47.67,179.4,79,15.25,150.6,77,6.78,15.2,6,4.1,5,False,625.6,289,73.8,0,High,High User
3141,MA,93,415,368-3287,no,yes,31,237.2,85,40.32,213.1,100,18.11,192.7,87,8.67,10.7,4,2.89,1,False,653.7,276,69.99,0,Low,High User
3142,DE,95,510,367-8298,no,no,0,184.2,95,31.31,181.6,101,15.44,143.4,113,6.45,12.8,4,3.46,2,False,521.9999999999999,313,56.660000000000004,0,Medium,Medium User
3143,SC,104,415,391-1783,no,no,0,109.1,141,18.55,187.1,140,15.9,216.6,100,9.75,10.0,4,2.7,3,False,522.8,385,46.900000000000006,0,Medium,Medium User
3144,NH,35,408,393-8762,no,no,0,138.1,115,23.48,158.2,82,13.45,215.7,118,9.71,10.3,2,2.78,5,True,522.3,317,49.42,1,High,Medium User
3145,LA,62,415,385-1423,no,no,0,186.8,94,31.76,207.6,92,17.65,195.0,98,8.78,8.8,4,2.38,3,False,598.1999999999999,288,60.57,0,Medium,Medium User
3146,MS,143,510,406-7670,no,no,0,155.4,112,26.42,290.9,92,24.73,228.4,91,10.28,13.9,5,3.75,1,False,688.5999999999999,300,65.18,0,Low,High User
3147,NM,62,415,339-5423,no,no,0,245.3,91,41.7,122.9,130,10.45,228.4,102,10.28,8.5,4,2.3,4,False,605.1,327,64.73,0,High,High User
3148,WA,60,415,366-8939,yes,no,0,205.9,97,35.0,277.4,117,23.58,202.0,139,9.09,11.0,2,2.97,0,True,696.3,355,70.64,1,Low,High User
3149,SC,41,510,353-2391,no,no,0,207.2,138,35.22,214.1,83,18.2,193.0,105,8.69,11.9,4,3.21,1,False,626.1999999999999,330,65.32,0,Low,High User
3150,MT,34,415,372-4203,no,yes,14,151.5,100,25.76,248.7,126,21.14,199.8,120,8.99,10.7,5,2.89,2,False,610.7,351,58.78000000000001,0,Medium,High User
3151,ME,56,408,385-5688,no,no,0,221.9,112,37.72,278.2,122,23.65,288.1,85,12.96,7.1,5,1.92,0,True,795.3000000000001,324,76.25,1,Low,High User
3152,NM,183,415,397-7453,no,no,0,190.0,100,32.3,246.6,78,20.96,304.2,107,13.69,9.5,4,2.57,1,False,750.3,289,69.52,0,Low,High User
3153,AZ,94,415,366-9015,no,no,0,220.8,111,37.54,156.2,67,13.28,187.9,89,8.46,10.5,4,2.84,2,False,575.4,271,62.120000000000005,0,Medium,Medium User
3154,CT,73,415,356-1654,no,yes,47,173.7,117,29.53,204.0,114,17.34,174.6,94,7.86,6.3,3,1.7,2,False,558.5999999999999,328,56.43000000000001,0,Medium,Medium User
3155,IL,123,408,337-3932,no,no,0,114.8,94,19.52,150.0,104,12.75,268.6,119,12.09,9.6,4,2.59,2,False,543.0000000000001,321,46.95,0,Medium,Medium User
3156,IN,64,408,350-1126,no,no,0,113.8,97,19.35,192.3,97,16.35,214.9,89,9.67,10.4,1,2.81,3,False,531.4,284,48.18000000000001,0,Medium,Medium User
3157,AR,127,415,416-3649,yes,no,0,143.2,60,24.34,179.5,159,15.26,171.8,122,7.73,6.2,4,1.67,4,True,500.7,345,49.0,1,High,Medium User
3158,RI,33,415,349-1726,no,no,0,184.4,111,31.35,203.8,110,17.32,237.4,100,10.68,9.3,5,2.51,3,False,634.9,326,61.86,0,Medium,High User
3159,ND,27,415,405-1589,no,no,0,227.4,67,38.66,248.0,115,21.08,61.4,109,2.76,7.8,6,2.11,1,False,544.5999999999999,297,64.61,0,Low,Medium User
3160,NH,123,408,366-7560,no,no,0,224.0,99,38.08,210.7,80,17.91,231.9,75,10.44,2.1,5,0.57,0,False,668.7,259,66.99999999999999,0,Low,High User
3161,NV,148,510,333-9643,no,no,0,216.2,95,36.75,185.7,105,15.78,300.0,143,13.5,10.0,5,2.7,2,False,711.9,348,68.73,0,Medium,High User
3162,UT,81,415,355-6422,no,no,0,129.9,121,22.08,230.1,105,19.56,140.5,123,6.32,13.3,3,3.59,0,False,513.8,352,51.55,0,Low,Medium User
3163,NC,122,510,329-5400,no,yes,30,230.1,108,39.12,287.6,76,24.45,177.1,85,7.97,6.9,3,1.86,2,False,701.7,272,73.39999999999999,0,Medium,High User
3164,MI,52,415,383-6356,no,no,0,204.4,97,34.75,273.2,128,23.22,179.6,118,8.08,11.0,5,2.97,1,False,668.2,348,69.02,0,Low,High User
3165,WI,91,408,377-7276,no,yes,44,216.6,101,36.82,173.1,98,14.71,242.1,95,10.89,9.1,3,2.46,1,False,640.9,297,64.88,0,Low,High User
3166,AR,54,415,337-1586,no,no,0,247.5,85,42.08,225.4,93,19.16,244.3,132,10.99,10.2,2,2.75,2,True,727.4000000000001,312,74.97999999999999,1,Medium,High User
3167,NH,152,510,336-9273,no,no,0,228.1,93,38.78,136.4,106,11.59,197.3,107,8.88,9.0,2,2.43,1,False,570.8,308,61.68000000000001,0,Low,Medium User
3168,TX,201,415,415-5476,no,no,0,225.9,110,38.4,299.1,86,25.42,251.3,81,11.31,11.2,4,3.02,1,True,787.5,281,78.14999999999999,1,Low,High User
3169,ID,78,415,332-2650,no,no,0,103.5,115,17.6,117.9,102,10.02,201.0,94,9.05,12.0,3,3.24,4,True,434.4,314,39.910000000000004,1,High,Low User
3170,CT,67,415,418-8257,no,no,0,115.5,70,19.64,252.2,143,21.44,208.9,91,9.4,7.5,6,2.03,0,False,584.1,310,52.51,0,Low,Medium User
3171,NH,100,408,407-3121,no,no,0,218.8,125,37.2,148.3,102,12.61,277.8,97,12.5,9.7,6,2.62,1,False,654.6000000000001,330,64.93,0,Low,High User
3172,WY,41,510,381-2413,no,no,0,223.8,67,38.05,244.8,74,20.81,223.8,156,10.07,12.3,5,3.32,3,False,704.7,302,72.25,0,Medium,High User
3173,OR,133,415,378-1144,no,no,0,143.8,71,24.45,184.0,131,15.64,275.5,132,12.4,12.9,4,3.48,3,False,616.1999999999999,338,55.97,0,Medium,High User
3174,SC,36,408,359-5091,no,yes,43,29.9,123,5.08,129.1,117,10.97,325.9,105,14.67,8.6,6,2.32,2,False,493.5,351,33.04,0,Medium,Low User
3175,MD,51,510,378-6986,no,yes,28,276.7,121,47.04,203.7,99,17.31,246.2,88,11.08,8.3,3,2.24,0,False,734.8999999999999,311,77.66999999999999,0,Low,High User
3176,NY,122,415,386-6580,no,no,0,141.4,128,24.04,146.4,70,12.44,123.0,75,5.54,8.1,4,2.19,0,False,418.90000000000003,277,44.209999999999994,0,Low,Low User
3177,NM,84,408,419-9713,no,yes,41,153.9,102,26.16,140.7,117,11.96,217.7,101,9.8,12.8,5,3.46,1,False,525.0999999999999,325,51.38,0,Low,Medium User
3178,LA,91,415,382-6153,no,no,0,190.5,128,32.39,205.5,103,17.47,130.7,63,5.88,13.8,5,3.73,0,False,540.5,299,59.47,0,Low,Medium User
3179,UT,110,408,332-1690,no,no,0,192.6,102,32.74,178.9,118,15.21,214.6,74,9.66,9.4,4,2.54,1,False,595.5,298,60.15,0,Low,Medium User
3180,AL,91,408,348-9383,yes,no,0,151.8,115,25.81,103.6,116,8.81,156.3,86,7.03,12.2,4,3.29,1,False,423.90000000000003,321,44.94,0,Low,Low User
3181,DE,121,408,420-3857,no,no,0,215.6,74,36.65,192.9,98,16.4,144.0,103,6.48,10.1,4,2.73,5,False,562.6,279,62.26,0,High,Medium User
3182,WV,109,415,405-2653,no,no,0,180.0,100,30.6,229.0,103,19.47,139.4,105,6.27,7.8,8,2.11,3,False,556.1999999999999,316,58.45,0,Medium,Medium User
3183,KY,95,510,417-9278,no,no,0,157.3,116,26.74,197.5,77,16.79,128.2,111,5.77,8.4,4,2.27,2,False,491.4,308,51.57,0,Medium,Low User
3184,NC,72,415,352-5663,no,no,0,196.5,88,33.41,158.6,129,13.48,269.3,118,12.12,6.8,3,1.84,0,False,631.2,338,60.85,0,Low,High User
3185,WV,73,415,370-8786,no,no,0,240.3,130,40.85,162.5,83,13.81,231.9,136,10.44,11.9,3,3.21,0,False,646.6,352,68.31,0,Low,High User
3186,AZ,108,415,415-6333,no,no,0,193.3,126,32.86,154.7,85,13.15,174.8,98,7.87,9.4,6,2.54,3,False,532.1999999999999,315,56.419999999999995,0,Medium,Medium User
3187,WV,58,408,391-6558,no,yes,39,211.9,40,36.02,274.4,76,23.32,210.5,139,9.47,5.4,4,1.46,1,False,702.1999999999999,259,70.27,0,Low,High User
3188,ND,148,415,396-4234,yes,no,0,218.7,111,37.18,155.6,133,13.23,277.4,62,12.48,8.2,5,2.21,1,False,659.9,311,65.1,0,Low,High User
3189,WA,76,510,345-6961,yes,no,0,246.8,110,41.96,206.3,63,17.54,208.4,123,9.38,13.2,5,3.56,0,True,674.7,301,72.44,1,Low,High User
3190,ID,103,415,346-5992,no,no,0,174.7,151,29.7,148.0,56,12.58,168.2,109,7.57,15.8,3,4.27,6,True,506.7,319,54.120000000000005,1,High,Medium User
3191,CT,87,415,402-3908,no,no,0,240.0,83,40.8,134.1,106,11.4,189.1,84,8.51,9.3,2,2.51,0,True,572.5,275,63.21999999999999,1,Low,Medium User
3192,OK,35,510,350-2340,no,yes,37,181.2,76,30.8,177.6,98,15.1,228.0,136,10.26,5.0,3,1.35,2,False,591.8,313,57.51,0,Medium,Medium User
3193,IA,88,415,410-2015,no,no,0,113.7,67,19.33,165.1,127,14.03,141.5,142,6.37,10.8,3,2.92,1,False,431.1,339,42.65,0,Low,Low User
3194,NE,67,415,380-3311,no,yes,41,174.7,86,29.7,160.6,93,13.65,155.3,108,6.99,13.4,1,3.62,0,False,503.99999999999994,288,53.96,0,Low,Medium User
3195,ID,77,510,399-7029,no,yes,29,211.1,89,35.89,223.5,97,19.0,148.4,106,6.68,9.7,9,2.62,2,False,592.7,301,64.19,0,Medium,Medium User
3196,OR,124,510,337-3868,no,no,0,169.3,108,28.78,178.6,91,15.18,242.3,82,10.9,12.2,3,3.29,1,False,602.4000000000001,284,58.15,0,Low,High User
3197,SD,30,415,354-8088,no,no,0,247.4,107,42.06,175.9,76,14.95,287.4,90,12.93,11.3,2,3.05,0,False,722.0,275,72.99,0,Low,High User
3198,DE,53,415,416-9723,no,yes,32,131.2,63,22.3,227.4,125,19.33,178.9,105,8.05,12.8,2,3.46,2,False,550.3,295,53.13999999999999,0,Medium,Medium User
3199,WA,152,510,337-4403,no,no,0,161.4,84,27.44,163.6,88,13.91,153.2,121,6.89,11.8,5,3.19,1,False,490.0,298,51.43,0,Low,Low User
3200,CT,100,510,416-1536,yes,no,0,107.2,98,18.22,86.8,122,7.38,156.2,117,7.03,9.7,4,2.62,1,False,359.9,341,35.24999999999999,0,Low,Low User
3201,MN,59,408,386-3796,no,yes,32,211.9,120,36.02,202.9,136,17.25,213.5,95,9.61,8.8,5,2.38,1,False,637.0999999999999,356,65.26,0,Low,High User
3202,WA,143,510,340-4989,no,no,0,160.4,120,27.27,285.9,104,24.3,182.5,85,8.21,6.9,4,1.86,3,False,635.6999999999999,313,61.64,0,Medium,High User
3203,PA,142,510,340-6221,no,yes,40,230.7,101,39.22,256.8,88,21.83,263.9,92,11.88,6.4,3,1.73,1,False,757.8,284,74.66,0,Low,High User
3204,ID,105,408,363-3469,no,no,0,232.6,96,39.54,253.4,117,21.54,154.0,101,6.93,10.5,9,2.84,1,False,650.5,323,70.85,0,Low,High User
3205,MS,111,408,345-3787,no,no,0,294.7,90,50.1,294.6,72,25.04,260.1,121,11.7,10.8,3,2.92,1,True,860.1999999999999,286,89.76,1,Low,High User
3206,WA,143,510,362-3107,no,no,0,133.4,107,22.68,223.9,117,19.03,180.4,85,8.12,10.2,13,2.75,1,False,547.9000000000001,322,52.58,0,Low,Medium User
3207,DC,93,408,345-1994,no,yes,22,306.2,123,52.05,189.7,83,16.12,240.3,107,10.81,11.7,2,3.16,0,False,747.9000000000001,315,82.14,0,Low,High User
3208,KY,79,415,377-5417,no,no,0,236.8,135,40.26,186.4,87,15.84,126.9,112,5.71,10.4,5,2.81,2,False,560.5,339,64.61999999999999,0,Medium,Medium User
3209,OH,68,415,369-8574,yes,yes,24,125.7,92,21.37,275.9,98,23.45,214.5,108,9.65,14.2,6,3.83,3,True,630.3,304,58.3,1,Medium,High User
3210,TN,93,510,344-6847,yes,no,0,168.4,114,28.63,276.0,127,23.46,196.2,48,8.83,11.4,3,3.08,1,False,651.9999999999999,292,64.0,0,Low,High User
3211,ID,103,415,391-7528,no,no,0,70.9,134,12.05,134.5,112,11.43,168.8,164,7.6,12.0,6,3.24,2,False,386.20000000000005,416,34.32,0,Medium,Low User
3212,WV,144,510,393-6053,no,yes,38,105.0,86,17.85,121.8,123,10.35,221.5,122,9.97,3.7,4,1.0,0,False,452.0,335,39.17,0,Low,Low User
3213,WI,93,415,392-6286,no,no,0,152.1,141,25.86,215.5,107,18.32,262.4,111,11.81,12.0,7,3.24,1,False,642.0,366,59.230000000000004,0,Low,High User
3214,OK,149,510,365-9079,yes,no,0,180.9,79,30.75,194.9,83,16.57,197.8,109,8.9,8.8,9,2.38,3,False,582.4,280,58.6,0,Medium,Medium User
3215,WV,23,510,399-3089,no,yes,31,156.6,84,26.62,161.5,96,13.73,294.6,107,13.26,9.4,6,2.54,1,False,622.1,293,56.15,0,Low,High User
3216,SD,221,510,365-2192,no,yes,24,180.5,85,30.69,224.1,92,19.05,205.7,103,9.26,2.4,3,0.65,0,False,612.6999999999999,283,59.65,0,Low,High User
3217,KS,164,510,394-3051,no,yes,30,238.8,100,40.6,230.0,121,19.55,206.3,66,9.28,13.2,8,3.56,1,False,688.3000000000001,295,72.99000000000001,0,Low,High User
3218,NC,104,415,357-2429,no,yes,18,182.1,66,30.96,213.6,65,18.16,193.0,108,8.69,13.4,9,3.62,2,False,602.1,248,61.43,0,Medium,High User
3219,NY,150,415,421-6268,no,yes,35,139.6,72,23.73,332.8,170,28.29,213.8,105,9.62,8.8,2,2.38,2,False,695.0,349,64.02,0,Medium,High User
3220,WI,184,408,401-5915,no,yes,12,200.3,76,34.05,253.6,105,21.56,149.3,93,6.72,10.2,5,2.75,0,False,613.4000000000001,279,65.08,0,Low,High User
3221,SC,88,408,348-6057,no,no,0,153.5,94,26.1,251.7,118,21.39,182.2,99,8.2,8.5,6,2.3,1,False,595.9,317,57.989999999999995,0,Low,Medium User
3222,UT,61,415,349-3843,yes,yes,29,128.2,119,21.79,171.7,83,14.59,250.9,114,11.29,11.7,6,3.16,3,False,562.5,322,50.83,0,Medium,Medium User
3223,NC,110,408,396-5561,no,no,0,159.5,145,27.12,202.3,101,17.2,256.0,96,11.52,16.7,2,4.51,2,False,634.5,344,60.35,0,Medium,High User
3224,IN,115,415,370-9622,no,no,0,226.4,101,38.49,276.8,60,23.53,213.4,82,9.6,12.3,4,3.32,3,True,728.9,247,74.94,1,Medium,High User
3225,AR,33,408,371-9602,no,no,0,251.9,81,42.82,194.6,96,16.54,211.2,87,9.5,8.4,3,2.27,2,False,666.1,267,71.13,0,Medium,High User
3226,ME,100,510,351-2815,no,no,0,264.5,117,44.97,194.0,111,16.49,262.7,111,11.82,7.5,4,2.03,2,True,728.7,343,75.31,1,Medium,High User
3227,NY,209,415,369-8703,no,no,0,153.7,105,26.13,188.6,87,16.03,200.8,95,9.04,10.7,2,2.89,0,False,553.8,289,54.089999999999996,0,Low,Medium User
3228,OR,27,510,355-2840,no,no,0,232.1,81,39.46,210.8,101,17.92,165.4,87,7.44,15.0,6,4.05,5,False,623.3,275,68.87,0,High,High User
3229,IL,117,415,372-1115,no,no,0,201.9,86,34.32,212.3,96,18.05,176.9,98,7.96,7.8,10,2.11,1,False,598.9,290,62.440000000000005,0,Low,Medium User
3230,MA,87,408,337-2986,no,no,0,186.9,79,31.77,182.6,105,15.52,143.1,90,6.44,4.2,14,1.13,1,False,516.8000000000001,288,54.86,0,Low,Medium User
3231,CT,129,510,404-3238,no,yes,27,196.6,89,33.42,180.6,95,15.35,245.0,83,11.03,6.6,5,1.78,1,False,628.8000000000001,272,61.580000000000005,0,Low,High User
3232,WI,142,510,397-4968,no,no,0,232.1,102,39.46,168.2,110,14.3,197.3,120,8.88,9.9,3,2.67,1,False,607.4999999999999,335,65.31,0,Low,High User
3233,OK,112,415,327-1058,no,no,0,166.0,79,28.22,74.6,100,6.34,247.9,74,11.16,6.3,7,1.7,0,False,494.8,260,47.42,0,Low,Low User
3234,DE,75,510,419-9509,no,yes,28,200.6,96,34.1,164.1,111,13.95,169.6,153,7.63,2.5,5,0.68,1,False,536.8,365,56.36,0,Low,Medium User
3235,AZ,97,408,349-7282,no,yes,25,141.0,101,23.97,212.0,85,18.02,175.2,138,7.88,4.9,2,1.32,3,False,533.1,326,51.19,0,Medium,Medium User
3236,AK,121,408,382-5743,no,yes,34,245.0,95,41.65,216.9,66,18.44,112.4,125,5.06,7.5,8,2.03,0,False,581.8,294,67.18,0,Low,Medium User
3237,MI,142,415,358-2694,yes,no,0,140.8,140,23.94,228.6,119,19.43,152.9,88,6.88,10.9,7,2.94,1,False,533.1999999999999,354,53.190000000000005,0,Low,Medium User
3238,WA,121,510,378-1884,no,no,0,255.1,93,43.37,266.9,97,22.69,197.7,118,8.9,8.8,3,2.38,3,True,728.5,311,77.34,1,Medium,High User
3239,SD,87,415,330-1627,no,yes,33,125.0,99,21.25,235.3,81,20.0,215.3,95,9.69,10.2,7,2.75,2,False,585.8000000000001,282,53.69,0,Medium,Medium User
3240,SD,34,408,392-5716,no,no,0,180.6,65,30.7,280.4,99,23.83,292.4,105,13.16,5.0,3,1.35,1,False,758.4,272,69.03999999999999,0,Low,High User
3241,AK,177,415,384-6132,yes,no,0,248.7,118,42.28,172.3,73,14.65,191.9,87,8.64,11.3,2,3.05,1,True,624.1999999999999,280,68.61999999999999,1,Low,High User
3242,MA,58,415,359-2740,no,yes,30,178.1,111,30.28,236.7,109,20.12,264.0,118,11.88,8.4,2,2.27,0,False,687.1999999999999,340,64.55000000000001,0,Low,High User
3243,AR,113,415,338-6714,yes,no,0,122.2,112,20.77,131.7,94,11.19,169.5,106,7.63,10.3,9,2.78,5,True,433.7,321,42.370000000000005,1,High,Low User
3244,KS,101,415,347-9968,no,no,0,231.3,87,39.32,224.7,88,19.1,214.6,69,9.66,7.2,7,1.94,1,False,677.8000000000001,251,70.02,0,Low,High User
3245,OR,89,415,343-3399,no,no,0,111.2,101,18.9,122.1,94,10.38,180.8,85,8.14,12.6,2,3.4,3,False,426.70000000000005,282,40.82,0,Medium,Low User
3246,NC,77,408,334-6129,yes,yes,44,103.2,117,17.54,236.3,86,20.09,203.5,101,9.16,11.9,2,3.21,0,True,554.9,306,49.99999999999999,1,Low,Medium User
3247,OK,146,510,377-4975,no,no,0,138.4,104,23.53,158.9,122,13.51,47.4,73,2.13,3.9,9,1.05,4,True,348.59999999999997,308,40.22,1,High,Low User
3248,NJ,93,415,405-3533,no,no,0,146.3,85,24.87,216.6,95,18.41,233.0,82,10.49,11.5,3,3.11,0,False,607.4,265,56.88,0,Low,High User
3249,OH,160,415,337-9326,no,no,0,206.3,66,35.07,241.1,109,20.49,227.8,102,10.25,11.7,6,3.16,0,False,686.9000000000001,283,68.97,0,Low,High User
3250,NM,55,415,338-6556,no,no,0,132.0,103,22.44,279.6,114,23.77,180.0,74,8.1,13.5,4,3.65,0,False,605.1,295,57.96,0,Low,High User
3251,OH,88,408,354-3040,no,no,0,274.6,105,46.68,161.1,121,13.69,194.4,123,8.75,9.2,4,2.48,2,False,639.3000000000001,353,71.60000000000001,0,Medium,High User
3252,MI,63,510,396-1278,no,no,0,185.3,87,31.5,225.3,87,19.15,194.3,93,8.74,11.7,3,3.16,0,False,616.6000000000001,270,62.55,0,Low,High User
3253,KS,127,415,354-6810,no,yes,24,154.8,69,26.32,177.2,105,15.06,207.6,102,9.34,9.0,4,2.43,1,False,548.6,280,53.15,0,Low,Medium User
3254,IL,57,415,403-6237,no,yes,30,179.2,105,30.46,283.2,83,24.07,228.1,77,10.26,14.7,5,3.97,1,False,705.2,270,68.76,0,Low,High User
3255,RI,138,510,411-6823,yes,no,0,286.2,61,48.65,187.2,60,15.91,146.2,114,6.58,11.0,4,2.97,2,True,630.5999999999999,239,74.11,1,Medium,High User
3256,AR,115,408,338-1400,no,no,0,268.0,115,45.56,153.6,106,13.06,232.3,65,10.45,17.0,1,4.59,3,False,670.9000000000001,287,73.66000000000001,0,Medium,High User
3257,NY,171,415,412-6245,no,no,0,137.5,110,23.38,198.1,109,16.84,292.7,131,13.17,13.3,5,3.59,2,False,641.5999999999999,355,56.980000000000004,0,Medium,High User
3258,WY,148,408,377-3417,no,no,0,243.0,115,41.31,191.8,91,16.3,117.8,93,5.3,13.4,5,3.62,2,False,566.0,304,66.53,0,Medium,Medium User
3259,NC,127,510,343-2597,no,no,0,134.9,79,22.93,221.5,114,18.83,113.8,118,5.12,15.0,2,4.05,1,False,485.2,313,50.92999999999999,0,Low,Low User
3260,OR,61,415,388-8282,no,no,0,234.2,76,39.81,216.7,108,18.42,130.6,122,5.88,13.9,2,3.75,1,False,595.4,308,67.86,0,Low,Medium User
3261,VT,131,415,416-8394,no,no,0,175.1,73,29.77,171.9,116,14.61,131.1,94,5.9,7.3,6,1.97,1,False,485.40000000000003,289,52.24999999999999,0,Low,Low User
3262,SD,88,408,343-6643,no,no,0,142.2,107,24.17,262.4,84,22.3,139.2,99,6.26,10.1,5,2.73,1,False,553.9,295,55.459999999999994,0,Low,Medium User
3263,DC,130,510,330-4364,no,no,0,132.4,81,22.51,200.3,110,17.03,202.5,103,9.11,6.0,1,1.62,2,False,541.2,295,50.27,0,Medium,Medium User
3264,RI,89,415,414-1537,no,yes,24,97.8,98,16.63,207.2,67,17.61,214.5,126,9.65,5.9,2,1.59,0,False,525.4,293,45.48,0,Low,Medium User
3265,ID,82,415,408-1913,no,no,0,266.9,83,45.37,229.7,74,19.52,251.7,99,11.33,11.0,6,2.97,3,True,759.3,262,79.19,1,Medium,High User
3266,OK,138,510,406-5532,no,yes,33,155.2,139,26.38,268.3,79,22.81,186.4,71,8.39,9.7,4,2.62,3,False,619.6,293,60.199999999999996,0,Medium,High User
3267,MN,115,415,417-7722,no,no,0,200.2,92,34.03,244.9,107,20.82,190.9,96,8.59,8.8,3,2.38,1,False,644.8,298,65.82,0,Low,High User
3268,WA,84,415,367-5226,no,no,0,289.1,100,49.15,233.8,97,19.87,223.5,148,10.06,12.7,2,3.43,2,True,759.1000000000001,347,82.51,1,Medium,High User
3269,WV,117,510,344-5766,yes,no,0,198.4,121,33.73,249.5,104,21.21,162.8,115,7.33,10.5,5,2.84,1,False,621.2,345,65.11,0,Low,High User
3270,NH,60,415,405-1370,no,no,0,180.3,67,30.65,208.0,68,17.68,181.2,101,8.15,12.8,6,3.46,2,False,582.3,242,59.94,0,Medium,Medium User
3271,WI,62,415,368-9073,no,no,0,86.3,84,14.67,238.7,99,20.29,238.4,79,10.73,12.5,1,3.38,2,False,575.9,263,49.07,0,Medium,Medium User
3272,MD,133,510,373-7974,no,no,0,295.0,141,50.15,223.6,101,19.01,229.4,109,10.32,12.9,4,3.48,2,True,760.9,355,82.96,1,Medium,High User
3273,IN,131,408,371-4633,no,no,0,240.9,108,40.95,167.4,91,14.23,322.2,109,14.5,14.7,8,3.97,3,False,745.2,316,73.65,0,Medium,High User
3274,IN,65,408,336-4960,no,no,0,207.7,109,35.31,217.5,117,18.49,125.6,111,5.65,8.0,5,2.16,1,False,558.8,342,61.61,0,Low,Medium User
3275,NY,120,510,405-5083,no,yes,27,128.5,115,21.85,163.7,91,13.91,242.9,121,10.93,0.0,0,0.0,1,False,535.1,327,46.690000000000005,0,Low,Medium User
3276,OR,142,510,392-1105,no,yes,22,224.4,114,38.15,146.0,106,12.41,241.4,98,10.86,8.8,2,2.38,1,False,620.5999999999999,320,63.800000000000004,0,Low,High User
3277,OK,134,415,378-2397,no,no,0,164.9,115,28.03,126.5,96,10.75,238.5,125,10.73,10.0,9,2.7,2,False,539.9,345,52.21000000000001,0,Medium,Medium User
3278,WI,87,415,331-4184,no,no,0,238.0,97,40.46,164.5,97,13.98,282.5,132,12.71,10.6,6,2.86,2,False,695.6,332,70.01,0,Medium,High User
3279,NJ,139,415,376-2408,no,yes,43,231.0,85,39.27,222.3,82,18.9,148.0,105,6.66,8.3,5,2.24,2,False,609.5999999999999,277,67.07,0,Medium,High User
3280,AR,76,408,345-3614,no,no,0,107.3,140,18.24,238.2,133,20.25,271.8,116,12.23,10.0,3,2.7,4,True,627.3,392,53.42,1,High,High User
3281,UT,100,408,370-9296,no,no,0,185.0,122,31.45,182.5,92,15.51,274.9,92,12.37,5.1,8,1.38,1,False,647.5,314,60.71,0,Low,High User
3282,DC,99,415,402-5076,no,yes,31,244.1,71,41.5,203.4,58,17.29,234.0,115,10.53,7.7,4,2.08,3,False,689.2,248,71.39999999999999,0,Medium,High User
3283,AK,99,510,401-7334,no,no,0,238.4,96,40.53,246.5,130,20.95,198.4,117,8.93,12.4,4,3.35,3,False,695.6999999999999,347,73.75999999999999,0,Medium,High User
3284,AZ,48,415,409-3428,no,yes,27,141.1,109,23.99,224.7,94,19.1,174.3,122,7.84,13.2,2,3.56,1,False,553.3,327,54.49000000000001,0,Low,Medium User
3285,KS,57,415,362-2067,no,no,0,158.1,117,26.88,115.2,149,9.79,182.4,92,8.21,11.8,7,3.19,0,False,467.50000000000006,365,48.07,0,Low,Low User
3286,OH,106,415,352-2270,no,yes,30,220.1,105,37.42,222.2,109,18.89,158.4,96,7.13,13.1,8,3.54,0,False,613.8,318,66.98,0,Low,High User
3287,KS,170,415,404-5840,no,yes,42,199.5,119,33.92,135.0,90,11.48,184.6,49,8.31,10.9,3,2.94,4,True,530.0,261,56.650000000000006,1,High,Medium User
3288,SC,78,415,360-3126,no,no,0,109.5,105,18.62,286.1,90,24.32,247.6,113,11.14,4.9,9,1.32,1,False,648.1,317,55.4,0,Low,High User
3289,TN,39,408,364-8731,no,no,0,187.2,110,31.82,114.7,116,9.75,104.7,83,4.71,13.2,5,3.56,1,False,419.79999999999995,314,49.84,0,Low,Low User
3290,CA,127,510,388-4331,no,no,0,107.9,128,18.34,187.0,77,15.9,218.5,95,9.83,0.0,0,0.0,0,False,513.4,300,44.07,0,Low,Medium User
3291,MI,119,510,335-7324,yes,yes,22,172.1,119,29.26,223.6,133,19.01,150.0,94,6.75,13.9,20,3.75,1,True,559.6,366,58.77,1,Low,Medium User
3292,IN,114,408,362-8886,no,no,0,203.8,85,34.65,87.8,110,7.46,166.2,122,7.48,11.7,4,3.16,1,False,469.5,321,52.75,0,Low,Low User
3293,RI,95,408,410-4882,no,no,0,160.0,133,27.2,215.3,98,18.3,188.9,87,8.5,9.1,4,2.46,0,False,573.3000000000001,322,56.46,0,Low,Medium User
3294,MO,116,408,371-1139,no,no,0,51.1,106,8.69,208.6,137,17.73,198.0,92,8.91,12.3,3,3.32,1,False,470.0,338,38.65,0,Low,Low User
3295,TN,110,415,391-5516,no,no,0,227.7,88,38.71,170.0,96,14.45,128.7,57,5.79,11.7,5,3.16,1,False,538.1,246,62.11,0,Low,Medium User
3296,CT,74,510,380-3186,no,no,0,203.8,77,34.65,205.1,111,17.43,154.9,109,6.97,9.0,2,2.43,1,False,572.8,299,61.48,0,Low,Medium User
3297,ME,148,408,347-9995,no,yes,33,241.7,84,41.09,165.8,84,14.09,160.6,80,7.23,11.3,3,3.05,1,False,579.4,251,65.46000000000001,0,Low,Medium User
3298,MD,83,510,340-9013,no,no,0,78.1,70,13.28,239.3,115,20.34,144.4,112,6.5,12.3,4,3.32,1,False,474.09999999999997,301,43.44,0,Low,Low User
3299,NC,73,408,362-8378,no,no,0,187.8,95,31.93,149.2,143,12.68,201.4,113,9.06,11.0,4,2.97,2,False,549.4,355,56.64,0,Medium,Medium User
3300,SC,111,415,418-8969,no,yes,21,127.1,94,21.61,228.3,116,19.41,166.7,108,7.5,7.1,3,1.92,1,False,529.1999999999999,321,50.44,0,Low,Medium User
3301,CA,84,415,417-1488,no,no,0,280.0,113,47.6,202.2,90,17.19,156.8,103,7.06,10.4,4,2.81,0,True,649.4,310,74.66000000000001,1,Low,High User
3302,LA,75,510,358-9898,yes,no,0,153.2,78,26.04,210.8,99,17.92,153.5,100,6.91,7.8,3,2.11,1,False,525.3,280,52.980000000000004,0,Low,Medium User
3303,WI,114,415,373-7308,no,yes,26,137.1,88,23.31,155.7,125,13.23,247.6,94,11.14,11.5,7,3.11,2,False,551.9,314,50.79,0,Medium,Medium User
3304,IL,71,510,330-7137,yes,no,0,186.1,114,31.64,198.6,140,16.88,206.5,80,9.29,13.8,5,3.73,4,True,605.0,339,61.53999999999999,1,High,High User
3305,IN,58,415,406-8445,no,yes,22,224.1,127,38.1,238.8,85,20.3,174.2,86,7.84,11.5,7,3.11,2,False,648.5999999999999,305,69.35000000000001,0,Medium,High User
3306,AL,106,408,404-5283,no,yes,29,83.6,131,14.21,203.9,131,17.33,229.5,73,10.33,8.1,3,2.19,1,False,525.1,338,44.059999999999995,0,Low,Medium User
3307,OK,172,408,398-3632,no,no,0,203.9,109,34.66,234.0,123,19.89,160.7,65,7.23,17.8,4,4.81,4,False,616.3999999999999,301,66.59,0,High,High User
3308,IA,45,415,399-5763,no,no,0,211.3,87,35.92,165.7,97,14.08,265.9,72,11.97,13.3,6,3.59,1,False,656.1999999999999,262,65.56,0,Low,High User
3309,VT,100,408,340-9449,yes,no,0,219.4,112,37.3,225.7,102,19.18,255.3,95,11.49,12.0,4,3.24,4,False,712.4000000000001,313,71.21,0,High,High User
3310,NY,94,415,363-1123,no,no,0,190.4,91,32.37,92.0,107,7.82,224.8,108,10.12,13.6,17,3.67,2,False,520.8,323,53.98,0,Medium,Medium User
3311,LA,128,415,361-2170,no,no,0,147.7,94,25.11,283.3,83,24.08,188.3,124,8.47,6.9,5,1.86,2,False,626.1999999999999,306,59.519999999999996,0,Medium,High User
3312,SC,181,408,406-6304,no,no,0,229.9,130,39.08,144.4,93,12.27,262.4,110,11.81,14.2,4,3.83,2,False,650.9000000000001,337,66.99,0,Medium,High User
3313,ID,127,408,392-5090,no,no,0,102.8,128,17.48,143.7,95,12.21,191.4,97,8.61,10.0,5,2.7,1,False,447.9,325,41.0,0,Low,Low User
3314,MO,89,415,373-7713,no,no,0,178.7,81,30.38,233.7,74,19.86,131.9,120,5.94,9.1,4,2.46,1,False,553.4,279,58.63999999999999,0,Low,Medium User
3315,ME,149,415,392-1376,no,yes,18,148.5,106,25.25,114.5,106,9.73,178.3,98,8.02,6.5,4,1.76,0,False,447.8,314,44.76,0,Low,Low User
3316,MS,103,510,390-6388,no,yes,29,164.1,111,27.9,219.1,96,18.62,220.3,108,9.91,12.3,9,3.32,0,False,615.8,324,59.74999999999999,0,Low,High User
3317,SD,163,415,379-7290,yes,no,0,197.2,90,33.52,188.5,113,16.02,211.1,94,9.5,7.8,8,2.11,1,False,604.5999999999999,305,61.150000000000006,0,Low,High User
3318,OK,52,415,397-9928,no,no,0,124.9,131,21.23,300.5,118,25.54,192.5,106,8.66,11.6,4,3.13,2,False,629.5,359,58.559999999999995,0,Medium,High User
3319,WY,89,415,378-6924,no,no,0,115.4,99,19.62,209.9,115,17.84,280.9,112,12.64,15.9,6,4.29,3,False,622.1,332,54.39,0,Medium,High User
3320,GA,122,510,411-5677,yes,no,0,140.0,101,23.8,196.4,77,16.69,120.1,133,5.4,9.7,4,2.62,4,True,466.2,315,48.51,1,High,Low User
3321,VT,60,415,400-2738,no,no,0,193.9,118,32.96,85.0,110,7.23,210.1,134,9.45,13.2,8,3.56,3,False,502.2,370,53.2,0,Medium,Medium User
3322,MD,62,408,409-1856,no,no,0,321.1,105,54.59,265.5,122,22.57,180.5,72,8.12,11.5,2,3.11,4,True,778.6,301,88.39,1,High,High User
3323,IN,117,415,362-5899,no,no,0,118.4,126,20.13,249.3,97,21.19,227.0,56,10.22,13.6,3,3.67,5,True,608.3000000000001,282,55.21,1,High,High User
3324,WV,159,415,377-1164,no,no,0,169.8,114,28.87,197.7,105,16.8,193.7,82,8.72,11.6,4,3.13,1,False,572.8000000000001,305,57.52,0,Low,Medium User
3325,OH,78,408,368-8555,no,no,0,193.4,99,32.88,116.9,88,9.94,243.3,109,10.95,9.3,4,2.51,2,False,562.9,300,56.279999999999994,0,Medium,Medium User
3326,OH,96,415,347-6812,no,no,0,106.6,128,18.12,284.8,87,24.21,178.9,92,8.05,14.9,7,4.02,1,False,585.1999999999999,314,54.39999999999999,0,Low,Medium User
3327,SC,79,415,348-3830,no,no,0,134.7,98,22.9,189.7,68,16.12,221.4,128,9.96,11.8,5,3.19,2,False,557.5999999999999,299,52.169999999999995,0,Medium,Medium User
3328,AZ,192,415,414-4276,no,yes,36,156.2,77,26.55,215.5,126,18.32,279.1,83,12.56,9.9,6,2.67,2,False,660.6999999999999,292,60.10000000000001,0,Medium,High User
3329,WV,68,415,370-3271,no,no,0,231.1,57,39.29,153.4,55,13.04,191.3,123,8.61,9.6,4,2.59,3,False,585.4,239,63.53,0,Medium,Medium User
3330,RI,28,510,328-8230,no,no,0,180.8,109,30.74,288.8,58,24.55,191.9,91,8.64,14.1,6,3.81,2,False,675.6,264,67.74,0,Medium,High User
3331,CT,184,510,364-6381,yes,no,0,213.8,105,36.35,159.6,84,13.57,139.2,137,6.26,5.0,10,1.35,2,False,517.5999999999999,336,57.53,0,Medium,Medium User
3332,TN,74,415,400-4344,no,yes,25,234.4,113,39.85,265.9,82,22.6,241.4,77,10.86,13.7,4,3.7,0,False,755.4,276,77.01,0,Low,High User
